Season,Stat Week,Stat Area,Processors,Number of Vessels,Whole Weight (sum),Number Of Crab,Effort (sum),CPUE
1990.00,3.00,685600.00,1.00,1.00,9080.00,6093.00,50.00,121.00
1990.00,3.00,685630.00,2.00,2.00,152343.00,112637.00,901.00,125.00
1990.00,3.00,695631.00,3.00,4.00,144215.00,109989.00,1305.00,84.00
1990.00,3.00,705701.00,1.00,1.00,35366.00,27415.00,400.00,68.00
1990.00,3.00,715630.00,5.00,6.00,493489.00,365537.00,2784.00,131.00
1990.00,3.00,715700.00,3.00,4.00,564557.00,454724.00,2550.00,178.00
1990.00,3.00,725630.00,2.00,2.00,221836.00,170348.00,1015.00,167.00
1990.00,4.00,685600.00,2.00,2.00,145262.00,83685.00,687.00,121.00
1990.00,4.00,685630.00,5.00,6.00,407115.00,288853.00,2145.00,134.00
1990.00,4.00,685700.00,1.00,1.00,31490.00,26242.00,572.00,45.00
1990.00,4.00,695600.00,1.00,1.00,56460.00,47050.00,450.00,104.00
1990.00,4.00,695631.00,5.00,6.00,196392.00,159264.00,1882.00,84.00
1990.00,4.00,705600.00,2.00,2.00,102222.00,74220.00,520.00,142.00
1990.00,4.00,705630.00,4.00,4.00,579185.00,453376.00,2135.00,212.00
1990.00,4.00,705701.00,1.00,1.00,54995.00,46644.00,460.00,101.00
1990.00,4.00,715630.00,15.00,19.00,1865429.00,1407634.00,7615.00,184.00
1990.00,4.00,715700.00,2.00,4.00,479450.00,385283.00,1717.00,224.00
1990.00,4.00,725630.00,6.00,5.00,926346.00,751387.00,3337.00,225.00
1990.00,4.00,725700.00,3.00,3.00,273379.00,212849.00,1169.00,182.00
1990.00,4.00,745930.00,1.00,1.00,65290.00,51440.00,700.00,73.00
1990.00,5.00,625600.00,1.00,1.00,13465.00,9974.00,225.00,44.00
1990.00,5.00,645600.00,1.00,1.00,22481.00,17293.00,1000.00,17.00
1990.00,5.00,665600.00,1.00,1.00,81974.00,68311.00,360.00,189.00
1990.00,5.00,675630.00,1.00,1.00,105969.00,66647.00,602.00,110.00
1990.00,5.00,685600.00,1.00,2.00,98416.00,83929.00,1380.00,60.00
1990.00,5.00,685630.00,7.00,7.00,321807.00,264477.00,4196.00,63.00
1990.00,5.00,695600.00,1.00,1.00,37410.00,30415.00,180.00,168.00
1990.00,5.00,695631.00,6.00,6.00,51579.00,40483.00,1387.00,29.00
1990.00,5.00,705600.00,1.00,1.00,11095.00,8099.00,700.00,11.00
1990.00,5.00,705630.00,6.00,7.00,417698.00,314748.00,4688.00,67.00
1990.00,5.00,705701.00,4.00,4.00,160504.00,108494.00,2223.00,48.00
1990.00,5.00,715600.00,1.00,1.00,83673.00,54688.00,375.00,145.00
1990.00,5.00,715630.00,11.00,13.00,1693326.00,1304483.00,7072.00,184.00
1990.00,5.00,715700.00,15.00,19.00,2257112.00,1724875.00,8604.00,200.00
1990.00,5.00,715730.00,2.00,2.00,101813.00,73269.00,634.00,115.00
1990.00,5.00,725630.00,3.00,3.00,270665.00,163333.00,1278.00,127.00
1990.00,5.00,725700.00,5.00,5.00,613777.00,474982.00,1727.00,275.00
1990.00,5.00,725730.00,3.00,3.00,225114.00,179742.00,690.00,260.00
1990.00,6.00,685630.00,7.00,8.00,717750.00,569523.00,3717.00,153.00
1990.00,6.00,695631.00,2.00,2.00,20195.00,15883.00,940.00,16.00
1990.00,6.00,695632.00,1.00,1.00,2239.00,1820.00,500.00,3.00
1990.00,6.00,695700.00,1.00,1.00,29690.00,24742.00,620.00,39.00
1990.00,6.00,695730.00,1.00,1.00,54472.00,43578.00,301.00,144.00
1990.00,6.00,705600.00,2.00,2.00,163836.00,136268.00,1175.00,115.00
1990.00,6.00,705630.00,4.00,4.00,233439.00,173590.00,1044.00,166.00
1990.00,6.00,705701.00,2.00,2.00,75308.00,58826.00,263.00,223.00
1990.00,6.00,705730.00,1.00,1.00,132421.00,97377.00,880.00,110.00
1990.00,6.00,715600.00,2.00,2.00,119151.00,91780.00,1120.00,81.00
1990.00,6.00,715630.00,11.00,12.00,1230486.00,961869.00,4877.00,197.00
1990.00,6.00,715700.00,11.00,16.00,1856883.00,1493243.00,8206.00,181.00
1990.00,6.00,715730.00,2.00,2.00,272624.00,220947.00,1200.00,184.00
1990.00,6.00,725630.00,7.00,7.00,1069389.00,857409.00,3737.00,229.00
1990.00,6.00,725700.00,8.00,9.00,689526.00,554440.00,2878.00,192.00
1990.00,6.00,725730.00,1.00,1.00,151176.00,119036.00,450.00,264.00
1990.00,6.00,735700.00,1.00,1.00,23078.00,17483.00,150.00,116.00
1990.00,6.00,746030.00,1.00,1.00,112631.00,87993.00,425.00,207.00
1990.00,6.00,786100.00,1.00,1.00,54672.00,43578.00,302.00,144.00
1990.00,7.00,645630.00,1.00,1.00,37635.00,30351.00,630.00,48.00
1990.00,7.00,685630.00,5.00,5.00,176987.00,152884.00,1727.00,88.00
1990.00,7.00,695631.00,5.00,5.00,240374.00,183815.00,2307.00,79.00
1990.00,7.00,705600.00,2.00,2.00,166802.00,131077.00,1450.00,90.00
1990.00,7.00,705630.00,3.00,3.00,180340.00,145170.00,2470.00,58.00
1990.00,7.00,705701.00,5.00,6.00,480261.00,355049.00,4870.00,72.00
1990.00,7.00,705702.00,1.00,1.00,7216.00,6013.00,200.00,30.00
1990.00,7.00,705730.00,1.00,1.00,40097.00,33414.00,269.00,124.00
1990.00,7.00,715630.00,4.00,4.00,307897.00,244839.00,1680.00,145.00
1990.00,7.00,715700.00,13.00,16.00,1883738.00,1464907.00,9525.00,153.00
1990.00,7.00,715730.00,3.00,3.00,374770.00,281382.00,1453.00,193.00
1990.00,7.00,725630.00,2.00,2.00,89120.00,67191.00,750.00,89.00
1990.00,7.00,725700.00,9.00,10.00,1068731.00,826975.00,3587.00,230.00
1990.00,7.00,725730.00,5.00,5.00,480524.00,382388.00,1441.00,265.00
1990.00,7.00,735700.00,1.00,1.00,36036.00,27300.00,158.00,172.00
1990.00,8.00,635600.00,1.00,1.00,30945.00,25574.00,1000.00,25.00
1990.00,8.00,635630.00,1.00,1.00,22175.00,11250.00,800.00,14.00
1990.00,8.00,685600.00,1.00,1.00,70890.00,58587.00,325.00,180.00
1990.00,8.00,685630.00,5.00,6.00,282875.00,226334.00,2019.00,112.00
1990.00,8.00,695600.00,1.00,1.00,28762.00,19175.00,600.00,31.00
1990.00,8.00,695631.00,1.00,1.00,10062.00,8385.00,450.00,18.00
1990.00,8.00,705600.00,2.00,2.00,189527.00,147824.00,1080.00,136.00
1990.00,8.00,705630.00,5.00,6.00,627208.00,491602.00,4035.00,121.00
1990.00,8.00,705701.00,3.00,2.00,169581.00,130034.00,1340.00,97.00
1990.00,8.00,715630.00,9.00,9.00,596733.00,472284.00,3479.00,135.00
1990.00,8.00,715700.00,8.00,9.00,863045.00,676217.00,3520.00,192.00
1990.00,8.00,715730.00,9.00,10.00,939386.00,775340.00,3878.00,199.00
1990.00,8.00,725630.00,2.00,2.00,317550.00,263885.00,1678.00,157.00
1990.00,8.00,725700.00,6.00,6.00,505685.00,395574.00,1961.00,201.00
1990.00,8.00,725730.00,6.00,5.00,316309.00,238838.00,1683.00,141.00
1990.00,8.00,735700.00,2.00,2.00,38878.00,30643.00,150.00,204.00
1990.00,8.00,735730.00,1.00,1.00,20122.00,14373.00,127.00,113.00
1990.00,9.00,675600.00,1.00,1.00,66629.00,51253.00,300.00,170.00
1990.00,9.00,675630.00,1.00,1.00,53407.00,46441.00,275.00,168.00
1990.00,9.00,685600.00,2.00,3.00,232600.00,192758.00,1103.00,174.00
1990.00,9.00,685630.00,2.00,2.00,222397.00,192156.00,937.00,205.00
1990.00,9.00,695631.00,1.00,1.00,23527.00,14700.00,964.00,15.00
1990.00,9.00,705600.00,1.00,1.00,26270.00,21890.00,450.00,48.00
1990.00,9.00,705630.00,2.00,2.00,27483.00,20180.00,1600.00,12.00
1990.00,9.00,705701.00,10.00,10.00,745520.00,568989.00,4752.00,119.00
1990.00,9.00,705730.00,1.00,2.00,151663.00,119893.00,1300.00,92.00
1990.00,9.00,715630.00,6.00,7.00,322596.00,264756.00,1720.00,153.00
1990.00,9.00,715700.00,15.00,19.00,1949310.00,1523314.00,11045.00,137.00
1990.00,9.00,715730.00,13.00,13.00,1309196.00,1019972.00,5441.00,187.00
1990.00,9.00,715800.00,1.00,1.00,54805.00,46054.00,200.00,230.00
1990.00,9.00,725630.00,9.00,7.00,701151.00,562134.00,3950.00,142.00
1990.00,9.00,725700.00,8.00,9.00,591166.00,480371.00,2834.00,169.00
1990.00,9.00,725730.00,9.00,8.00,1030374.00,806169.00,3579.00,225.00
1990.00,9.00,735700.00,1.00,1.00,7491.00,5096.00,122.00,41.00
1990.00,9.00,735730.00,2.00,2.00,309216.00,251135.00,1083.00,231.00
1990.00,10.00,635530.00,1.00,1.00,13.00,10.00,75.00,0.00
1990.00,10.00,675600.00,2.00,1.00,78282.00,63437.00,887.00,71.00
1990.00,10.00,675630.00,1.00,1.00,28088.00,22470.00,270.00,83.00
1990.00,10.00,685600.00,3.00,2.00,175777.00,160504.00,1090.00,147.00
1990.00,10.00,685630.00,2.00,2.00,113503.00,109661.00,562.00,195.00
1990.00,10.00,695631.00,4.00,4.00,23976.00,18983.00,1189.00,15.00
1990.00,10.00,705600.00,1.00,1.00,22155.00,18462.00,200.00,92.00
1990.00,10.00,705630.00,4.00,4.00,87242.00,65039.00,3020.00,21.00
1990.00,10.00,705701.00,1.00,1.00,146.00,109.00,10.00,10.00
1990.00,10.00,715600.00,1.00,1.00,39705.00,33087.00,750.00,44.00
1990.00,10.00,715630.00,13.00,14.00,832530.00,693903.00,4864.00,142.00
1990.00,10.00,715700.00,9.00,12.00,656261.00,518612.00,3934.00,131.00
1990.00,10.00,715730.00,8.00,9.00,620745.00,496366.00,3374.00,147.00
1990.00,10.00,715800.00,2.00,2.00,191683.00,149101.00,1350.00,110.00
1990.00,10.00,725630.00,9.00,10.00,573719.00,456970.00,4491.00,101.00
1990.00,10.00,725700.00,4.00,5.00,509991.00,405034.00,2703.00,149.00
1990.00,10.00,725730.00,9.00,11.00,656335.00,515412.00,3650.00,141.00
1990.00,10.00,725800.00,2.00,2.00,136372.00,103000.00,536.00,192.00
1990.00,10.00,735700.00,1.00,1.00,92690.00,70220.00,420.00,167.00
1990.00,10.00,735730.00,2.00,2.00,313653.00,252441.00,846.00,298.00
1990.00,11.00,665600.00,1.00,1.00,179760.00,149800.00,635.00,235.00
1990.00,11.00,675530.00,3.00,3.00,378333.00,319110.00,1437.00,222.00
1990.00,11.00,675600.00,2.00,3.00,251321.00,218197.00,2110.00,103.00
1990.00,11.00,675630.00,1.00,1.00,34617.00,27694.00,185.00,149.00
1990.00,11.00,685530.00,1.00,1.00,209762.00,169376.00,698.00,242.00
1990.00,11.00,685600.00,1.00,1.00,34459.00,27567.00,235.00,117.00
1990.00,11.00,685630.00,2.00,3.00,140551.00,116631.00,905.00,128.00
1990.00,11.00,695632.00,1.00,1.00,12548.00,11407.00,725.00,15.00
1990.00,11.00,705600.00,3.00,3.00,124332.00,108647.00,550.00,197.00
1990.00,11.00,705630.00,1.00,1.00,550.00,423.00,1100.00,0.00
1990.00,11.00,705701.00,2.00,2.00,58435.00,43771.00,358.00,122.00
1990.00,11.00,715630.00,12.00,17.00,1218432.00,987634.00,6894.00,143.00
1990.00,11.00,715700.00,11.00,15.00,914574.00,686735.00,5601.00,122.00
1990.00,11.00,715730.00,7.00,8.00,615100.00,513791.00,3125.00,164.00
1990.00,11.00,715800.00,1.00,1.00,42499.00,31716.00,225.00,140.00
1990.00,11.00,725600.00,1.00,1.00,18182.00,15152.00,92.00,164.00
1990.00,11.00,725630.00,10.00,11.00,853265.00,705695.00,6145.00,114.00
1990.00,11.00,725700.00,7.00,8.00,659449.00,534774.00,2558.00,209.00
1990.00,11.00,725730.00,7.00,8.00,710648.00,570244.00,2809.00,203.00
1990.00,11.00,725800.00,3.00,3.00,348795.00,276050.00,1135.00,243.00
1990.00,11.00,735730.00,2.00,2.00,219929.00,165640.00,586.00,282.00
1990.00,11.00,735800.00,2.00,2.00,296433.00,228182.00,784.00,291.00
1990.00,12.00,625630.00,1.00,1.00,143529.00,104006.00,479.00,217.00
1990.00,12.00,635530.00,1.00,1.00,11149.00,8040.00,680.00,11.00
1990.00,12.00,645501.00,1.00,1.00,1299.00,1000.00,700.00,1.00
1990.00,12.00,645530.00,1.00,1.00,16724.00,12060.00,1020.00,11.00
1990.00,12.00,655530.00,1.00,2.00,122433.00,98483.00,850.00,115.00
1990.00,12.00,655600.00,2.00,2.00,128105.00,107754.00,3270.00,32.00
1990.00,12.00,665530.00,2.00,2.00,311330.00,237065.00,1250.00,189.00
1990.00,12.00,665600.00,3.00,3.00,297992.00,247093.00,1850.00,133.00
1990.00,12.00,675530.00,5.00,5.00,704488.00,585593.00,3364.00,174.00
1990.00,12.00,675600.00,5.00,5.00,407212.00,348615.00,1445.00,241.00
1990.00,12.00,675630.00,1.00,1.00,73501.00,58801.00,115.00,511.00
1990.00,12.00,685530.00,3.00,3.00,334368.00,281382.00,837.00,336.00
1990.00,12.00,685600.00,2.00,3.00,212867.00,179472.00,1075.00,166.00
1990.00,12.00,685630.00,2.00,2.00,346170.00,284053.00,665.00,427.00
1990.00,12.00,695631.00,1.00,1.00,39312.00,31702.00,350.00,90.00
1990.00,12.00,705600.00,1.00,1.00,120220.00,100183.00,220.00,455.00
1990.00,12.00,705630.00,3.00,4.00,124235.00,96466.00,1740.00,55.00
1990.00,12.00,705701.00,2.00,2.00,185288.00,145640.00,850.00,171.00
1990.00,12.00,715600.00,1.00,1.00,16400.00,13500.00,100.00,135.00
1990.00,12.00,715630.00,9.00,9.00,658050.00,556951.00,4105.00,135.00
1990.00,12.00,715700.00,3.00,3.00,86582.00,69369.00,667.00,104.00
1990.00,12.00,715730.00,4.00,6.00,471247.00,372983.00,2165.00,172.00
1990.00,12.00,725630.00,4.00,4.00,341843.00,275245.00,2116.00,130.00
1990.00,12.00,725700.00,6.00,6.00,544506.00,444781.00,2994.00,148.00
1990.00,12.00,725730.00,5.00,5.00,647350.00,521589.00,2511.00,207.00
1990.00,12.00,725800.00,5.00,5.00,501467.00,378633.00,1893.00,200.00
1990.00,12.00,735700.00,1.00,1.00,89247.00,65623.00,367.00,178.00
1990.00,12.00,735730.00,2.00,2.00,108972.00,84358.00,467.00,180.00
1990.00,12.00,735800.00,3.00,3.00,558227.00,421137.00,1712.00,245.00
1990.00,13.00,625630.00,1.00,1.00,286375.00,197500.00,766.00,257.00
1990.00,13.00,635530.00,1.00,1.00,115842.00,96535.00,600.00,160.00
1990.00,13.00,655530.00,1.00,1.00,44629.00,35420.00,1500.00,23.00
1990.00,13.00,655600.00,1.00,1.00,104455.00,83564.00,450.00,185.00
1990.00,13.00,665530.00,2.00,2.00,273996.00,234821.00,1014.00,231.00
1990.00,13.00,665600.00,3.00,3.00,103408.00,84255.00,920.00,91.00
1990.00,13.00,675530.00,6.00,7.00,1076062.00,864648.00,3306.00,261.00
1990.00,13.00,675600.00,7.00,9.00,981597.00,828972.00,4600.00,180.00
1990.00,13.00,675630.00,2.00,2.00,158763.00,137513.00,480.00,286.00
1990.00,13.00,685530.00,1.00,1.00,78141.00,62513.00,210.00,297.00
1990.00,13.00,685600.00,3.00,4.00,715946.00,588224.00,2113.00,278.00
1990.00,13.00,685630.00,1.00,1.00,47154.00,37723.00,189.00,199.00
1990.00,13.00,695632.00,1.00,1.00,7014.00,3771.00,300.00,12.00
1990.00,13.00,705530.00,1.00,1.00,17650.00,13171.00,220.00,59.00
1990.00,13.00,705600.00,3.00,3.00,150625.00,117465.00,1055.00,111.00
1990.00,13.00,705630.00,1.00,2.00,105998.00,81472.00,507.00,160.00
1990.00,13.00,705701.00,1.00,1.00,90379.00,69522.00,450.00,154.00
1990.00,13.00,715630.00,3.00,3.00,234335.00,191481.00,1530.00,125.00
1990.00,13.00,715700.00,8.00,10.00,564549.00,445551.00,3101.00,143.00
1990.00,13.00,715730.00,5.00,5.00,558522.00,451126.00,2221.00,203.00
1990.00,13.00,715800.00,1.00,1.00,107330.00,87260.00,800.00,109.00
1990.00,13.00,725630.00,2.00,2.00,215625.00,179591.00,629.00,285.00
1990.00,13.00,725700.00,7.00,7.00,487796.00,404848.00,2067.00,195.00
1990.00,13.00,725730.00,8.00,8.00,768633.00,647396.00,2958.00,218.00
1990.00,13.00,725800.00,4.00,3.00,442500.00,361976.00,1400.00,258.00
1990.00,13.00,735700.00,1.00,1.00,87740.00,71333.00,450.00,158.00
1990.00,13.00,735730.00,7.00,7.00,1014415.00,780517.00,4342.00,179.00
1990.00,13.00,735800.00,3.00,3.00,298267.00,234273.00,1121.00,208.00
1990.00,13.00,735900.00,1.00,1.00,227620.00,189684.00,700.00,270.00
1990.00,13.00,745800.00,1.00,1.00,261295.00,209036.00,692.00,302.00
1990.00,14.00,645501.00,2.00,2.00,2806.00,2310.00,910.00,2.00
1990.00,14.00,645600.00,1.00,1.00,1347.00,1077.00,420.00,2.00
1990.00,14.00,655600.00,2.00,2.00,149083.00,115022.00,1100.00,104.00
1990.00,14.00,665500.00,1.00,1.00,55704.00,45288.00,220.00,205.00
1990.00,14.00,665530.00,2.00,2.00,331375.00,285101.00,960.00,296.00
1990.00,14.00,665600.00,1.00,1.00,45818.00,39842.00,325.00,122.00
1990.00,14.00,675500.00,1.00,1.00,81587.00,70945.00,700.00,101.00
1990.00,14.00,675530.00,6.00,7.00,1344141.00,1113204.00,3980.00,279.00
1990.00,14.00,675600.00,6.00,6.00,1082905.00,920978.00,4559.00,202.00
1990.00,14.00,685530.00,1.00,1.00,5647.00,4667.00,200.00,23.00
1990.00,14.00,685600.00,5.00,5.00,521583.00,462845.00,2550.00,181.00
1990.00,14.00,685630.00,1.00,1.00,210320.00,175267.00,250.00,701.00
1990.00,14.00,695600.00,1.00,1.00,235607.00,214188.00,400.00,535.00
1990.00,14.00,695631.00,1.00,1.00,2531.00,2300.00,50.00,46.00
1990.00,14.00,705600.00,1.00,1.00,44903.00,30768.00,250.00,123.00
1990.00,14.00,705630.00,3.00,3.00,73515.00,54656.00,880.00,62.00
1990.00,14.00,705701.00,1.00,1.00,23052.00,17464.00,159.00,109.00
1990.00,14.00,705830.00,1.00,1.00,82865.00,59615.00,650.00,91.00
1990.00,14.00,715600.00,2.00,2.00,75056.00,60629.00,350.00,173.00
1990.00,14.00,715630.00,2.00,3.00,161462.00,134552.00,1200.00,112.00
1990.00,14.00,715700.00,6.00,7.00,622828.00,504334.00,2561.00,196.00
1990.00,14.00,715730.00,6.00,6.00,446906.00,364007.00,1964.00,185.00
1990.00,14.00,715800.00,2.00,1.00,244390.00,187793.00,725.00,259.00
1990.00,14.00,725630.00,3.00,3.00,337331.00,278516.00,982.00,283.00
1990.00,14.00,725700.00,3.00,4.00,104111.00,85984.00,442.00,194.00
1990.00,14.00,725730.00,11.00,13.00,949446.00,750457.00,5545.00,135.00
1990.00,14.00,725800.00,4.00,4.00,422526.00,341582.00,1832.00,186.00
1990.00,14.00,735700.00,2.00,2.00,316093.00,248828.00,1157.00,215.00
1990.00,14.00,735730.00,4.00,5.00,346142.00,265261.00,2244.00,118.00
1990.00,14.00,735800.00,4.00,5.00,463919.00,377443.00,2368.00,159.00
1990.00,14.00,735830.00,1.00,1.00,6074.00,4859.00,68.00,71.00
1990.00,15.00,655500.00,1.00,1.00,76432.00,63167.00,800.00,78.00
1990.00,15.00,655530.00,1.00,1.00,78007.00,68427.00,1350.00,50.00
1990.00,15.00,655600.00,1.00,1.00,32425.00,27021.00,700.00,38.00
1990.00,15.00,655630.00,1.00,1.00,90540.00,79421.00,350.00,226.00
1990.00,15.00,665500.00,1.00,1.00,104813.00,87344.00,700.00,124.00
1990.00,15.00,665530.00,3.00,3.00,424013.00,349947.00,1430.00,244.00
1990.00,15.00,665600.00,4.00,4.00,178008.00,147799.00,1490.00,99.00
1990.00,15.00,665630.00,1.00,1.00,99195.00,79996.00,500.00,159.00
1990.00,15.00,665730.00,1.00,1.00,30372.00,25310.00,500.00,50.00
1990.00,15.00,675530.00,6.00,6.00,977304.00,834353.00,2631.00,317.00
1990.00,15.00,675600.00,13.00,16.00,1507733.00,1273554.00,7514.00,169.00
1990.00,15.00,675630.00,1.00,1.00,7023.00,5487.00,66.00,83.00
1990.00,15.00,685530.00,5.00,6.00,309817.00,257154.00,2024.00,127.00
1990.00,15.00,685600.00,9.00,11.00,787649.00,669518.00,4036.00,165.00
1990.00,15.00,685630.00,1.00,1.00,56184.00,43894.00,530.00,82.00
1990.00,15.00,695600.00,2.00,2.00,114290.00,82155.00,1017.00,80.00
1990.00,15.00,705600.00,1.00,1.00,46761.00,39967.00,225.00,177.00
1990.00,15.00,705630.00,2.00,2.00,46762.00,39968.00,262.00,152.00
1990.00,15.00,705701.00,2.00,2.00,117667.00,92352.00,845.00,109.00
1990.00,15.00,715630.00,3.00,3.00,51350.00,42296.00,690.00,61.00
1990.00,15.00,715700.00,5.00,5.00,415589.00,337738.00,1856.00,181.00
1990.00,15.00,715730.00,5.00,7.00,533651.00,429036.00,2791.00,153.00
1990.00,15.00,715800.00,1.00,1.00,41882.00,34902.00,300.00,116.00
1990.00,15.00,725630.00,2.00,2.00,253838.00,207780.00,1400.00,148.00
1990.00,15.00,725700.00,6.00,7.00,609605.00,500990.00,3085.00,162.00
1990.00,15.00,725730.00,8.00,10.00,1061237.00,852200.00,5528.00,154.00
1990.00,15.00,725800.00,3.00,4.00,291790.00,243158.00,1384.00,175.00
1990.00,15.00,725830.00,2.00,2.00,134610.00,112174.00,1000.00,112.00
1990.00,15.00,735700.00,2.00,2.00,140395.00,102885.00,1404.00,73.00
1990.00,15.00,735730.00,6.00,6.00,548593.00,419283.00,2941.00,142.00
1990.00,15.00,735800.00,3.00,3.00,223519.00,180452.00,1328.00,135.00
1990.00,15.00,735830.00,1.00,1.00,236490.00,207447.00,650.00,319.00
1990.00,15.00,735900.00,1.00,1.00,16444.00,13050.00,300.00,43.00
1990.00,15.00,755800.00,1.00,1.00,36186.00,28949.00,150.00,192.00
1990.00,15.00,755900.00,1.00,1.00,176940.00,148689.00,600.00,247.00
1990.00,16.00,635630.00,1.00,1.00,3511.00,2700.00,1100.00,2.00
1990.00,16.00,655530.00,2.00,2.00,108352.00,90293.00,800.00,112.00
1990.00,16.00,655600.00,1.00,1.00,50242.00,41868.00,350.00,119.00
1990.00,16.00,655630.00,1.00,1.00,286.00,238.00,270.00,0.00
1990.00,16.00,665600.00,4.00,4.00,119399.00,98995.00,2050.00,48.00
1990.00,16.00,665630.00,1.00,2.00,49961.00,40000.00,564.00,70.00
1990.00,16.00,675500.00,1.00,1.00,121240.00,101033.00,500.00,202.00
1990.00,16.00,675530.00,5.00,6.00,481129.00,405137.00,3148.00,128.00
1990.00,16.00,675600.00,7.00,9.00,374844.00,322421.00,3302.00,97.00
1990.00,16.00,675630.00,2.00,2.00,32586.00,27081.00,465.00,58.00
1990.00,16.00,685530.00,4.00,4.00,395117.00,344354.00,2158.00,159.00
1990.00,16.00,685600.00,10.00,12.00,845231.00,719222.00,5960.00,120.00
1990.00,16.00,685630.00,3.00,3.00,77592.00,65240.00,1994.00,32.00
1990.00,16.00,695600.00,1.00,1.00,254546.00,215717.00,600.00,359.00
1990.00,16.00,695631.00,1.00,1.00,124875.00,104063.00,450.00,231.00
1990.00,16.00,705600.00,3.00,3.00,379909.00,327843.00,1445.00,226.00
1990.00,16.00,705630.00,3.00,3.00,101328.00,75379.00,625.00,120.00
1990.00,16.00,715630.00,1.00,2.00,152274.00,143281.00,750.00,191.00
1990.00,16.00,715700.00,9.00,13.00,1366257.00,1153146.00,7720.00,149.00
1990.00,16.00,715730.00,5.00,5.00,537812.00,455475.00,2585.00,176.00
1990.00,16.00,715800.00,1.00,1.00,114651.00,97992.00,250.00,391.00
1990.00,16.00,725630.00,1.00,1.00,25750.00,23843.00,520.00,45.00
1990.00,16.00,725700.00,7.00,8.00,545654.00,455645.00,4193.00,108.00
1990.00,16.00,725730.00,7.00,8.00,478527.00,386734.00,2661.00,145.00
1990.00,16.00,725800.00,5.00,5.00,334195.00,262129.00,1749.00,149.00
1990.00,16.00,735730.00,7.00,7.00,666932.00,514456.00,2931.00,175.00
1990.00,16.00,735800.00,9.00,11.00,1009324.00,796892.00,6988.00,114.00
1990.00,16.00,735830.00,1.00,1.00,109861.00,96369.00,700.00,137.00
1990.00,17.00,645501.00,1.00,1.00,21995.00,17596.00,110.00,159.00
1990.00,17.00,665500.00,1.00,1.00,42047.00,37542.00,600.00,62.00
1990.00,17.00,665530.00,4.00,4.00,327841.00,279131.00,1475.00,189.00
1990.00,17.00,665600.00,4.00,4.00,124858.00,93848.00,1217.00,77.00
1990.00,17.00,665630.00,1.00,2.00,116076.00,96000.00,435.00,220.00
1990.00,17.00,675530.00,3.00,3.00,400392.00,331976.00,1590.00,208.00
1990.00,17.00,675600.00,6.00,7.00,414353.00,350090.00,2955.00,118.00
1990.00,17.00,675630.00,2.00,2.00,197681.00,165105.00,1439.00,114.00
1990.00,17.00,675700.00,1.00,1.00,23986.00,20090.00,370.00,54.00
1990.00,17.00,685530.00,3.00,3.00,127035.00,105806.00,1005.00,105.00
1990.00,17.00,685600.00,8.00,9.00,392222.00,331915.00,3183.00,104.00
1990.00,17.00,685630.00,2.00,2.00,95341.00,82322.00,875.00,94.00
1990.00,17.00,705600.00,3.00,3.00,126405.00,102926.00,950.00,108.00
1990.00,17.00,705630.00,1.00,1.00,134992.00,112371.00,400.00,280.00
1990.00,17.00,705701.00,1.00,1.00,47950.00,42061.00,776.00,54.00
1990.00,17.00,705730.00,1.00,1.00,9881.00,7905.00,200.00,39.00
1990.00,17.00,715600.00,1.00,1.00,29522.00,22365.00,325.00,68.00
1990.00,17.00,715630.00,4.00,4.00,377078.00,315957.00,1803.00,175.00
1990.00,17.00,715700.00,6.00,6.00,238798.00,205241.00,1381.00,148.00
1990.00,17.00,715730.00,5.00,6.00,559689.00,478639.00,2868.00,166.00
1990.00,17.00,725530.00,1.00,1.00,215176.00,165520.00,1100.00,150.00
1990.00,17.00,725630.00,2.00,2.00,207020.00,151511.00,1616.00,93.00
1990.00,17.00,725700.00,5.00,5.00,182054.00,152861.00,1128.00,135.00
1990.00,17.00,725730.00,4.00,6.00,637082.00,509392.00,2551.00,199.00
1990.00,17.00,725800.00,4.00,6.00,328094.00,279114.00,1885.00,148.00
1990.00,17.00,735700.00,2.00,2.00,128459.00,98499.00,737.00,133.00
1990.00,17.00,735730.00,8.00,10.00,906621.00,699520.00,6677.00,104.00
1990.00,17.00,735800.00,15.00,18.00,1899855.00,1483074.00,11873.00,124.00
1990.00,17.00,735830.00,3.00,3.00,274429.00,221321.00,2150.00,102.00
1990.00,17.00,735900.00,1.00,1.00,18096.00,15600.00,180.00,86.00
1990.00,17.00,745830.00,2.00,2.00,105994.00,80906.00,574.00,140.00
1990.00,17.00,776000.00,1.00,1.00,180965.00,147126.00,493.00,298.00
1990.00,18.00,665600.00,2.00,2.00,220625.00,162006.00,1900.00,85.00
1990.00,18.00,675530.00,1.00,1.00,139605.00,111684.00,700.00,159.00
1990.00,18.00,675600.00,2.00,2.00,75425.00,61514.00,512.00,120.00
1990.00,18.00,685600.00,4.00,4.00,137230.00,111963.00,886.00,126.00
1990.00,18.00,685630.00,1.00,1.00,100422.00,83685.00,620.00,134.00
1990.00,18.00,695600.00,1.00,1.00,77712.00,62170.00,190.00,327.00
1990.00,18.00,705630.00,1.00,1.00,123897.00,95305.00,1400.00,68.00
1990.00,18.00,715630.00,2.00,2.00,258887.00,204189.00,1225.00,166.00
1990.00,18.00,715700.00,2.00,2.00,56590.00,44535.00,616.00,72.00
1990.00,18.00,715730.00,1.00,2.00,251800.00,226701.00,1485.00,152.00
1990.00,18.00,715800.00,1.00,1.00,45076.00,38200.00,250.00,152.00
1990.00,18.00,725700.00,1.00,1.00,41480.00,33184.00,200.00,165.00
1990.00,18.00,725730.00,1.00,1.00,50731.00,42273.00,312.00,135.00
1990.00,18.00,725800.00,2.00,2.00,66573.00,54947.00,735.00,74.00
1990.00,18.00,735700.00,2.00,2.00,115983.00,88902.00,1067.00,83.00
1990.00,18.00,735730.00,6.00,7.00,413134.00,327540.00,4411.00,74.00
1990.00,18.00,735800.00,18.00,23.00,2094782.00,1616669.00,12915.00,125.00
1990.00,18.00,735830.00,9.00,10.00,728692.00,566709.00,4221.00,134.00
1990.00,18.00,735900.00,1.00,1.00,42154.00,36340.00,368.00,98.00
1990.00,18.00,735930.00,2.00,2.00,62666.00,54021.00,576.00,93.00
1990.00,18.00,745730.00,1.00,1.00,36917.00,29534.00,300.00,98.00
1990.00,18.00,745800.00,1.00,1.00,46903.00,23452.00,450.00,52.00
1990.00,18.00,745830.00,4.00,4.00,316819.00,247704.00,2156.00,114.00
1990.00,18.00,745930.00,1.00,1.00,28060.00,22448.00,140.00,160.00
1990.00,18.00,755830.00,2.00,2.00,205961.00,163347.00,995.00,164.00
1990.00,18.00,755900.00,1.00,1.00,175526.00,137130.00,1136.00,120.00
1990.00,18.00,755930.00,3.00,4.00,647692.00,522716.00,3180.00,164.00
1990.00,18.00,765830.00,1.00,1.00,20871.00,15460.00,120.00,128.00
1990.00,18.00,765930.00,4.00,4.00,448213.00,352099.00,1527.00,230.00
1990.00,18.00,766000.00,1.00,1.00,63973.00,54678.00,350.00,156.00
1990.00,18.00,775930.00,3.00,3.00,67478.00,53054.00,485.00,109.00
1990.00,18.00,776000.00,4.00,4.00,257996.00,180073.00,1554.00,115.00
1990.00,18.00,776030.00,1.00,1.00,12709.00,10167.00,84.00,121.00
1990.00,18.00,786030.00,1.00,1.00,12709.00,10167.00,84.00,121.00
1990.00,19.00,685530.00,1.00,1.00,60000.00,50000.00,300.00,166.00
1990.00,19.00,685600.00,1.00,1.00,69317.00,56817.00,165.00,344.00
1990.00,19.00,715700.00,1.00,1.00,23635.00,16882.00,100.00,168.00
1990.00,19.00,735700.00,1.00,1.00,40714.00,32571.00,200.00,162.00
1990.00,19.00,735730.00,2.00,2.00,254228.00,203382.00,925.00,219.00
1990.00,19.00,735800.00,6.00,8.00,691224.00,538189.00,5121.00,105.00
1990.00,19.00,745900.00,1.00,1.00,3325.00,2771.00,130.00,21.00
1990.00,19.00,745930.00,1.00,1.00,116645.00,88367.00,800.00,110.00
1990.00,19.00,755900.00,7.00,10.00,1085913.00,840764.00,3728.00,225.00
1990.00,19.00,755930.00,4.00,4.00,230415.00,176169.00,2021.00,87.00
1990.00,19.00,756000.00,2.00,2.00,96827.00,80689.00,500.00,161.00
1990.00,19.00,765900.00,3.00,3.00,171470.00,127475.00,1270.00,100.00
1990.00,19.00,765930.00,5.00,5.00,736465.00,549019.00,2618.00,209.00
1990.00,19.00,766000.00,2.00,2.00,400095.00,320076.00,1040.00,307.00
1990.00,19.00,766030.00,1.00,1.00,87770.00,70216.00,250.00,280.00
1990.00,19.00,775930.00,1.00,1.00,53400.00,41077.00,200.00,205.00
1990.00,19.00,776000.00,8.00,8.00,792518.00,618334.00,4525.00,136.00
1990.00,19.00,776030.00,5.00,6.00,960092.00,700709.00,4464.00,156.00
1990.00,19.00,786000.00,4.00,4.00,630362.00,475676.00,2769.00,171.00
1990.00,19.00,786030.00,2.00,2.00,145475.00,116380.00,1044.00,111.00
1990.00,20.00,735730.00,2.00,2.00,83395.00,69858.00,475.00,147.00
1990.00,20.00,735800.00,3.00,3.00,224970.00,173842.00,1264.00,137.00
1990.00,20.00,735830.00,3.00,3.00,246109.00,189477.00,1442.00,131.00
1990.00,20.00,735900.00,3.00,3.00,228062.00,178451.00,1860.00,95.00
1990.00,20.00,735930.00,1.00,1.00,141088.00,107710.00,900.00,119.00
1990.00,20.00,745930.00,1.00,1.00,10970.00,8776.00,250.00,35.00
1990.00,20.00,755900.00,4.00,5.00,441309.00,347248.00,2631.00,131.00
1990.00,20.00,755930.00,3.00,3.00,275651.00,212175.00,1075.00,197.00
1990.00,20.00,756000.00,3.00,3.00,332290.00,268921.00,1940.00,138.00
1990.00,20.00,756030.00,1.00,1.00,35100.00,29250.00,250.00,117.00
1990.00,20.00,756130.00,1.00,1.00,59010.00,47208.00,800.00,59.00
1990.00,20.00,765900.00,5.00,4.00,284721.00,223716.00,1888.00,118.00
1990.00,20.00,765930.00,6.00,6.00,636692.00,486439.00,3134.00,155.00
1990.00,20.00,766000.00,8.00,7.00,864826.00,659757.00,4606.00,143.00
1990.00,20.00,766030.00,1.00,1.00,10710.00,8568.00,240.00,35.00
1990.00,20.00,766100.00,1.00,1.00,103680.00,82944.00,500.00,165.00
1990.00,20.00,775930.00,1.00,1.00,73538.00,58830.00,980.00,60.00
1990.00,20.00,776000.00,11.00,14.00,1651032.00,1311706.00,9077.00,144.00
1990.00,20.00,776030.00,6.00,7.00,641418.00,521682.00,3080.00,169.00
1990.00,20.00,776100.00,1.00,1.00,200176.00,169640.00,1100.00,154.00
1990.00,20.00,785930.00,1.00,1.00,188480.00,142788.00,1000.00,142.00
1990.00,20.00,786000.00,2.00,2.00,311159.00,244004.00,1190.00,205.00
1990.00,20.00,786030.00,3.00,3.00,142161.00,112300.00,1564.00,71.00
1990.00,20.00,786100.00,2.00,2.00,102841.00,74765.00,494.00,151.00
1990.00,20.00,796030.00,1.00,1.00,222330.00,177864.00,250.00,711.00
1990.00,21.00,716100.00,1.00,1.00,1100.00,873.00,0.00,
1990.00,21.00,716130.00,1.00,1.00,1100.00,873.00,0.00,
1990.00,21.00,735730.00,2.00,2.00,91328.00,72488.00,1197.00,60.00
1990.00,21.00,735800.00,4.00,4.00,159152.00,129614.00,1809.00,71.00
1990.00,21.00,735830.00,2.00,2.00,42650.00,34120.00,460.00,74.00
1990.00,21.00,745600.00,1.00,1.00,4086.00,2960.00,76.00,38.00
1990.00,21.00,755800.00,1.00,1.00,96400.00,77120.00,1450.00,53.00
1990.00,21.00,755900.00,7.00,7.00,472045.00,366746.00,4105.00,89.00
1990.00,21.00,755930.00,5.00,5.00,468100.00,368699.00,2653.00,138.00
1990.00,21.00,756000.00,4.00,4.00,232485.00,190740.00,1400.00,136.00
1990.00,21.00,756030.00,2.00,2.00,208228.00,165390.00,1570.00,105.00
1990.00,21.00,765900.00,1.00,1.00,81200.00,62500.00,164.00,381.00
1990.00,21.00,765930.00,3.00,3.00,301744.00,230723.00,1117.00,206.00
1990.00,21.00,766000.00,15.00,18.00,1981536.00,1574572.00,10827.00,145.00
1990.00,21.00,766030.00,4.00,4.00,437047.00,354673.00,3309.00,107.00
1990.00,21.00,766200.00,1.00,1.00,57661.00,46129.00,1500.00,30.00
1990.00,21.00,775830.00,1.00,1.00,71200.00,56688.00,410.00,138.00
1990.00,21.00,775930.00,2.00,2.00,195103.00,159159.00,1700.00,93.00
1990.00,21.00,776000.00,11.00,17.00,1516583.00,1180763.00,9417.00,125.00
1990.00,21.00,776030.00,7.00,10.00,869668.00,671170.00,5715.00,117.00
1990.00,21.00,776100.00,3.00,3.00,203902.00,158449.00,2289.00,69.00
1990.00,21.00,776130.00,2.00,2.00,53040.00,42194.00,745.00,56.00
1990.00,21.00,786000.00,6.00,6.00,617177.00,470615.00,3909.00,120.00
1990.00,21.00,786030.00,5.00,6.00,540312.00,408233.00,3309.00,123.00
1990.00,21.00,786100.00,2.00,2.00,58108.00,45257.00,311.00,145.00
1990.00,21.00,796030.00,1.00,1.00,5828.00,4663.00,181.00,25.00
1990.00,22.00,735730.00,2.00,2.00,47967.00,38373.00,417.00,92.00
1990.00,22.00,735800.00,1.00,1.00,5223.00,3730.00,85.00,43.00
1990.00,22.00,735830.00,1.00,2.00,54272.00,43418.00,279.00,155.00
1990.00,22.00,735900.00,2.00,2.00,213788.00,160650.00,1560.00,102.00
1990.00,22.00,736200.00,1.00,1.00,88315.00,70652.00,1000.00,70.00
1990.00,22.00,745900.00,1.00,1.00,41540.00,31953.00,800.00,39.00
1990.00,22.00,746000.00,2.00,2.00,122590.00,98072.00,916.00,107.00
1990.00,22.00,746130.00,1.00,2.00,204145.00,163316.00,1110.00,147.00
1990.00,22.00,755900.00,3.00,3.00,161090.00,133891.00,930.00,143.00
1990.00,22.00,755930.00,4.00,4.00,259904.00,208579.00,2440.00,85.00
1990.00,22.00,756000.00,6.00,6.00,441657.00,348466.00,3138.00,111.00
1990.00,22.00,756030.00,2.00,2.00,75055.00,61084.00,560.00,109.00
1990.00,22.00,756130.00,1.00,1.00,96310.00,79592.00,400.00,198.00
1990.00,22.00,756230.00,1.00,1.00,89284.00,71427.00,714.00,100.00
1990.00,22.00,765830.00,1.00,1.00,93731.00,78109.00,800.00,97.00
1990.00,22.00,765930.00,5.00,6.00,502041.00,392752.00,4178.00,94.00
1990.00,22.00,766000.00,12.00,15.00,974086.00,766176.00,7604.00,100.00
1990.00,22.00,766030.00,4.00,6.00,292607.00,237295.00,2547.00,93.00
1990.00,22.00,766100.00,1.00,1.00,142300.00,111172.00,1100.00,101.00
1990.00,22.00,766130.00,1.00,1.00,111760.00,89408.00,800.00,111.00
1990.00,22.00,775900.00,2.00,2.00,430573.00,354621.00,2320.00,152.00
1990.00,22.00,775930.00,2.00,2.00,98463.00,75246.00,1112.00,67.00
1990.00,22.00,776000.00,8.00,9.00,536839.00,414332.00,5657.00,73.00
1990.00,22.00,776030.00,13.00,16.00,885464.00,693670.00,7275.00,95.00
1990.00,22.00,776100.00,8.00,8.00,393404.00,315902.00,3580.00,88.00
1990.00,22.00,776130.00,1.00,1.00,16185.00,13000.00,120.00,108.00
1990.00,22.00,786000.00,3.00,4.00,317955.00,235032.00,1830.00,128.00
1990.00,22.00,786030.00,7.00,7.00,545570.00,431339.00,4295.00,100.00
1990.00,22.00,786100.00,6.00,6.00,316867.00,252071.00,2786.00,90.00
1990.00,22.00,796030.00,1.00,1.00,95208.00,74380.00,1000.00,74.00
1990.00,23.00,735730.00,1.00,1.00,40206.00,33786.00,350.00,96.00
1990.00,23.00,735800.00,1.00,1.00,107412.00,85930.00,750.00,114.00
1990.00,23.00,735830.00,2.00,2.00,204456.00,163565.00,1280.00,127.00
1990.00,23.00,735900.00,4.00,4.00,440689.00,329010.00,2409.00,136.00
1990.00,23.00,745830.00,1.00,1.00,73594.00,61328.00,700.00,87.00
1990.00,23.00,745900.00,4.00,3.00,153210.00,114260.00,1141.00,100.00
1990.00,23.00,745930.00,2.00,2.00,108196.00,87123.00,970.00,89.00
1990.00,23.00,755900.00,4.00,4.00,279397.00,217140.00,1902.00,114.00
1990.00,23.00,755930.00,3.00,3.00,143042.00,116079.00,1720.00,67.00
1990.00,23.00,756000.00,8.00,10.00,838172.00,692581.00,4903.00,141.00
1990.00,23.00,756030.00,1.00,1.00,31560.00,26300.00,290.00,90.00
1990.00,23.00,756100.00,1.00,1.00,46338.00,35645.00,325.00,109.00
1990.00,23.00,765930.00,3.00,3.00,316806.00,259872.00,1820.00,142.00
1990.00,23.00,766000.00,11.00,14.00,1097721.00,852177.00,5002.00,170.00
1990.00,23.00,766030.00,5.00,5.00,473174.00,355957.00,3163.00,112.00
1990.00,23.00,766100.00,1.00,1.00,61918.00,50753.00,460.00,110.00
1990.00,23.00,766200.00,1.00,1.00,212645.00,170116.00,1000.00,170.00
1990.00,23.00,775900.00,2.00,2.00,110302.00,96817.00,1100.00,88.00
1990.00,23.00,775930.00,1.00,1.00,61621.00,45986.00,513.00,89.00
1990.00,23.00,776000.00,11.00,12.00,868334.00,695732.00,7163.00,97.00
1990.00,23.00,776030.00,7.00,6.00,388606.00,307579.00,1964.00,156.00
1990.00,23.00,776100.00,3.00,4.00,346672.00,286286.00,2781.00,102.00
1990.00,23.00,776130.00,1.00,1.00,2706.00,2213.00,41.00,53.00
1990.00,23.00,785930.00,1.00,1.00,61622.00,45986.00,513.00,89.00
1990.00,23.00,786000.00,2.00,2.00,194325.00,149534.00,757.00,197.00
1990.00,23.00,786030.00,8.00,9.00,945531.00,752488.00,4638.00,162.00
1990.00,23.00,786100.00,10.00,10.00,643939.00,510456.00,4838.00,105.00
1990.00,24.00,735730.00,1.00,1.00,52437.00,41949.00,250.00,167.00
1990.00,24.00,735800.00,3.00,3.00,251070.00,203536.00,1980.00,102.00
1990.00,24.00,735830.00,2.00,2.00,194136.00,146289.00,672.00,217.00
1990.00,24.00,735900.00,5.00,5.00,339688.00,258669.00,1552.00,166.00
1990.00,24.00,735930.00,2.00,1.00,83153.00,62950.00,360.00,174.00
1990.00,24.00,745830.00,2.00,2.00,125591.00,98119.00,520.00,188.00
1990.00,24.00,745900.00,1.00,1.00,23905.00,17197.00,194.00,88.00
1990.00,24.00,746130.00,1.00,1.00,188463.00,150770.00,1000.00,150.00
1990.00,24.00,746230.00,1.00,1.00,153380.00,122704.00,990.00,123.00
1990.00,24.00,755900.00,4.00,5.00,395625.00,319358.00,2898.00,110.00
1990.00,24.00,755930.00,7.00,7.00,825436.00,658026.00,3619.00,181.00
1990.00,24.00,756000.00,7.00,8.00,903904.00,708084.00,3970.00,178.00
1990.00,24.00,756030.00,3.00,3.00,290647.00,243006.00,1404.00,173.00
1990.00,24.00,756100.00,2.00,2.00,125694.00,104758.00,1100.00,95.00
1990.00,24.00,756200.00,1.00,1.00,38952.00,35410.00,105.00,337.00
1990.00,24.00,765900.00,1.00,1.00,82915.00,83753.00,500.00,167.00
1990.00,24.00,765930.00,2.00,2.00,251875.00,201154.00,1400.00,143.00
1990.00,24.00,766000.00,10.00,14.00,1193394.00,976182.00,5928.00,164.00
1990.00,24.00,766030.00,5.00,5.00,620087.00,470245.00,3225.00,145.00
1990.00,24.00,775930.00,1.00,1.00,17250.00,13800.00,250.00,55.00
1990.00,24.00,776000.00,8.00,8.00,670008.00,529274.00,3673.00,144.00
1990.00,24.00,776030.00,4.00,3.00,376641.00,299766.00,2999.00,99.00
1990.00,24.00,776100.00,6.00,6.00,298507.00,239457.00,2185.00,109.00
1990.00,24.00,786000.00,7.00,7.00,839189.00,662810.00,2377.00,278.00
1990.00,24.00,786030.00,6.00,6.00,850746.00,672427.00,4129.00,162.00
1990.00,24.00,786100.00,5.00,5.00,403956.00,323577.00,2646.00,122.00
1990.00,25.00,755900.00,1.00,1.00,56429.00,45143.00,300.00,150.00
1990.00,25.00,756000.00,1.00,1.00,74486.00,59589.00,175.00,340.00
1990.00,25.00,756100.00,1.00,1.00,113995.00,89059.00,1900.00,46.00
1990.00,25.00,765900.00,1.00,1.00,81408.00,65126.00,400.00,162.00
1990.00,25.00,766000.00,1.00,1.00,46062.00,36850.00,150.00,245.00
1990.00,25.00,766030.00,1.00,1.00,101670.00,81336.00,540.00,150.00
1990.00,25.00,786100.00,4.00,3.00,392657.00,312858.00,1963.00,159.00
1991.00,3.00,635530.00,1.00,1.00,143.00,114.00,70.00,1.00
1991.00,3.00,635630.00,1.00,1.00,640.00,512.00,360.00,1.00
1991.00,3.00,645530.00,1.00,1.00,1865.00,1457.00,390.00,3.00
1991.00,3.00,645600.00,1.00,1.00,716.00,573.00,8.00,71.00
1991.00,3.00,645630.00,1.00,1.00,107.00,86.00,10.00,8.00
1991.00,3.00,655500.00,1.00,1.00,3818.00,3054.00,30.00,101.00
1991.00,3.00,655530.00,2.00,2.00,26155.00,20142.00,460.00,43.00
1991.00,3.00,655600.00,2.00,3.00,96405.00,76496.00,348.00,219.00
1991.00,3.00,655630.00,1.00,1.00,5753.00,3596.00,700.00,5.00
1991.00,3.00,665600.00,2.00,2.00,60009.00,47460.00,140.00,339.00
1991.00,3.00,665630.00,1.00,1.00,130.00,76.00,10.00,7.00
1991.00,3.00,675530.00,2.00,2.00,87490.00,70506.00,227.00,310.00
1991.00,3.00,675600.00,1.00,1.00,71100.00,64635.00,290.00,222.00
1991.00,3.00,695600.00,1.00,1.00,3240.00,2490.00,6.00,415.00
1991.00,4.00,625630.00,1.00,1.00,10538.00,8044.00,97.00,82.00
1991.00,4.00,645501.00,1.00,1.00,8924.00,7235.00,100.00,72.00
1991.00,4.00,645530.00,1.00,1.00,1980.00,1450.00,15.00,96.00
1991.00,4.00,645600.00,2.00,2.00,33210.00,27674.00,348.00,79.00
1991.00,4.00,655500.00,1.00,1.00,6738.00,5390.00,350.00,15.00
1991.00,4.00,655530.00,4.00,5.00,154559.00,104455.00,1452.00,71.00
1991.00,4.00,655600.00,3.00,3.00,43603.00,33220.00,586.00,56.00
1991.00,4.00,655630.00,1.00,1.00,89142.00,74185.00,175.00,423.00
1991.00,4.00,655730.00,1.00,1.00,18855.00,14616.00,200.00,73.00
1991.00,4.00,665530.00,5.00,4.00,117615.00,87545.00,1280.00,68.00
1991.00,4.00,665600.00,1.00,1.00,7093.00,5177.00,15.00,345.00
1991.00,4.00,675530.00,2.00,2.00,126301.00,98006.00,280.00,350.00
1991.00,4.00,675600.00,6.00,7.00,510745.00,399889.00,1709.00,233.00
1991.00,4.00,675630.00,3.00,4.00,166238.00,130269.00,378.00,344.00
1991.00,4.00,675700.00,1.00,1.00,162747.00,131248.00,250.00,524.00
1991.00,4.00,685530.00,2.00,3.00,190761.00,128178.00,420.00,305.00
1991.00,4.00,685600.00,3.00,5.00,315066.00,254197.00,1076.00,236.00
1991.00,4.00,685630.00,3.00,3.00,78445.00,58905.00,261.00,225.00
1991.00,4.00,695600.00,2.00,2.00,28337.00,20758.00,157.00,132.00
1991.00,4.00,695631.00,3.00,3.00,94002.00,74292.00,716.00,103.00
1991.00,4.00,705630.00,6.00,7.00,219514.00,173873.00,743.00,234.00
1991.00,4.00,705701.00,6.00,9.00,304679.00,234314.00,1723.00,135.00
1991.00,4.00,705730.00,1.00,1.00,5963.00,4229.00,25.00,169.00
1991.00,4.00,715630.00,5.00,5.00,349301.00,295959.00,752.00,393.00
1991.00,4.00,715700.00,5.00,5.00,470285.00,320768.00,939.00,341.00
1991.00,4.00,725630.00,2.00,2.00,37019.00,25696.00,352.00,73.00
1991.00,5.00,625531.00,1.00,1.00,53847.00,43078.00,45.00,957.00
1991.00,5.00,635530.00,1.00,1.00,21539.00,17231.00,70.00,246.00
1991.00,5.00,645530.00,1.00,1.00,4631.00,3200.00,200.00,16.00
1991.00,5.00,645630.00,1.00,1.00,977.00,697.00,93.00,7.00
1991.00,5.00,655530.00,2.00,2.00,39355.00,29109.00,210.00,138.00
1991.00,5.00,655600.00,4.00,4.00,11996.00,8930.00,492.00,18.00
1991.00,5.00,655630.00,2.00,2.00,3053.00,2160.00,223.00,9.00
1991.00,5.00,665530.00,3.00,3.00,224983.00,156108.00,581.00,268.00
1991.00,5.00,665600.00,9.00,10.00,618582.00,477114.00,3228.00,147.00
1991.00,5.00,665630.00,1.00,1.00,71045.00,53417.00,400.00,133.00
1991.00,5.00,665700.00,1.00,1.00,25250.00,20200.00,40.00,505.00
1991.00,5.00,675500.00,2.00,3.00,481878.00,385977.00,1303.00,296.00
1991.00,5.00,675530.00,8.00,10.00,1274661.00,995398.00,3857.00,258.00
1991.00,5.00,675600.00,11.00,15.00,1434609.00,1090552.00,3582.00,304.00
1991.00,5.00,675630.00,5.00,5.00,245085.00,197531.00,1306.00,151.00
1991.00,5.00,685530.00,3.00,3.00,268098.00,205090.00,1100.00,186.00
1991.00,5.00,685600.00,7.00,8.00,759576.00,587269.00,2981.00,197.00
1991.00,5.00,685630.00,3.00,3.00,181127.00,137411.00,711.00,193.00
1991.00,5.00,695631.00,2.00,3.00,47409.00,36207.00,260.00,139.00
1991.00,5.00,705600.00,1.00,1.00,5213.00,3570.00,27.00,132.00
1991.00,5.00,705630.00,5.00,6.00,122300.00,92227.00,1299.00,70.00
1991.00,5.00,705701.00,9.00,10.00,821806.00,580846.00,2550.00,227.00
1991.00,5.00,715600.00,1.00,1.00,59045.00,40167.00,150.00,267.00
1991.00,5.00,715630.00,13.00,14.00,1916274.00,1523055.00,4028.00,378.00
1991.00,5.00,715700.00,11.00,13.00,1297470.00,1010809.00,3080.00,328.00
1991.00,5.00,715730.00,1.00,1.00,136123.00,107183.00,250.00,428.00
1991.00,5.00,725630.00,2.00,2.00,145030.00,103709.00,398.00,260.00
1991.00,5.00,725700.00,3.00,3.00,180052.00,160583.00,574.00,279.00
1991.00,6.00,645530.00,1.00,1.00,112052.00,89642.00,225.00,398.00
1991.00,6.00,645600.00,2.00,2.00,2925.00,2315.00,190.00,12.00
1991.00,6.00,655500.00,1.00,1.00,5337.00,3953.00,130.00,30.00
1991.00,6.00,655530.00,3.00,3.00,208943.00,156090.00,885.00,176.00
1991.00,6.00,655600.00,3.00,3.00,124553.00,85790.00,471.00,182.00
1991.00,6.00,665500.00,1.00,1.00,26510.00,19637.00,90.00,218.00
1991.00,6.00,665530.00,6.00,7.00,547399.00,404775.00,1702.00,237.00
1991.00,6.00,665600.00,3.00,4.00,106271.00,74419.00,648.00,114.00
1991.00,6.00,675530.00,9.00,14.00,1508920.00,1141282.00,5586.00,204.00
1991.00,6.00,675600.00,14.00,17.00,1893521.00,1477222.00,6007.00,245.00
1991.00,6.00,675630.00,4.00,5.00,163332.00,127117.00,732.00,173.00
1991.00,6.00,675700.00,1.00,1.00,1231.00,867.00,7.00,123.00
1991.00,6.00,685500.00,1.00,1.00,69529.00,58922.00,240.00,245.00
1991.00,6.00,685600.00,4.00,3.00,111758.00,86447.00,414.00,208.00
1991.00,6.00,685630.00,2.00,2.00,71727.00,52655.00,134.00,392.00
1991.00,6.00,695600.00,1.00,1.00,65570.00,48570.00,400.00,121.00
1991.00,6.00,695631.00,1.00,1.00,89940.00,62458.00,200.00,312.00
1991.00,6.00,705630.00,6.00,6.00,181234.00,130846.00,1457.00,89.00
1991.00,6.00,705701.00,8.00,10.00,788932.00,576763.00,2477.00,232.00
1991.00,6.00,705702.00,2.00,3.00,253258.00,171515.00,437.00,392.00
1991.00,6.00,715600.00,2.00,2.00,21769.00,17022.00,63.00,270.00
1991.00,6.00,715630.00,14.00,15.00,1694464.00,1276354.00,5627.00,226.00
1991.00,6.00,715700.00,15.00,18.00,1837839.00,1425372.00,4936.00,288.00
1991.00,6.00,715730.00,3.00,3.00,348184.00,274857.00,1258.00,218.00
1991.00,6.00,725630.00,2.00,2.00,184702.00,145996.00,627.00,232.00
1991.00,6.00,725700.00,1.00,1.00,38228.00,31857.00,154.00,206.00
1991.00,6.00,725730.00,1.00,1.00,24714.00,19771.00,73.00,270.00
1991.00,7.00,645600.00,1.00,1.00,11339.00,7096.00,166.00,42.00
1991.00,7.00,655530.00,2.00,2.00,262281.00,197992.00,790.00,250.00
1991.00,7.00,655600.00,1.00,1.00,4936.00,3111.00,64.00,48.00
1991.00,7.00,655700.00,1.00,1.00,7179.00,5652.00,30.00,188.00
1991.00,7.00,655730.00,1.00,1.00,15553.00,12246.00,60.00,204.00
1991.00,7.00,665500.00,1.00,1.00,46857.00,36607.00,200.00,183.00
1991.00,7.00,665530.00,5.00,5.00,617731.00,458919.00,2281.00,201.00
1991.00,7.00,665600.00,7.00,7.00,570542.00,418921.00,2751.00,152.00
1991.00,7.00,675500.00,4.00,5.00,427892.00,336178.00,1975.00,170.00
1991.00,7.00,675530.00,16.00,20.00,2412026.00,1862479.00,7813.00,238.00
1991.00,7.00,675600.00,13.00,18.00,1630175.00,1274917.00,5251.00,242.00
1991.00,7.00,675630.00,1.00,1.00,83410.00,64161.00,375.00,171.00
1991.00,7.00,685530.00,7.00,8.00,984492.00,791242.00,3416.00,231.00
1991.00,7.00,685600.00,12.00,14.00,1357153.00,1076533.00,4478.00,240.00
1991.00,7.00,685630.00,6.00,6.00,527629.00,396078.00,2203.00,179.00
1991.00,7.00,695600.00,3.00,3.00,250487.00,196242.00,833.00,235.00
1991.00,7.00,695631.00,1.00,1.00,41823.00,28843.00,270.00,106.00
1991.00,7.00,705600.00,3.00,3.00,53240.00,40021.00,226.00,177.00
1991.00,7.00,705630.00,7.00,8.00,429820.00,334941.00,3200.00,104.00
1991.00,7.00,705701.00,8.00,8.00,321341.00,245181.00,1460.00,167.00
1991.00,7.00,715600.00,2.00,2.00,49356.00,39915.00,151.00,264.00
1991.00,7.00,715630.00,14.00,15.00,1292398.00,1027340.00,4252.00,241.00
1991.00,7.00,715700.00,18.00,19.00,1442441.00,1173181.00,4975.00,235.00
1991.00,7.00,725600.00,1.00,1.00,9706.00,9333.00,42.00,222.00
1991.00,7.00,725630.00,7.00,8.00,382186.00,337862.00,1350.00,250.00
1991.00,7.00,725700.00,4.00,4.00,139835.00,112033.00,615.00,182.00
1991.00,7.00,725730.00,1.00,1.00,8206.00,6672.00,42.00,158.00
1991.00,8.00,635530.00,1.00,1.00,11006.00,8805.00,700.00,12.00
1991.00,8.00,635630.00,1.00,1.00,11743.00,9786.00,84.00,116.00
1991.00,8.00,645501.00,1.00,1.00,605.00,600.00,150.00,4.00
1991.00,8.00,645530.00,1.00,1.00,134575.00,107660.00,1000.00,107.00
1991.00,8.00,655530.00,1.00,1.00,4555.00,3399.00,27.00,125.00
1991.00,8.00,655600.00,1.00,1.00,73079.00,58463.00,365.00,160.00
1991.00,8.00,655700.00,1.00,1.00,50250.00,38360.00,201.00,190.00
1991.00,8.00,665500.00,2.00,2.00,258033.00,193839.00,1100.00,176.00
1991.00,8.00,665530.00,7.00,9.00,622058.00,460749.00,2616.00,176.00
1991.00,8.00,665600.00,1.00,1.00,24451.00,18524.00,100.00,185.00
1991.00,8.00,675500.00,3.00,6.00,433297.00,331529.00,1344.00,246.00
1991.00,8.00,675530.00,19.00,27.00,3397320.00,2648181.00,12429.00,213.00
1991.00,8.00,675600.00,16.00,24.00,2545747.00,2038905.00,8482.00,240.00
1991.00,8.00,675630.00,1.00,1.00,98378.00,72872.00,300.00,242.00
1991.00,8.00,685500.00,1.00,1.00,23359.00,15469.00,39.00,396.00
1991.00,8.00,685530.00,12.00,16.00,1782445.00,1399348.00,5514.00,253.00
1991.00,8.00,685600.00,15.00,18.00,1800143.00,1432529.00,5682.00,252.00
1991.00,8.00,685630.00,2.00,2.00,346938.00,260658.00,1180.00,220.00
1991.00,8.00,695600.00,6.00,6.00,522219.00,406871.00,1689.00,240.00
1991.00,8.00,695631.00,2.00,2.00,39070.00,31906.00,288.00,110.00
1991.00,8.00,695632.00,1.00,1.00,33323.00,23303.00,191.00,122.00
1991.00,8.00,705500.00,1.00,1.00,26182.00,18309.00,138.00,132.00
1991.00,8.00,705600.00,7.00,8.00,372042.00,285770.00,2437.00,117.00
1991.00,8.00,705630.00,9.00,9.00,541239.00,427187.00,2159.00,197.00
1991.00,8.00,705701.00,5.00,5.00,247647.00,187454.00,986.00,190.00
1991.00,8.00,705702.00,1.00,1.00,32453.00,23347.00,150.00,155.00
1991.00,8.00,715600.00,4.00,4.00,266760.00,201577.00,790.00,255.00
1991.00,8.00,715630.00,15.00,16.00,1080275.00,883320.00,2576.00,342.00
1991.00,8.00,715700.00,9.00,10.00,623809.00,504789.00,2033.00,248.00
1991.00,8.00,715730.00,1.00,1.00,44642.00,35095.00,130.00,269.00
1991.00,8.00,725600.00,5.00,5.00,174519.00,144027.00,692.00,208.00
1991.00,8.00,725630.00,15.00,15.00,2131129.00,1781138.00,6115.00,291.00
1991.00,8.00,725700.00,6.00,6.00,370211.00,290359.00,1231.00,235.00
1991.00,8.00,725730.00,1.00,1.00,21401.00,16719.00,40.00,417.00
1991.00,9.00,635600.00,1.00,1.00,135387.00,99549.00,400.00,248.00
1991.00,9.00,645600.00,1.00,1.00,189.00,142.00,27.00,5.00
1991.00,9.00,655600.00,1.00,1.00,1358.00,924.00,33.00,28.00
1991.00,9.00,665500.00,2.00,2.00,217380.00,163933.00,1280.00,128.00
1991.00,9.00,665530.00,11.00,12.00,1212935.00,907926.00,4827.00,188.00
1991.00,9.00,665600.00,2.00,2.00,237577.00,181668.00,1210.00,150.00
1991.00,9.00,665630.00,1.00,1.00,59240.00,45569.00,140.00,325.00
1991.00,9.00,675500.00,5.00,6.00,305919.00,239291.00,1256.00,190.00
1991.00,9.00,675530.00,24.00,39.00,4138359.00,3237828.00,15688.00,206.00
1991.00,9.00,675600.00,16.00,20.00,1419183.00,1119225.00,5366.00,208.00
1991.00,9.00,675630.00,3.00,3.00,158040.00,120287.00,567.00,212.00
1991.00,9.00,685500.00,1.00,1.00,71400.00,56000.00,326.00,171.00
1991.00,9.00,685530.00,23.00,30.00,3196137.00,2499292.00,11616.00,215.00
1991.00,9.00,685600.00,15.00,17.00,1270423.00,998904.00,5960.00,167.00
1991.00,9.00,685630.00,3.00,3.00,177403.00,145921.00,695.00,209.00
1991.00,9.00,695530.00,1.00,1.00,137431.00,105716.00,1200.00,88.00
1991.00,9.00,695600.00,1.00,1.00,21981.00,14752.00,102.00,144.00
1991.00,9.00,705600.00,6.00,6.00,260410.00,206843.00,1268.00,163.00
1991.00,9.00,705630.00,5.00,5.00,172069.00,135818.00,622.00,218.00
1991.00,9.00,705701.00,1.00,1.00,11628.00,8809.00,82.00,107.00
1991.00,9.00,715600.00,2.00,2.00,42199.00,34027.00,355.00,95.00
1991.00,9.00,715630.00,10.00,9.00,748292.00,594834.00,2361.00,251.00
1991.00,9.00,715700.00,3.00,3.00,180685.00,142798.00,716.00,199.00
1991.00,9.00,725600.00,1.00,1.00,25569.00,20788.00,114.00,182.00
1991.00,9.00,725630.00,10.00,10.00,991502.00,824459.00,2473.00,333.00
1991.00,9.00,725700.00,5.00,5.00,349980.00,280667.00,1042.00,269.00
1991.00,10.00,625531.00,1.00,1.00,8281.00,6089.00,100.00,60.00
1991.00,10.00,635530.00,1.00,1.00,8281.00,6089.00,100.00,60.00
1991.00,10.00,645600.00,1.00,1.00,2161.00,1403.00,89.00,15.00
1991.00,10.00,655530.00,2.00,2.00,155652.00,114665.00,1202.00,95.00
1991.00,10.00,655600.00,2.00,2.00,66594.00,49726.00,425.00,117.00
1991.00,10.00,665500.00,6.00,6.00,393001.00,305827.00,2025.00,151.00
1991.00,10.00,665530.00,5.00,7.00,576871.00,438851.00,2678.00,163.00
1991.00,10.00,665600.00,6.00,6.00,380548.00,305929.00,2262.00,135.00
1991.00,10.00,675500.00,1.00,1.00,607.00,456.00,6.00,76.00
1991.00,10.00,675530.00,20.00,30.00,2679230.00,2094878.00,13102.00,159.00
1991.00,10.00,675600.00,9.00,11.00,732877.00,598239.00,3486.00,171.00
1991.00,10.00,675630.00,2.00,2.00,116778.00,89107.00,891.00,100.00
1991.00,10.00,685500.00,2.00,2.00,13533.00,8709.00,133.00,65.00
1991.00,10.00,685530.00,21.00,22.00,1423693.00,1137830.00,7000.00,162.00
1991.00,10.00,685600.00,21.00,31.00,2966878.00,2371279.00,12002.00,197.00
1991.00,10.00,685630.00,8.00,8.00,796480.00,622877.00,2789.00,223.00
1991.00,10.00,695600.00,4.00,5.00,486358.00,376807.00,2417.00,155.00
1991.00,10.00,695631.00,1.00,1.00,996.00,810.00,51.00,15.00
1991.00,10.00,705600.00,9.00,8.00,585840.00,458974.00,2677.00,171.00
1991.00,10.00,705630.00,3.00,4.00,297579.00,245106.00,1399.00,175.00
1991.00,10.00,715600.00,6.00,6.00,769479.00,626755.00,2513.00,249.00
1991.00,10.00,715630.00,20.00,22.00,3077957.00,2492158.00,7486.00,332.00
1991.00,10.00,715700.00,1.00,1.00,192325.00,162987.00,234.00,696.00
1991.00,10.00,725600.00,1.00,1.00,299475.00,234607.00,1150.00,204.00
1991.00,10.00,725630.00,3.00,3.00,163507.00,129083.00,401.00,321.00
1991.00,10.00,725700.00,4.00,4.00,92545.00,76149.00,197.00,386.00
1991.00,11.00,655530.00,1.00,1.00,11753.00,7888.00,110.00,71.00
1991.00,11.00,655600.00,1.00,1.00,76546.00,63788.00,720.00,88.00
1991.00,11.00,655630.00,1.00,1.00,148016.00,122327.00,450.00,271.00
1991.00,11.00,665500.00,2.00,2.00,46479.00,38907.00,311.00,125.00
1991.00,11.00,665530.00,8.00,9.00,552122.00,438922.00,2385.00,184.00
1991.00,11.00,665600.00,2.00,2.00,305186.00,237156.00,1250.00,189.00
1991.00,11.00,675500.00,1.00,1.00,7398.00,5871.00,52.00,112.00
1991.00,11.00,675530.00,8.00,9.00,494787.00,391611.00,2558.00,153.00
1991.00,11.00,675600.00,11.00,14.00,1280551.00,1012069.00,4546.00,222.00
1991.00,11.00,685500.00,1.00,1.00,7559.00,6630.00,76.00,87.00
1991.00,11.00,685530.00,12.00,15.00,630097.00,495323.00,2823.00,175.00
1991.00,11.00,685600.00,18.00,28.00,3353976.00,2699472.00,12314.00,219.00
1991.00,11.00,685630.00,12.00,16.00,1437097.00,1165386.00,4879.00,238.00
1991.00,11.00,695600.00,3.00,3.00,27397.00,21582.00,126.00,171.00
1991.00,11.00,695631.00,1.00,1.00,152443.00,127036.00,480.00,264.00
1991.00,11.00,705600.00,6.00,7.00,1071818.00,894830.00,2712.00,329.00
1991.00,11.00,705630.00,10.00,10.00,649746.00,524561.00,2293.00,228.00
1991.00,11.00,715600.00,3.00,3.00,138426.00,109099.00,469.00,232.00
1991.00,11.00,715630.00,24.00,29.00,4996891.00,4051254.00,11987.00,337.00
1991.00,11.00,715700.00,8.00,9.00,1095551.00,861871.00,2410.00,357.00
1991.00,11.00,715730.00,1.00,1.00,174003.00,142625.00,226.00,631.00
1991.00,11.00,725630.00,5.00,5.00,256778.00,214696.00,702.00,305.00
1991.00,11.00,725700.00,9.00,9.00,1572406.00,1303529.00,3623.00,359.00
1991.00,11.00,725730.00,2.00,2.00,42814.00,32638.00,77.00,423.00
1991.00,11.00,725800.00,1.00,1.00,72429.00,54458.00,110.00,495.00
1991.00,12.00,645600.00,1.00,1.00,41377.00,33916.00,161.00,210.00
1991.00,12.00,655500.00,1.00,1.00,1939.00,1385.00,40.00,34.00
1991.00,12.00,665500.00,2.00,2.00,39358.00,27834.00,434.00,64.00
1991.00,12.00,665530.00,3.00,3.00,107907.00,80036.00,411.00,194.00
1991.00,12.00,665600.00,2.00,2.00,300133.00,248295.00,1360.00,182.00
1991.00,12.00,675530.00,6.00,8.00,505734.00,411246.00,2620.00,156.00
1991.00,12.00,675600.00,12.00,13.00,1166982.00,917308.00,4888.00,187.00
1991.00,12.00,675630.00,4.00,5.00,344346.00,269583.00,985.00,273.00
1991.00,12.00,675700.00,1.00,1.00,1200.00,984.00,0.00,
1991.00,12.00,685500.00,1.00,1.00,5208.00,4166.00,128.00,32.00
1991.00,12.00,685530.00,3.00,3.00,148235.00,118857.00,875.00,135.00
1991.00,12.00,685600.00,24.00,26.00,2096478.00,1668933.00,8469.00,197.00
1991.00,12.00,685630.00,19.00,28.00,2720960.00,2118781.00,8853.00,239.00
1991.00,12.00,695600.00,1.00,1.00,111013.00,87412.00,510.00,171.00
1991.00,12.00,705600.00,4.00,8.00,581171.00,466077.00,1924.00,242.00
1991.00,12.00,705630.00,10.00,12.00,1284008.00,947192.00,5070.00,186.00
1991.00,12.00,705701.00,2.00,2.00,243231.00,178213.00,650.00,274.00
1991.00,12.00,715600.00,3.00,3.00,242033.00,198116.00,720.00,275.00
1991.00,12.00,715630.00,23.00,27.00,3509900.00,2805420.00,9861.00,284.00
1991.00,12.00,715700.00,17.00,23.00,2455010.00,1885177.00,6628.00,284.00
1991.00,12.00,715730.00,2.00,2.00,175234.00,139688.00,331.00,422.00
1991.00,12.00,725630.00,5.00,5.00,457033.00,366069.00,1506.00,243.00
1991.00,12.00,725700.00,14.00,14.00,1635127.00,1313876.00,3390.00,387.00
1991.00,12.00,725730.00,1.00,1.00,79908.00,58327.00,212.00,275.00
1991.00,13.00,655600.00,1.00,1.00,61596.00,51330.00,240.00,213.00
1991.00,13.00,665530.00,5.00,6.00,169501.00,130449.00,937.00,139.00
1991.00,13.00,665600.00,3.00,3.00,371216.00,241013.00,1546.00,155.00
1991.00,13.00,665830.00,2.00,1.00,134310.00,102166.00,1100.00,92.00
1991.00,13.00,675530.00,3.00,3.00,185177.00,145361.00,1040.00,139.00
1991.00,13.00,675600.00,12.00,14.00,1228654.00,1008772.00,4325.00,233.00
1991.00,13.00,675630.00,5.00,4.00,493028.00,361333.00,1700.00,212.00
1991.00,13.00,685600.00,12.00,19.00,1868257.00,1505733.00,6748.00,223.00
1991.00,13.00,685630.00,18.00,30.00,3665027.00,2819104.00,11137.00,253.00
1991.00,13.00,695600.00,3.00,4.00,176991.00,129903.00,1017.00,127.00
1991.00,13.00,695631.00,3.00,3.00,236871.00,179832.00,749.00,240.00
1991.00,13.00,705600.00,4.00,5.00,625766.00,476937.00,2132.00,223.00
1991.00,13.00,705630.00,10.00,10.00,851407.00,637609.00,3337.00,191.00
1991.00,13.00,705701.00,2.00,2.00,51385.00,35073.00,106.00,330.00
1991.00,13.00,705830.00,1.00,1.00,32292.00,22582.00,110.00,205.00
1991.00,13.00,715600.00,6.00,7.00,682753.00,552955.00,2059.00,268.00
1991.00,13.00,715630.00,25.00,34.00,4192602.00,3355685.00,11950.00,280.00
1991.00,13.00,715700.00,23.00,26.00,2759523.00,2132918.00,11398.00,187.00
1991.00,13.00,725600.00,1.00,1.00,18167.00,15936.00,22.00,724.00
1991.00,13.00,725630.00,8.00,9.00,491478.00,393115.00,1237.00,317.00
1991.00,13.00,725700.00,15.00,15.00,1564923.00,1278595.00,4195.00,304.00
1991.00,13.00,725730.00,6.00,6.00,601112.00,480460.00,1192.00,403.00
1991.00,13.00,725800.00,1.00,1.00,14287.00,11906.00,80.00,148.00
1991.00,13.00,735700.00,1.00,1.00,51425.00,44332.00,59.00,751.00
1991.00,13.00,735730.00,1.00,1.00,191246.00,156759.00,218.00,719.00
1991.00,14.00,615630.00,1.00,1.00,66554.00,47538.00,150.00,316.00
1991.00,14.00,655630.00,1.00,1.00,178910.00,149091.00,600.00,248.00
1991.00,14.00,665500.00,1.00,1.00,145016.00,125013.00,472.00,264.00
1991.00,14.00,665530.00,1.00,1.00,122319.00,79947.00,392.00,203.00
1991.00,14.00,665600.00,4.00,5.00,474939.00,350821.00,1804.00,194.00
1991.00,14.00,675530.00,1.00,1.00,5894.00,4366.00,71.00,61.00
1991.00,14.00,675600.00,7.00,9.00,880170.00,676694.00,2672.00,253.00
1991.00,14.00,675630.00,6.00,7.00,758942.00,602437.00,2356.00,255.00
1991.00,14.00,675700.00,1.00,1.00,24227.00,19228.00,166.00,115.00
1991.00,14.00,685600.00,6.00,8.00,744414.00,592478.00,3255.00,182.00
1991.00,14.00,685630.00,14.00,23.00,2716856.00,2074343.00,8849.00,234.00
1991.00,14.00,695600.00,2.00,2.00,216363.00,178882.00,1325.00,135.00
1991.00,14.00,695631.00,3.00,3.00,192628.00,136053.00,550.00,247.00
1991.00,14.00,705600.00,7.00,8.00,1135900.00,887635.00,2998.00,296.00
1991.00,14.00,705630.00,7.00,7.00,275285.00,210121.00,1283.00,163.00
1991.00,14.00,705701.00,2.00,2.00,16954.00,13318.00,95.00,140.00
1991.00,14.00,715600.00,3.00,3.00,248641.00,202002.00,647.00,312.00
1991.00,14.00,715630.00,23.00,30.00,3723527.00,3016635.00,11072.00,272.00
1991.00,14.00,715700.00,15.00,21.00,2681212.00,2084139.00,10472.00,199.00
1991.00,14.00,715730.00,2.00,2.00,73608.00,56284.00,303.00,185.00
1991.00,14.00,715900.00,1.00,1.00,1000.00,909.00,0.00,
1991.00,14.00,725600.00,2.00,2.00,129746.00,109366.00,693.00,157.00
1991.00,14.00,725630.00,12.00,14.00,1307255.00,1047977.00,3823.00,274.00
1991.00,14.00,725700.00,13.00,13.00,1185904.00,946431.00,3038.00,311.00
1991.00,14.00,725730.00,13.00,14.00,1605911.00,1333268.00,3790.00,351.00
1991.00,14.00,725800.00,1.00,1.00,4754.00,4098.00,41.00,99.00
1991.00,14.00,735700.00,1.00,1.00,5954.00,5046.00,22.00,229.00
1991.00,14.00,735730.00,2.00,2.00,127925.00,106775.00,271.00,394.00
1991.00,15.00,615700.00,1.00,1.00,48923.00,39454.00,137.00,287.00
1991.00,15.00,625600.00,1.00,1.00,29730.00,21085.00,165.00,127.00
1991.00,15.00,655600.00,2.00,2.00,251871.00,198982.00,995.00,199.00
1991.00,15.00,665600.00,4.00,4.00,337479.00,251421.00,1795.00,140.00
1991.00,15.00,665630.00,3.00,3.00,394091.00,287079.00,1720.00,166.00
1991.00,15.00,675500.00,1.00,1.00,19450.00,15436.00,129.00,119.00
1991.00,15.00,675600.00,9.00,11.00,1056395.00,831731.00,3618.00,229.00
1991.00,15.00,675630.00,9.00,12.00,1062365.00,841402.00,3818.00,220.00
1991.00,15.00,685530.00,1.00,1.00,14866.00,10396.00,92.00,113.00
1991.00,15.00,685600.00,7.00,8.00,805544.00,646395.00,3348.00,193.00
1991.00,15.00,685630.00,18.00,26.00,3002147.00,2302729.00,12162.00,189.00
1991.00,15.00,695631.00,2.00,2.00,153325.00,113997.00,640.00,178.00
1991.00,15.00,705600.00,10.00,12.00,1238236.00,989070.00,4486.00,220.00
1991.00,15.00,705630.00,7.00,7.00,895682.00,726179.00,4337.00,167.00
1991.00,15.00,715600.00,3.00,4.00,383281.00,303482.00,1655.00,183.00
1991.00,15.00,715630.00,25.00,39.00,4444378.00,3643978.00,15814.00,230.00
1991.00,15.00,715700.00,12.00,17.00,2165037.00,1745738.00,9602.00,181.00
1991.00,15.00,715730.00,2.00,2.00,233778.00,186615.00,457.00,408.00
1991.00,15.00,725630.00,19.00,19.00,1904880.00,1542413.00,7369.00,209.00
1991.00,15.00,725700.00,20.00,23.00,3180587.00,2658397.00,8653.00,307.00
1991.00,15.00,725730.00,13.00,14.00,1226849.00,1004116.00,3155.00,318.00
1991.00,15.00,725800.00,1.00,1.00,7601.00,4968.00,15.00,331.00
1991.00,15.00,725830.00,1.00,1.00,7728.00,6549.00,28.00,233.00
1991.00,15.00,735700.00,6.00,6.00,524118.00,424404.00,1595.00,266.00
1991.00,15.00,735730.00,6.00,6.00,589854.00,468370.00,1150.00,407.00
1991.00,15.00,785600.00,1.00,1.00,144275.00,110981.00,700.00,158.00
1991.00,16.00,665500.00,1.00,1.00,17019.00,13748.00,50.00,274.00
1991.00,16.00,665530.00,2.00,2.00,60842.00,46763.00,235.00,198.00
1991.00,16.00,665600.00,4.00,4.00,325796.00,250171.00,2055.00,121.00
1991.00,16.00,665630.00,1.00,1.00,124325.00,90748.00,400.00,226.00
1991.00,16.00,675530.00,1.00,1.00,20040.00,15416.00,100.00,154.00
1991.00,16.00,675600.00,4.00,4.00,369408.00,291776.00,1843.00,158.00
1991.00,16.00,675630.00,7.00,10.00,1024032.00,795514.00,4015.00,198.00
1991.00,16.00,685600.00,9.00,12.00,1163107.00,911404.00,5643.00,161.00
1991.00,16.00,685630.00,14.00,18.00,2008901.00,1582697.00,8545.00,185.00
1991.00,16.00,685700.00,1.00,1.00,103741.00,78591.00,200.00,392.00
1991.00,16.00,695600.00,2.00,2.00,353894.00,288752.00,1153.00,250.00
1991.00,16.00,695631.00,4.00,4.00,388292.00,266640.00,1495.00,178.00
1991.00,16.00,705600.00,6.00,8.00,1044621.00,803394.00,4010.00,200.00
1991.00,16.00,705630.00,5.00,5.00,479534.00,371084.00,2382.00,155.00
1991.00,16.00,705701.00,2.00,2.00,95931.00,77055.00,395.00,195.00
1991.00,16.00,715630.00,17.00,24.00,2198235.00,1794388.00,8174.00,219.00
1991.00,16.00,715700.00,17.00,20.00,2431745.00,1978570.00,9659.00,204.00
1991.00,16.00,715730.00,1.00,1.00,97703.00,92173.00,500.00,184.00
1991.00,16.00,725630.00,14.00,14.00,993324.00,820121.00,4584.00,178.00
1991.00,16.00,725700.00,26.00,30.00,3304722.00,2713744.00,11218.00,241.00
1991.00,16.00,725730.00,18.00,23.00,2046608.00,1662009.00,8189.00,202.00
1991.00,16.00,725800.00,3.00,3.00,181889.00,147512.00,266.00,554.00
1991.00,16.00,725830.00,1.00,1.00,43702.00,34684.00,104.00,333.00
1991.00,16.00,735700.00,11.00,11.00,936610.00,737621.00,3323.00,221.00
1991.00,16.00,735730.00,12.00,12.00,1143827.00,959207.00,2675.00,358.00
1991.00,16.00,735800.00,3.00,3.00,158322.00,125703.00,561.00,224.00
1991.00,17.00,655600.00,1.00,1.00,87778.00,65999.00,400.00,164.00
1991.00,17.00,665530.00,1.00,1.00,34252.00,23786.00,151.00,157.00
1991.00,17.00,665600.00,4.00,3.00,235080.00,179554.00,1847.00,97.00
1991.00,17.00,665630.00,3.00,3.00,436234.00,329988.00,2470.00,133.00
1991.00,17.00,675600.00,5.00,6.00,389885.00,292606.00,2196.00,133.00
1991.00,17.00,675630.00,9.00,10.00,980044.00,759590.00,4256.00,178.00
1991.00,17.00,685600.00,4.00,6.00,437795.00,338791.00,2323.00,145.00
1991.00,17.00,685630.00,13.00,18.00,2126231.00,1705782.00,9253.00,184.00
1991.00,17.00,685700.00,3.00,4.00,632145.00,480669.00,2582.00,186.00
1991.00,17.00,695631.00,4.00,4.00,345342.00,244343.00,1802.00,135.00
1991.00,17.00,705600.00,6.00,6.00,447271.00,375350.00,2041.00,183.00
1991.00,17.00,705630.00,6.00,7.00,750861.00,582826.00,3328.00,175.00
1991.00,17.00,705701.00,4.00,3.00,531066.00,428288.00,2025.00,211.00
1991.00,17.00,705730.00,1.00,1.00,2792.00,2038.00,113.00,18.00
1991.00,17.00,715600.00,1.00,1.00,21003.00,17649.00,86.00,205.00
1991.00,17.00,715630.00,10.00,19.00,1827699.00,1529789.00,7698.00,198.00
1991.00,17.00,715700.00,12.00,13.00,1087479.00,870219.00,4649.00,187.00
1991.00,17.00,715730.00,5.00,6.00,678975.00,555189.00,2206.00,251.00
1991.00,17.00,725630.00,4.00,4.00,405192.00,343709.00,1861.00,184.00
1991.00,17.00,725700.00,10.00,10.00,498729.00,410782.00,1726.00,237.00
1991.00,17.00,725730.00,28.00,39.00,3990809.00,3233281.00,14630.00,221.00
1991.00,17.00,725800.00,4.00,4.00,571140.00,491659.00,1839.00,267.00
1991.00,17.00,725830.00,1.00,1.00,35001.00,27132.00,33.00,822.00
1991.00,17.00,735700.00,3.00,3.00,84169.00,65097.00,180.00,361.00
1991.00,17.00,735730.00,14.00,14.00,1291573.00,1047427.00,4006.00,261.00
1991.00,17.00,735800.00,14.00,14.00,1551280.00,1268788.00,4298.00,295.00
1991.00,17.00,735830.00,2.00,2.00,265421.00,215307.00,741.00,290.00
1991.00,17.00,745800.00,2.00,2.00,25647.00,20602.00,133.00,154.00
1991.00,17.00,755830.00,1.00,1.00,18062.00,14222.00,98.00,145.00
1991.00,18.00,665600.00,2.00,2.00,155659.00,116105.00,735.00,157.00
1991.00,18.00,665630.00,2.00,2.00,135082.00,102011.00,910.00,112.00
1991.00,18.00,675530.00,1.00,1.00,9880.00,7485.00,130.00,57.00
1991.00,18.00,675600.00,2.00,2.00,177579.00,136060.00,1000.00,136.00
1991.00,18.00,675630.00,9.00,12.00,1009796.00,780315.00,5998.00,130.00
1991.00,18.00,675700.00,1.00,1.00,40195.00,30920.00,320.00,96.00
1991.00,18.00,685600.00,6.00,8.00,493096.00,371489.00,3636.00,102.00
1991.00,18.00,685630.00,10.00,11.00,692664.00,477045.00,4244.00,112.00
1991.00,18.00,685700.00,2.00,2.00,222925.00,182033.00,850.00,214.00
1991.00,18.00,695631.00,3.00,3.00,185324.00,137577.00,1412.00,97.00
1991.00,18.00,695730.00,1.00,1.00,15025.00,12215.00,130.00,93.00
1991.00,18.00,705600.00,6.00,6.00,414267.00,325163.00,2931.00,110.00
1991.00,18.00,705630.00,11.00,12.00,971228.00,783227.00,6863.00,114.00
1991.00,18.00,705701.00,3.00,4.00,170315.00,134849.00,1037.00,130.00
1991.00,18.00,715600.00,1.00,1.00,4903.00,4378.00,17.00,257.00
1991.00,18.00,715630.00,12.00,19.00,1309729.00,1031204.00,9839.00,104.00
1991.00,18.00,715700.00,17.00,22.00,1919835.00,1546023.00,10963.00,141.00
1991.00,18.00,715730.00,2.00,2.00,21913.00,16490.00,165.00,99.00
1991.00,18.00,715830.00,1.00,2.00,58628.00,46600.00,400.00,116.00
1991.00,18.00,725600.00,1.00,1.00,15797.00,13618.00,91.00,149.00
1991.00,18.00,725630.00,6.00,6.00,144559.00,119148.00,946.00,125.00
1991.00,18.00,725700.00,22.00,23.00,1295994.00,1076372.00,8471.00,127.00
1991.00,18.00,725730.00,24.00,34.00,2150730.00,1765156.00,12275.00,143.00
1991.00,18.00,725800.00,4.00,4.00,138505.00,119327.00,816.00,146.00
1991.00,18.00,735700.00,10.00,10.00,284802.00,237146.00,1564.00,151.00
1991.00,18.00,735730.00,14.00,15.00,450785.00,370882.00,2611.00,142.00
1991.00,18.00,735800.00,14.00,14.00,1104727.00,934888.00,3684.00,253.00
1991.00,18.00,735830.00,3.00,3.00,81455.00,66399.00,184.00,360.00
1991.00,18.00,755730.00,2.00,2.00,32618.00,25734.00,230.00,111.00
1991.00,19.00,665530.00,1.00,1.00,3930.00,3070.00,55.00,55.00
1991.00,19.00,665600.00,2.00,2.00,85382.00,65153.00,491.00,132.00
1991.00,19.00,665630.00,3.00,4.00,380835.00,300441.00,1800.00,166.00
1991.00,19.00,675530.00,1.00,1.00,27244.00,21921.00,33.00,664.00
1991.00,19.00,675600.00,3.00,3.00,188644.00,144154.00,1175.00,122.00
1991.00,19.00,675630.00,6.00,7.00,360247.00,269531.00,2325.00,115.00
1991.00,19.00,675730.00,1.00,1.00,28518.00,24584.00,205.00,119.00
1991.00,19.00,685530.00,2.00,2.00,14687.00,11847.00,400.00,29.00
1991.00,19.00,685600.00,8.00,8.00,152399.00,120013.00,880.00,136.00
1991.00,19.00,685630.00,11.00,12.00,821907.00,635634.00,5731.00,110.00
1991.00,19.00,685700.00,2.00,2.00,139352.00,116317.00,861.00,135.00
1991.00,19.00,695600.00,1.00,1.00,87412.00,69980.00,344.00,203.00
1991.00,19.00,695631.00,2.00,2.00,101690.00,76455.00,840.00,91.00
1991.00,19.00,695700.00,1.00,1.00,137197.00,114331.00,800.00,142.00
1991.00,19.00,705600.00,4.00,4.00,63043.00,49344.00,421.00,117.00
1991.00,19.00,705630.00,6.00,7.00,180120.00,153186.00,1439.00,106.00
1991.00,19.00,705701.00,1.00,1.00,46121.00,37496.00,400.00,93.00
1991.00,19.00,715600.00,2.00,2.00,42742.00,34176.00,793.00,43.00
1991.00,19.00,715630.00,10.00,11.00,278316.00,223341.00,2210.00,101.00
1991.00,19.00,715700.00,11.00,12.00,452041.00,370158.00,2909.00,127.00
1991.00,19.00,715730.00,2.00,2.00,147740.00,121864.00,927.00,131.00
1991.00,19.00,725530.00,1.00,1.00,34240.00,28770.00,310.00,92.00
1991.00,19.00,725600.00,2.00,2.00,127915.00,144362.00,685.00,210.00
1991.00,19.00,725630.00,14.00,14.00,400412.00,373506.00,3597.00,103.00
1991.00,19.00,725700.00,13.00,15.00,394071.00,359340.00,3685.00,97.00
1991.00,19.00,725730.00,7.00,11.00,267461.00,211933.00,2072.00,102.00
1991.00,19.00,725800.00,1.00,1.00,13346.00,11310.00,45.00,251.00
1991.00,19.00,735600.00,1.00,1.00,236.00,198.00,21.00,9.00
1991.00,19.00,735630.00,1.00,1.00,18175.00,14897.00,150.00,99.00
1991.00,19.00,735700.00,9.00,9.00,134033.00,106918.00,1566.00,68.00
1991.00,19.00,735730.00,11.00,11.00,179515.00,145838.00,1584.00,92.00
1991.00,19.00,735800.00,20.00,25.00,790869.00,652908.00,4980.00,131.00
1991.00,19.00,735830.00,2.00,2.00,110006.00,97609.00,615.00,158.00
1991.00,20.00,685600.00,1.00,1.00,69377.00,58794.00,375.00,156.00
1991.00,20.00,705600.00,1.00,1.00,17395.00,12605.00,213.00,59.00
1991.00,20.00,715630.00,3.00,3.00,165783.00,133498.00,1589.00,84.00
1991.00,20.00,715700.00,1.00,1.00,72933.00,62873.00,840.00,74.00
1991.00,20.00,715730.00,1.00,1.00,32411.00,25945.00,150.00,172.00
1991.00,20.00,725630.00,1.00,1.00,9344.00,7852.00,125.00,62.00
1991.00,20.00,725730.00,3.00,3.00,121520.00,93420.00,850.00,109.00
1991.00,20.00,725800.00,2.00,2.00,74631.00,59722.00,326.00,183.00
1991.00,20.00,735600.00,1.00,1.00,5953.00,4833.00,120.00,40.00
1991.00,20.00,735630.00,2.00,2.00,8205.00,6635.00,237.00,27.00
1991.00,20.00,735700.00,6.00,6.00,111095.00,94119.00,1237.00,76.00
1991.00,20.00,735730.00,13.00,17.00,865672.00,699339.00,5174.00,135.00
1991.00,20.00,735800.00,39.00,65.00,4339600.00,3645972.00,24944.00,146.00
1991.00,20.00,735830.00,23.00,32.00,1649635.00,1348700.00,9542.00,141.00
1991.00,20.00,735900.00,2.00,2.00,6446.00,4872.00,73.00,66.00
1991.00,20.00,745800.00,8.00,8.00,202828.00,189210.00,1098.00,172.00
1991.00,20.00,745830.00,2.00,2.00,50085.00,40127.00,232.00,172.00
1991.00,21.00,685800.00,1.00,1.00,26087.00,20000.00,150.00,133.00
1991.00,21.00,725830.00,1.00,1.00,1450.00,1107.00,0.00,
1991.00,21.00,735630.00,2.00,2.00,20118.00,16940.00,56.00,302.00
1991.00,21.00,735700.00,2.00,2.00,6849.00,5803.00,187.00,31.00
1991.00,21.00,735730.00,12.00,17.00,1468064.00,1184107.00,9409.00,125.00
1991.00,21.00,735800.00,34.00,63.00,5589666.00,5480412.00,34404.00,159.00
1991.00,21.00,735830.00,21.00,32.00,1891629.00,1553149.00,12361.00,125.00
1991.00,21.00,735900.00,6.00,8.00,324109.00,274897.00,2048.00,134.00
1991.00,21.00,735930.00,1.00,1.00,302766.00,243849.00,1400.00,174.00
1991.00,21.00,745800.00,5.00,5.00,192743.00,221940.00,864.00,256.00
1991.00,21.00,745830.00,4.00,4.00,213402.00,246236.00,986.00,249.00
1991.00,21.00,745900.00,1.00,1.00,8963.00,7863.00,117.00,67.00
1991.00,21.00,745930.00,1.00,1.00,81242.00,65771.00,170.00,386.00
1991.00,21.00,746000.00,1.00,1.00,56425.00,47818.00,450.00,106.00
1991.00,21.00,755830.00,3.00,3.00,39370.00,45358.00,245.00,185.00
1991.00,21.00,755900.00,5.00,5.00,321788.00,231901.00,2293.00,101.00
1991.00,21.00,755930.00,1.00,1.00,2813.00,2009.00,57.00,35.00
1991.00,21.00,765930.00,1.00,1.00,15620.00,11657.00,180.00,64.00
1991.00,21.00,775900.00,1.00,1.00,450.00,343.00,135.00,2.00
1991.00,21.00,775930.00,1.00,1.00,1368.00,1232.00,105.00,11.00
1991.00,21.00,776000.00,2.00,2.00,108784.00,81472.00,540.00,150.00
1991.00,22.00,725730.00,1.00,1.00,3000.00,2158.00,0.00,
1991.00,22.00,725800.00,1.00,1.00,25286.00,21428.00,90.00,238.00
1991.00,22.00,735700.00,2.00,2.00,329773.00,275640.00,1700.00,162.00
1991.00,22.00,735730.00,10.00,11.00,789581.00,652628.00,4387.00,148.00
1991.00,22.00,735800.00,24.00,34.00,2510560.00,2065598.00,13038.00,158.00
1991.00,22.00,735830.00,24.00,26.00,2202170.00,1760467.00,9976.00,176.00
1991.00,22.00,735900.00,12.00,15.00,1267966.00,989329.00,4841.00,204.00
1991.00,22.00,735930.00,3.00,3.00,221556.00,192611.00,840.00,229.00
1991.00,22.00,745800.00,6.00,6.00,154562.00,182957.00,733.00,249.00
1991.00,22.00,745830.00,8.00,8.00,473694.00,421198.00,1636.00,257.00
1991.00,22.00,745900.00,10.00,10.00,622965.00,511774.00,2672.00,191.00
1991.00,22.00,745930.00,1.00,1.00,164386.00,131509.00,500.00,263.00
1991.00,22.00,755830.00,1.00,1.00,91695.00,65497.00,313.00,209.00
1991.00,22.00,755900.00,14.00,16.00,1183267.00,1317233.00,5802.00,227.00
1991.00,22.00,755930.00,11.00,11.00,298620.00,276319.00,1651.00,167.00
1991.00,22.00,756100.00,1.00,1.00,40960.00,34712.00,400.00,86.00
1991.00,22.00,765830.00,1.00,1.00,1927.00,1675.00,50.00,33.00
1991.00,22.00,765900.00,5.00,5.00,138369.00,107201.00,1793.00,59.00
1991.00,22.00,765930.00,9.00,9.00,557628.00,501997.00,2066.00,242.00
1991.00,22.00,766000.00,4.00,4.00,265486.00,222634.00,1264.00,176.00
1991.00,22.00,766030.00,1.00,1.00,8559.00,5668.00,150.00,37.00
1991.00,22.00,766100.00,1.00,1.00,8559.00,5668.00,150.00,37.00
1991.00,22.00,775900.00,1.00,1.00,79835.00,67657.00,340.00,198.00
1991.00,22.00,775930.00,4.00,4.00,199546.00,155042.00,1824.00,85.00
1991.00,22.00,776000.00,8.00,8.00,265526.00,217328.00,2030.00,107.00
1991.00,22.00,776030.00,3.00,3.00,20167.00,14796.00,275.00,53.00
1991.00,22.00,776100.00,1.00,1.00,8559.00,5668.00,150.00,37.00
1991.00,22.00,785830.00,2.00,2.00,183292.00,136145.00,1308.00,104.00
1991.00,22.00,785900.00,1.00,1.00,52305.00,34639.00,150.00,230.00
1991.00,22.00,786000.00,2.00,2.00,2395.00,1870.00,55.00,34.00
1991.00,23.00,735600.00,1.00,1.00,13857.00,11086.00,210.00,52.00
1991.00,23.00,735730.00,6.00,6.00,169273.00,139362.00,836.00,166.00
1991.00,23.00,735800.00,21.00,25.00,1976463.00,1623090.00,10682.00,151.00
1991.00,23.00,735830.00,17.00,19.00,1326974.00,1084074.00,6863.00,157.00
1991.00,23.00,735900.00,6.00,6.00,477176.00,379678.00,1955.00,194.00
1991.00,23.00,735930.00,2.00,2.00,112387.00,83974.00,640.00,131.00
1991.00,23.00,745600.00,1.00,1.00,32333.00,25866.00,490.00,52.00
1991.00,23.00,745800.00,1.00,1.00,62608.00,54442.00,280.00,194.00
1991.00,23.00,745830.00,3.00,3.00,47629.00,42154.00,410.00,102.00
1991.00,23.00,745900.00,12.00,16.00,1742964.00,1388192.00,9544.00,145.00
1991.00,23.00,745930.00,1.00,1.00,23690.00,20965.00,93.00,225.00
1991.00,23.00,755830.00,4.00,4.00,209279.00,162576.00,1103.00,147.00
1991.00,23.00,755900.00,20.00,28.00,3389450.00,2772313.00,17606.00,157.00
1991.00,23.00,755930.00,16.00,20.00,1914163.00,1606742.00,9878.00,162.00
1991.00,23.00,756000.00,1.00,1.00,26085.00,71558.00,300.00,238.00
1991.00,23.00,765900.00,10.00,10.00,395778.00,332627.00,2600.00,127.00
1991.00,23.00,765930.00,14.00,14.00,1391445.00,1182895.00,5712.00,207.00
1991.00,23.00,766000.00,4.00,4.00,268081.00,223526.00,1617.00,138.00
1991.00,23.00,766030.00,1.00,1.00,31547.00,27673.00,120.00,230.00
1991.00,23.00,775830.00,1.00,1.00,244.00,222.00,15.00,14.00
1991.00,23.00,775900.00,1.00,1.00,18922.00,15017.00,148.00,101.00
1991.00,23.00,775930.00,3.00,3.00,176320.00,154088.00,1492.00,103.00
1991.00,23.00,776000.00,9.00,8.00,552399.00,436420.00,4179.00,104.00
1991.00,23.00,776030.00,1.00,1.00,6202.00,5638.00,45.00,125.00
1991.00,23.00,776100.00,1.00,1.00,965.00,877.00,53.00,16.00
1991.00,23.00,785930.00,2.00,2.00,370431.00,293069.00,1152.00,254.00
1991.00,23.00,786000.00,4.00,4.00,511469.00,408021.00,2338.00,174.00
1991.00,24.00,735700.00,1.00,1.00,11929.00,10373.00,82.00,126.00
1991.00,24.00,735730.00,1.00,1.00,35108.00,25812.00,133.00,194.00
1991.00,24.00,735800.00,12.00,15.00,885376.00,776799.00,6154.00,126.00
1991.00,24.00,735830.00,10.00,10.00,609754.00,515054.00,3098.00,166.00
1991.00,24.00,735900.00,5.00,5.00,167278.00,137176.00,1040.00,131.00
1991.00,24.00,735930.00,2.00,2.00,58576.00,51161.00,705.00,72.00
1991.00,24.00,736200.00,1.00,1.00,174168.00,151450.00,1200.00,126.00
1991.00,24.00,745830.00,5.00,4.00,179073.00,148322.00,847.00,175.00
1991.00,24.00,745900.00,13.00,14.00,1004275.00,813345.00,4786.00,169.00
1991.00,24.00,745930.00,1.00,1.00,162447.00,141258.00,1440.00,98.00
1991.00,24.00,746000.00,1.00,1.00,110571.00,95320.00,175.00,544.00
1991.00,24.00,755800.00,2.00,2.00,78001.00,68180.00,269.00,253.00
1991.00,24.00,755830.00,2.00,2.00,55225.00,49586.00,390.00,127.00
1991.00,24.00,755900.00,23.00,34.00,3000397.00,2449523.00,17222.00,142.00
1991.00,24.00,755930.00,24.00,36.00,2984595.00,2565498.00,15547.00,165.00
1991.00,24.00,756000.00,3.00,3.00,114426.00,104032.00,708.00,146.00
1991.00,24.00,765830.00,1.00,1.00,1637.00,1056.00,26.00,40.00
1991.00,24.00,765900.00,9.00,9.00,329580.00,272619.00,1533.00,177.00
1991.00,24.00,765930.00,15.00,15.00,1378368.00,1162554.00,6230.00,186.00
1991.00,24.00,766000.00,8.00,8.00,810513.00,653100.00,3848.00,169.00
1991.00,24.00,766030.00,2.00,2.00,7548.00,7110.00,25.00,284.00
1991.00,24.00,775800.00,1.00,1.00,179387.00,170845.00,660.00,258.00
1991.00,24.00,775930.00,5.00,5.00,81498.00,64812.00,446.00,145.00
1991.00,24.00,776000.00,7.00,7.00,276031.00,223577.00,1924.00,116.00
1991.00,24.00,776030.00,3.00,3.00,144000.00,104046.00,1200.00,86.00
1991.00,24.00,776100.00,1.00,1.00,345.00,314.00,8.00,39.00
1991.00,24.00,785830.00,1.00,1.00,55765.00,44258.00,225.00,196.00
1991.00,24.00,785930.00,1.00,1.00,283305.00,221332.00,536.00,412.00
1991.00,24.00,786000.00,6.00,6.00,357573.00,276891.00,2114.00,130.00
1991.00,24.00,786030.00,4.00,4.00,227021.00,186648.00,1373.00,135.00
1991.00,24.00,795930.00,1.00,1.00,170190.00,156138.00,668.00,233.00
1991.00,25.00,735800.00,8.00,9.00,873759.00,727875.00,4105.00,177.00
1991.00,25.00,735830.00,8.00,8.00,1108810.00,945944.00,6747.00,140.00
1991.00,25.00,735900.00,3.00,4.00,165407.00,138054.00,1070.00,129.00
1991.00,25.00,735930.00,2.00,2.00,26716.00,23993.00,121.00,198.00
1991.00,25.00,736001.00,2.00,1.00,73293.00,64227.00,2250.00,28.00
1991.00,25.00,745900.00,8.00,10.00,620484.00,550639.00,4440.00,124.00
1991.00,25.00,745930.00,5.00,7.00,300536.00,260529.00,2038.00,127.00
1991.00,25.00,755600.00,1.00,1.00,5000.00,3032.00,0.00,
1991.00,25.00,755830.00,1.00,1.00,51860.00,38701.00,200.00,193.00
1991.00,25.00,755900.00,12.00,23.00,1381343.00,1162733.00,8959.00,129.00
1991.00,25.00,755930.00,20.00,31.00,1861166.00,1584320.00,11496.00,137.00
1991.00,25.00,756000.00,3.00,3.00,98267.00,80015.00,610.00,131.00
1991.00,25.00,765830.00,1.00,1.00,8810.00,6675.00,96.00,69.00
1991.00,25.00,765900.00,6.00,6.00,260649.00,205940.00,1907.00,107.00
1991.00,25.00,765930.00,16.00,17.00,1544734.00,1381811.00,8519.00,162.00
1991.00,25.00,766000.00,12.00,12.00,563030.00,490713.00,3626.00,135.00
1991.00,25.00,766030.00,2.00,2.00,127603.00,112570.00,1126.00,99.00
1991.00,25.00,775930.00,1.00,1.00,182469.00,137195.00,600.00,228.00
1991.00,25.00,776000.00,3.00,3.00,52500.00,40558.00,460.00,88.00
1991.00,25.00,776030.00,5.00,5.00,202074.00,157121.00,1075.00,146.00
1991.00,25.00,776100.00,3.00,3.00,106815.00,80488.00,870.00,92.00
1991.00,25.00,785930.00,2.00,2.00,301884.00,214197.00,932.00,229.00
1991.00,25.00,786000.00,5.00,7.00,636905.00,523272.00,4115.00,127.00
1991.00,25.00,786030.00,6.00,6.00,584411.00,476212.00,3505.00,135.00
1991.00,25.00,786100.00,3.00,3.00,15056.00,12282.00,146.00,84.00
1991.00,26.00,735800.00,2.00,2.00,136900.00,118197.00,725.00,163.00
1991.00,26.00,735830.00,7.00,7.00,695175.00,610110.00,3841.00,158.00
1991.00,26.00,735900.00,5.00,5.00,211182.00,190698.00,1458.00,130.00
1991.00,26.00,736001.00,1.00,1.00,10211.00,8509.00,196.00,43.00
1991.00,26.00,745900.00,2.00,2.00,135559.00,138208.00,955.00,144.00
1991.00,26.00,745930.00,3.00,3.00,144621.00,137840.00,1280.00,107.00
1991.00,26.00,746000.00,1.00,1.00,31474.00,27369.00,400.00,68.00
1991.00,26.00,755900.00,7.00,10.00,597685.00,491397.00,4055.00,121.00
1991.00,26.00,755930.00,11.00,21.00,1368101.00,1191555.00,11722.00,101.00
1991.00,26.00,756000.00,4.00,4.00,244277.00,213492.00,1228.00,173.00
1991.00,26.00,765830.00,1.00,1.00,7630.00,5780.00,113.00,51.00
1991.00,26.00,765900.00,3.00,3.00,63557.00,50015.00,346.00,144.00
1991.00,26.00,765930.00,15.00,16.00,693115.00,623305.00,4070.00,153.00
1991.00,26.00,766000.00,14.00,14.00,1076660.00,1026110.00,6502.00,157.00
1991.00,26.00,766030.00,1.00,1.00,25693.00,21060.00,500.00,42.00
1991.00,26.00,775800.00,1.00,1.00,237365.00,202877.00,1100.00,184.00
1991.00,26.00,775930.00,2.00,2.00,45168.00,35276.00,369.00,95.00
1991.00,26.00,776000.00,7.00,6.00,481175.00,394590.00,3130.00,126.00
1991.00,26.00,776030.00,2.00,2.00,118836.00,106600.00,816.00,130.00
1991.00,26.00,776100.00,5.00,5.00,298061.00,253388.00,2138.00,118.00
1991.00,26.00,785630.00,1.00,1.00,1500.00,1200.00,12.00,100.00
1991.00,26.00,785930.00,1.00,1.00,124367.00,92811.00,444.00,209.00
1991.00,26.00,786000.00,4.00,4.00,88696.00,68447.00,978.00,69.00
1991.00,26.00,786030.00,6.00,6.00,733592.00,566781.00,2869.00,197.00
1991.00,26.00,786100.00,3.00,3.00,8079.00,5993.00,74.00,80.00
1991.00,26.00,796030.00,1.00,1.00,296252.00,237002.00,800.00,296.00
1991.00,27.00,756000.00,1.00,1.00,19472.00,16226.00,160.00,101.00
1992.00,1.00,665600.00,1.00,1.00,38821.00,24263.00,275.00,88.00
1992.00,3.00,655500.00,3.00,2.00,106422.00,61961.00,536.00,115.00
1992.00,3.00,665530.00,2.00,2.00,187854.00,117797.00,465.00,253.00
1992.00,3.00,665600.00,3.00,3.00,291539.00,197760.00,824.00,240.00
1992.00,3.00,675530.00,8.00,7.00,713687.00,449085.00,2026.00,221.00
1992.00,3.00,675600.00,6.00,6.00,884910.00,621250.00,2081.00,298.00
1992.00,3.00,685600.00,3.00,3.00,330003.00,195220.00,426.00,458.00
1992.00,3.00,685630.00,3.00,3.00,93673.00,63185.00,256.00,246.00
1992.00,3.00,695631.00,1.00,1.00,36130.00,22581.00,63.00,358.00
1992.00,3.00,705600.00,1.00,1.00,57975.00,40827.00,100.00,408.00
1992.00,3.00,705630.00,4.00,4.00,375443.00,322433.00,947.00,340.00
1992.00,3.00,705701.00,4.00,7.00,601770.00,386048.00,1131.00,341.00
1992.00,3.00,705730.00,1.00,1.00,36129.00,22580.00,62.00,364.00
1992.00,3.00,715600.00,1.00,1.00,107047.00,80481.00,177.00,454.00
1992.00,3.00,715630.00,2.00,2.00,104407.00,72387.00,143.00,506.00
1992.00,3.00,715700.00,4.00,7.00,746740.00,528266.00,1248.00,423.00
1992.00,4.00,635530.00,1.00,1.00,74860.00,53471.00,200.00,267.00
1992.00,4.00,655500.00,2.00,2.00,95309.00,69690.00,490.00,142.00
1992.00,4.00,655530.00,3.00,2.00,155818.00,93332.00,932.00,100.00
1992.00,4.00,655600.00,3.00,3.00,220901.00,136999.00,1216.00,112.00
1992.00,4.00,665530.00,6.00,7.00,454540.00,279215.00,1262.00,221.00
1992.00,4.00,665600.00,10.00,12.00,1103164.00,697888.00,3941.00,177.00
1992.00,4.00,665630.00,3.00,3.00,507517.00,372800.00,1740.00,214.00
1992.00,4.00,675400.00,1.00,1.00,99290.00,64058.00,335.00,191.00
1992.00,4.00,675500.00,2.00,2.00,353734.00,245430.00,970.00,253.00
1992.00,4.00,675530.00,13.00,14.00,1737028.00,1134198.00,3986.00,284.00
1992.00,4.00,675600.00,22.00,28.00,4000853.00,2712209.00,9097.00,298.00
1992.00,4.00,675630.00,10.00,9.00,865465.00,612340.00,2600.00,235.00
1992.00,4.00,685530.00,6.00,6.00,827483.00,609037.00,1770.00,344.00
1992.00,4.00,685600.00,14.00,16.00,2065509.00,1501863.00,6470.00,232.00
1992.00,4.00,685630.00,12.00,15.00,1961212.00,1382610.00,5779.00,239.00
1992.00,4.00,685730.00,1.00,1.00,137885.00,92540.00,395.00,234.00
1992.00,4.00,695631.00,3.00,3.00,308827.00,207790.00,1355.00,153.00
1992.00,4.00,695700.00,1.00,1.00,48654.00,28789.00,195.00,147.00
1992.00,4.00,705600.00,2.00,2.00,81452.00,58350.00,226.00,258.00
1992.00,4.00,705630.00,8.00,8.00,851339.00,596036.00,6061.00,98.00
1992.00,4.00,705701.00,10.00,12.00,1365432.00,962335.00,4992.00,192.00
1992.00,4.00,705730.00,3.00,3.00,281759.00,219108.00,592.00,370.00
1992.00,4.00,715600.00,2.00,2.00,187179.00,137845.00,313.00,440.00
1992.00,4.00,715630.00,24.00,27.00,3312323.00,2389031.00,7457.00,320.00
1992.00,4.00,715700.00,29.00,37.00,5189937.00,3848028.00,16102.00,238.00
1992.00,4.00,715730.00,1.00,1.00,162618.00,133293.00,350.00,380.00
1992.00,4.00,725600.00,1.00,1.00,79921.00,56282.00,370.00,152.00
1992.00,4.00,725630.00,1.00,1.00,134584.00,104328.00,200.00,521.00
1992.00,4.00,725700.00,4.00,4.00,458143.00,335850.00,951.00,353.00
1992.00,5.00,645600.00,1.00,1.00,12738.00,8665.00,130.00,66.00
1992.00,5.00,655500.00,1.00,1.00,7959.00,5414.00,55.00,98.00
1992.00,5.00,655530.00,2.00,1.00,138057.00,92320.00,934.00,98.00
1992.00,5.00,655600.00,1.00,1.00,51758.00,30859.00,265.00,116.00
1992.00,5.00,655730.00,1.00,1.00,140924.00,85930.00,260.00,330.00
1992.00,5.00,665530.00,5.00,6.00,519286.00,320983.00,1327.00,241.00
1992.00,5.00,665600.00,6.00,7.00,649823.00,403155.00,2513.00,160.00
1992.00,5.00,665630.00,2.00,3.00,399751.00,261347.00,2872.00,90.00
1992.00,5.00,675500.00,1.00,1.00,198970.00,142141.00,500.00,284.00
1992.00,5.00,675530.00,12.00,15.00,2081221.00,1400219.00,5245.00,266.00
1992.00,5.00,675600.00,22.00,27.00,4364675.00,2929630.00,12186.00,240.00
1992.00,5.00,675630.00,4.00,4.00,996615.00,687294.00,2110.00,325.00
1992.00,5.00,685530.00,6.00,7.00,967858.00,651233.00,3789.00,171.00
1992.00,5.00,685600.00,11.00,14.00,1721958.00,1210137.00,4404.00,274.00
1992.00,5.00,685630.00,12.00,19.00,2326389.00,1635389.00,6243.00,261.00
1992.00,5.00,695631.00,7.00,8.00,797961.00,565513.00,1890.00,299.00
1992.00,5.00,705630.00,9.00,9.00,953749.00,695997.00,2867.00,242.00
1992.00,5.00,705701.00,12.00,13.00,1350871.00,976649.00,3297.00,296.00
1992.00,5.00,705730.00,2.00,2.00,156503.00,108225.00,437.00,247.00
1992.00,5.00,715530.00,1.00,1.00,43767.00,28993.00,2006.00,14.00
1992.00,5.00,715600.00,2.00,2.00,50635.00,38847.00,112.00,346.00
1992.00,5.00,715630.00,19.00,21.00,2610465.00,1942112.00,6848.00,283.00
1992.00,5.00,715700.00,35.00,45.00,6740838.00,4918484.00,21630.00,227.00
1992.00,5.00,715730.00,2.00,2.00,193264.00,142035.00,680.00,208.00
1992.00,5.00,725630.00,7.00,7.00,1056653.00,819931.00,1828.00,448.00
1992.00,5.00,725700.00,11.00,12.00,1173220.00,900480.00,2471.00,364.00
1992.00,5.00,725730.00,1.00,1.00,162283.00,122017.00,174.00,701.00
1992.00,5.00,755900.00,1.00,1.00,309412.00,221009.00,250.00,884.00
1992.00,6.00,655530.00,3.00,3.00,370431.00,236301.00,3696.00,63.00
1992.00,6.00,655600.00,1.00,1.00,34832.00,20611.00,250.00,82.00
1992.00,6.00,665530.00,6.00,6.00,607403.00,403676.00,1551.00,260.00
1992.00,6.00,665600.00,9.00,11.00,918234.00,631049.00,2965.00,212.00
1992.00,6.00,665630.00,3.00,3.00,349796.00,222770.00,849.00,262.00
1992.00,6.00,675530.00,13.00,13.00,1801548.00,1227049.00,5055.00,242.00
1992.00,6.00,675600.00,22.00,28.00,3518311.00,2405843.00,9818.00,245.00
1992.00,6.00,675630.00,10.00,11.00,1212759.00,861285.00,6874.00,125.00
1992.00,6.00,685530.00,7.00,7.00,1215783.00,920401.00,3006.00,306.00
1992.00,6.00,685600.00,14.00,20.00,2582907.00,1760800.00,6654.00,264.00
1992.00,6.00,685630.00,14.00,19.00,2659980.00,1883248.00,7238.00,260.00
1992.00,6.00,695600.00,1.00,1.00,101750.00,63199.00,225.00,280.00
1992.00,6.00,695631.00,7.00,5.00,676168.00,498645.00,1482.00,336.00
1992.00,6.00,705600.00,2.00,3.00,488805.00,350786.00,1212.00,289.00
1992.00,6.00,705630.00,3.00,3.00,403006.00,299228.00,1050.00,284.00
1992.00,6.00,705701.00,5.00,5.00,713684.00,488822.00,1910.00,255.00
1992.00,6.00,705730.00,1.00,1.00,11658.00,8096.00,43.00,188.00
1992.00,6.00,715530.00,1.00,1.00,25671.00,23300.00,110.00,211.00
1992.00,6.00,715600.00,4.00,4.00,314314.00,241972.00,828.00,292.00
1992.00,6.00,715630.00,28.00,31.00,4091623.00,3079268.00,10759.00,286.00
1992.00,6.00,715700.00,33.00,35.00,5039270.00,3692244.00,13738.00,268.00
1992.00,6.00,715730.00,4.00,4.00,312689.00,230011.00,1451.00,158.00
1992.00,6.00,725630.00,7.00,7.00,532695.00,401250.00,1129.00,355.00
1992.00,6.00,725700.00,14.00,14.00,1656944.00,1255583.00,3565.00,352.00
1992.00,6.00,725730.00,4.00,4.00,194656.00,149949.00,537.00,279.00
1992.00,7.00,655530.00,1.00,1.00,143425.00,83387.00,529.00,157.00
1992.00,7.00,665500.00,1.00,1.00,102150.00,68100.00,272.00,250.00
1992.00,7.00,665530.00,7.00,9.00,1291619.00,816741.00,3927.00,207.00
1992.00,7.00,665600.00,11.00,11.00,1263312.00,802742.00,3836.00,209.00
1992.00,7.00,665630.00,2.00,2.00,289024.00,197964.00,787.00,251.00
1992.00,7.00,675400.00,1.00,1.00,107414.00,76724.00,450.00,170.00
1992.00,7.00,675530.00,8.00,9.00,1023510.00,700969.00,2830.00,247.00
1992.00,7.00,675600.00,27.00,35.00,4787132.00,3240587.00,14895.00,217.00
1992.00,7.00,675630.00,9.00,9.00,965578.00,667039.00,3549.00,187.00
1992.00,7.00,685500.00,1.00,1.00,131215.00,88064.00,300.00,293.00
1992.00,7.00,685530.00,3.00,4.00,513108.00,357807.00,1389.00,257.00
1992.00,7.00,685600.00,16.00,16.00,2504904.00,1692019.00,7427.00,227.00
1992.00,7.00,685630.00,17.00,19.00,2155063.00,1523059.00,6699.00,227.00
1992.00,7.00,695631.00,6.00,6.00,423048.00,290052.00,1188.00,244.00
1992.00,7.00,695700.00,1.00,1.00,62324.00,42510.00,500.00,85.00
1992.00,7.00,705600.00,3.00,3.00,538969.00,384977.00,966.00,398.00
1992.00,7.00,705630.00,5.00,5.00,926010.00,656790.00,2445.00,268.00
1992.00,7.00,705701.00,12.00,14.00,1462619.00,1055226.00,3759.00,280.00
1992.00,7.00,705730.00,1.00,1.00,7902.00,6125.00,25.00,245.00
1992.00,7.00,715500.00,1.00,1.00,245860.00,175614.00,700.00,250.00
1992.00,7.00,715630.00,18.00,21.00,2394693.00,1736661.00,7649.00,227.00
1992.00,7.00,715700.00,27.00,34.00,4550636.00,3332867.00,13570.00,245.00
1992.00,7.00,715730.00,5.00,5.00,301995.00,220254.00,605.00,364.00
1992.00,7.00,725600.00,1.00,1.00,250.00,209.00,0.00,
1992.00,7.00,725630.00,13.00,11.00,2032674.00,1587237.00,4416.00,359.00
1992.00,7.00,725700.00,11.00,11.00,1141314.00,870792.00,2759.00,315.00
1992.00,7.00,725730.00,10.00,8.00,919437.00,723237.00,2365.00,305.00
1992.00,7.00,735700.00,1.00,1.00,158259.00,128665.00,500.00,257.00
1992.00,7.00,755300.00,1.00,1.00,183292.00,119799.00,800.00,149.00
1992.00,8.00,655530.00,1.00,1.00,135346.00,82528.00,528.00,156.00
1992.00,8.00,655600.00,1.00,1.00,110178.00,62247.00,760.00,81.00
1992.00,8.00,665530.00,5.00,7.00,588990.00,353295.00,2582.00,136.00
1992.00,8.00,665600.00,10.00,9.00,1008344.00,662835.00,3790.00,174.00
1992.00,8.00,665630.00,3.00,4.00,586537.00,387084.00,1820.00,212.00
1992.00,8.00,675500.00,1.00,1.00,192831.00,122045.00,600.00,203.00
1992.00,8.00,675530.00,5.00,8.00,604179.00,402733.00,2930.00,137.00
1992.00,8.00,675600.00,20.00,32.00,3971386.00,2807730.00,15735.00,178.00
1992.00,8.00,675630.00,8.00,8.00,926489.00,647616.00,3905.00,165.00
1992.00,8.00,685500.00,2.00,2.00,419558.00,286864.00,1085.00,264.00
1992.00,8.00,685530.00,4.00,5.00,942767.00,636537.00,3430.00,185.00
1992.00,8.00,685600.00,17.00,20.00,2316790.00,1694325.00,8715.00,194.00
1992.00,8.00,685630.00,17.00,23.00,2688433.00,1905425.00,10015.00,190.00
1992.00,8.00,695600.00,1.00,1.00,185670.00,132621.00,347.00,382.00
1992.00,8.00,695631.00,7.00,6.00,624859.00,444305.00,2255.00,197.00
1992.00,8.00,695700.00,2.00,2.00,221769.00,164220.00,898.00,182.00
1992.00,8.00,705530.00,1.00,1.00,109364.00,74423.00,400.00,186.00
1992.00,8.00,705600.00,2.00,2.00,174658.00,128159.00,600.00,213.00
1992.00,8.00,705630.00,5.00,5.00,576014.00,420401.00,1995.00,210.00
1992.00,8.00,705701.00,4.00,3.00,157036.00,112013.00,595.00,188.00
1992.00,8.00,705730.00,1.00,1.00,31174.00,20782.00,64.00,324.00
1992.00,8.00,715630.00,17.00,17.00,1954082.00,1450531.00,5631.00,257.00
1992.00,8.00,715700.00,24.00,29.00,4213440.00,3080474.00,14323.00,215.00
1992.00,8.00,715730.00,11.00,11.00,1253201.00,918593.00,3596.00,255.00
1992.00,8.00,715800.00,1.00,1.00,58106.00,44697.00,110.00,406.00
1992.00,8.00,725630.00,15.00,14.00,1892147.00,1449606.00,5430.00,266.00
1992.00,8.00,725700.00,18.00,19.00,1775650.00,1370063.00,4709.00,290.00
1992.00,8.00,725730.00,15.00,16.00,1739605.00,1355423.00,4394.00,308.00
1992.00,8.00,725800.00,1.00,1.00,9600.00,8000.00,35.00,228.00
1992.00,8.00,735700.00,2.00,2.00,99985.00,81738.00,194.00,421.00
1992.00,8.00,735730.00,4.00,4.00,170126.00,134812.00,402.00,335.00
1992.00,8.00,735800.00,2.00,2.00,58279.00,46496.00,119.00,390.00
1992.00,9.00,655530.00,2.00,2.00,288617.00,181750.00,1060.00,171.00
1992.00,9.00,655600.00,1.00,1.00,40993.00,26447.00,200.00,132.00
1992.00,9.00,665530.00,8.00,8.00,992032.00,630009.00,3579.00,176.00
1992.00,9.00,665600.00,7.00,10.00,933500.00,602844.00,3976.00,151.00
1992.00,9.00,665630.00,2.00,4.00,294510.00,201032.00,1483.00,135.00
1992.00,9.00,665830.00,1.00,1.00,93715.00,63752.00,360.00,177.00
1992.00,9.00,675400.00,1.00,1.00,52892.00,37780.00,200.00,188.00
1992.00,9.00,675500.00,3.00,3.00,376478.00,258640.00,1029.00,251.00
1992.00,9.00,675530.00,6.00,6.00,670294.00,470940.00,2951.00,159.00
1992.00,9.00,675600.00,12.00,15.00,1565798.00,1084116.00,6554.00,165.00
1992.00,9.00,675630.00,9.00,10.00,1290668.00,888767.00,4712.00,188.00
1992.00,9.00,685500.00,1.00,1.00,289597.00,206855.00,810.00,255.00
1992.00,9.00,685530.00,5.00,6.00,927859.00,642209.00,3165.00,202.00
1992.00,9.00,685600.00,22.00,29.00,4193033.00,2999476.00,12408.00,241.00
1992.00,9.00,685630.00,16.00,18.00,2244061.00,1626598.00,7847.00,207.00
1992.00,9.00,685700.00,1.00,1.00,146979.00,101365.00,500.00,202.00
1992.00,9.00,695600.00,2.00,2.00,164125.00,117232.00,664.00,176.00
1992.00,9.00,695631.00,4.00,4.00,395929.00,281496.00,1305.00,215.00
1992.00,9.00,695700.00,2.00,2.00,50949.00,34587.00,133.00,260.00
1992.00,9.00,705600.00,3.00,3.00,335447.00,237044.00,1397.00,169.00
1992.00,9.00,705630.00,5.00,5.00,579082.00,425691.00,1336.00,318.00
1992.00,9.00,705701.00,8.00,8.00,822190.00,607066.00,2458.00,246.00
1992.00,9.00,705730.00,1.00,1.00,142981.00,102129.00,460.00,222.00
1992.00,9.00,715500.00,1.00,1.00,230337.00,164526.00,500.00,329.00
1992.00,9.00,715600.00,1.00,1.00,338471.00,238359.00,820.00,290.00
1992.00,9.00,715630.00,13.00,16.00,2353564.00,1765521.00,5658.00,312.00
1992.00,9.00,715700.00,19.00,26.00,2752737.00,2012926.00,9983.00,201.00
1992.00,9.00,715730.00,14.00,15.00,1527430.00,1159771.00,5639.00,205.00
1992.00,9.00,715800.00,2.00,2.00,63638.00,50703.00,192.00,264.00
1992.00,9.00,725600.00,1.00,1.00,22343.00,18619.00,105.00,177.00
1992.00,9.00,725630.00,11.00,10.00,1845162.00,1408286.00,6254.00,225.00
1992.00,9.00,725700.00,10.00,11.00,963780.00,758935.00,2833.00,267.00
1992.00,9.00,725730.00,12.00,12.00,859882.00,696359.00,2087.00,333.00
1992.00,9.00,725800.00,3.00,3.00,164683.00,121937.00,574.00,212.00
1992.00,9.00,735700.00,2.00,2.00,67616.00,46549.00,405.00,114.00
1992.00,9.00,735730.00,8.00,8.00,1198574.00,950315.00,2406.00,394.00
1992.00,9.00,735800.00,2.00,2.00,78694.00,62487.00,176.00,355.00
1992.00,9.00,745900.00,1.00,1.00,112222.00,80158.00,420.00,190.00
1992.00,10.00,655530.00,1.00,1.00,156400.00,111714.00,755.00,147.00
1992.00,10.00,655600.00,1.00,1.00,116302.00,67227.00,390.00,172.00
1992.00,10.00,665500.00,1.00,1.00,38374.00,27024.00,250.00,108.00
1992.00,10.00,665530.00,8.00,8.00,913046.00,563228.00,3927.00,143.00
1992.00,10.00,665600.00,6.00,6.00,602356.00,395079.00,2406.00,164.00
1992.00,10.00,665630.00,1.00,2.00,70585.00,49167.00,310.00,158.00
1992.00,10.00,675500.00,4.00,3.00,340534.00,227535.00,1467.00,155.00
1992.00,10.00,675530.00,10.00,13.00,1208692.00,808721.00,5171.00,156.00
1992.00,10.00,675600.00,15.00,15.00,1522341.00,1048223.00,7896.00,132.00
1992.00,10.00,675630.00,4.00,3.00,384729.00,258856.00,1670.00,155.00
1992.00,10.00,685530.00,5.00,7.00,641211.00,437814.00,2357.00,185.00
1992.00,10.00,685600.00,25.00,33.00,4463724.00,3181862.00,15232.00,208.00
1992.00,10.00,685630.00,14.00,18.00,2448920.00,1766081.00,9736.00,181.00
1992.00,10.00,685700.00,2.00,2.00,150301.00,104375.00,665.00,156.00
1992.00,10.00,695600.00,3.00,3.00,401265.00,287788.00,1390.00,207.00
1992.00,10.00,695631.00,6.00,7.00,469985.00,327163.00,1873.00,174.00
1992.00,10.00,695700.00,1.00,1.00,125250.00,96346.00,380.00,253.00
1992.00,10.00,705600.00,3.00,3.00,341205.00,250906.00,1120.00,224.00
1992.00,10.00,705630.00,3.00,2.00,236314.00,168823.00,1900.00,88.00
1992.00,10.00,705701.00,9.00,9.00,904506.00,674328.00,4214.00,160.00
1992.00,10.00,705730.00,1.00,1.00,93086.00,68953.00,316.00,218.00
1992.00,10.00,715530.00,1.00,1.00,149707.00,109075.00,500.00,218.00
1992.00,10.00,715600.00,1.00,1.00,44799.00,34461.00,175.00,196.00
1992.00,10.00,715630.00,11.00,16.00,2127798.00,1571931.00,6717.00,234.00
1992.00,10.00,715700.00,18.00,23.00,2228732.00,1643904.00,8133.00,202.00
1992.00,10.00,715730.00,8.00,8.00,633740.00,496909.00,2033.00,244.00
1992.00,10.00,715800.00,3.00,3.00,87982.00,72918.00,258.00,282.00
1992.00,10.00,715830.00,1.00,1.00,17063.00,13435.00,34.00,395.00
1992.00,10.00,725630.00,7.00,7.00,1055199.00,781432.00,3420.00,228.00
1992.00,10.00,725700.00,7.00,9.00,850880.00,653365.00,3121.00,209.00
1992.00,10.00,725730.00,10.00,10.00,1029316.00,795864.00,2591.00,307.00
1992.00,10.00,725800.00,3.00,3.00,124694.00,96497.00,246.00,392.00
1992.00,10.00,725830.00,1.00,1.00,45440.00,35223.00,227.00,155.00
1992.00,10.00,735700.00,5.00,5.00,386635.00,286150.00,1343.00,213.00
1992.00,10.00,735730.00,13.00,11.00,1668173.00,1302016.00,4406.00,295.00
1992.00,10.00,735800.00,4.00,4.00,268099.00,216520.00,789.00,274.00
1992.00,10.00,745730.00,1.00,1.00,2687.00,2116.00,56.00,37.00
1992.00,10.00,745800.00,1.00,1.00,15523.00,11941.00,22.00,542.00
1992.00,10.00,745830.00,1.00,1.00,18575.00,14980.00,66.00,226.00
1992.00,10.00,745900.00,1.00,1.00,1326.00,975.00,13.00,75.00
1992.00,10.00,755830.00,1.00,1.00,12186.00,9520.00,60.00,158.00
1992.00,10.00,765700.00,1.00,1.00,156600.00,118636.00,325.00,365.00
1992.00,11.00,655500.00,1.00,1.00,38330.00,26000.00,225.00,115.00
1992.00,11.00,655600.00,1.00,1.00,97250.00,68486.00,280.00,244.00
1992.00,11.00,665500.00,2.00,2.00,80472.00,51466.00,380.00,135.00
1992.00,11.00,665530.00,7.00,11.00,971445.00,615967.00,5356.00,115.00
1992.00,11.00,665600.00,1.00,1.00,108264.00,80310.00,620.00,129.00
1992.00,11.00,665630.00,1.00,1.00,31550.00,23370.00,261.00,89.00
1992.00,11.00,675500.00,4.00,3.00,308209.00,210119.00,1470.00,142.00
1992.00,11.00,675530.00,10.00,15.00,1461760.00,947275.00,6948.00,136.00
1992.00,11.00,675600.00,7.00,6.00,722942.00,539047.00,3050.00,176.00
1992.00,11.00,675630.00,2.00,2.00,91867.00,72970.00,530.00,137.00
1992.00,11.00,685500.00,1.00,1.00,50206.00,35109.00,203.00,172.00
1992.00,11.00,685530.00,10.00,12.00,1544187.00,1045675.00,6734.00,155.00
1992.00,11.00,685600.00,20.00,24.00,2744088.00,2003847.00,12322.00,162.00
1992.00,11.00,685630.00,13.00,14.00,917336.00,681845.00,4002.00,170.00
1992.00,11.00,685700.00,1.00,1.00,43820.00,31753.00,250.00,127.00
1992.00,11.00,685730.00,1.00,1.00,46936.00,33526.00,200.00,167.00
1992.00,11.00,695600.00,2.00,2.00,120835.00,81471.00,852.00,95.00
1992.00,11.00,695631.00,4.00,4.00,228767.00,162949.00,1222.00,133.00
1992.00,11.00,695700.00,1.00,1.00,82950.00,54216.00,300.00,180.00
1992.00,11.00,695800.00,1.00,1.00,158680.00,114985.00,720.00,159.00
1992.00,11.00,705600.00,5.00,5.00,210979.00,160790.00,1401.00,114.00
1992.00,11.00,705630.00,2.00,2.00,97195.00,69426.00,400.00,173.00
1992.00,11.00,705701.00,5.00,5.00,155177.00,116503.00,1027.00,113.00
1992.00,11.00,705730.00,2.00,2.00,30140.00,25117.00,112.00,224.00
1992.00,11.00,715600.00,4.00,5.00,232534.00,156849.00,1125.00,139.00
1992.00,11.00,715630.00,22.00,27.00,2482959.00,1954483.00,10600.00,184.00
1992.00,11.00,715700.00,10.00,12.00,931250.00,708823.00,3645.00,194.00
1992.00,11.00,715730.00,4.00,4.00,117129.00,93044.00,424.00,219.00
1992.00,11.00,715800.00,2.00,2.00,132850.00,105418.00,470.00,224.00
1992.00,11.00,725600.00,1.00,1.00,66838.00,51812.00,411.00,126.00
1992.00,11.00,725630.00,10.00,13.00,1098128.00,860687.00,4470.00,192.00
1992.00,11.00,725700.00,12.00,15.00,659870.00,524863.00,3291.00,159.00
1992.00,11.00,725730.00,13.00,13.00,1005705.00,751930.00,4382.00,171.00
1992.00,11.00,725800.00,1.00,1.00,9737.00,7728.00,61.00,126.00
1992.00,11.00,735700.00,7.00,7.00,424477.00,330415.00,1830.00,180.00
1992.00,11.00,735730.00,9.00,9.00,788307.00,615534.00,3049.00,201.00
1992.00,11.00,735800.00,10.00,10.00,878510.00,697172.00,2703.00,257.00
1992.00,11.00,735830.00,2.00,2.00,25202.00,19388.00,223.00,86.00
1992.00,11.00,735900.00,1.00,1.00,43320.00,34036.00,189.00,180.00
1992.00,11.00,745800.00,2.00,2.00,22429.00,17257.00,130.00,132.00
1992.00,11.00,745830.00,2.00,2.00,34023.00,26662.00,166.00,160.00
1992.00,11.00,745900.00,2.00,2.00,91766.00,72252.00,456.00,158.00
1992.00,11.00,755830.00,1.00,1.00,11725.00,9232.00,26.00,355.00
1992.00,12.00,655530.00,1.00,1.00,86934.00,61655.00,600.00,102.00
1992.00,12.00,665530.00,6.00,6.00,498212.00,319460.00,3004.00,106.00
1992.00,12.00,665600.00,6.00,6.00,558685.00,350241.00,2504.00,139.00
1992.00,12.00,665630.00,1.00,1.00,244900.00,144059.00,750.00,192.00
1992.00,12.00,675500.00,5.00,5.00,145331.00,93381.00,993.00,94.00
1992.00,12.00,675530.00,13.00,16.00,1384300.00,973015.00,8940.00,108.00
1992.00,12.00,675600.00,12.00,11.00,1281902.00,840879.00,5856.00,143.00
1992.00,12.00,675630.00,3.00,4.00,272188.00,221837.00,1126.00,197.00
1992.00,12.00,685530.00,8.00,8.00,658672.00,470885.00,3914.00,120.00
1992.00,12.00,685600.00,15.00,18.00,1315750.00,903363.00,6314.00,143.00
1992.00,12.00,685630.00,16.00,18.00,1150527.00,819798.00,7963.00,102.00
1992.00,12.00,685800.00,1.00,1.00,83217.00,59441.00,580.00,102.00
1992.00,12.00,695600.00,1.00,1.00,12115.00,8778.00,79.00,111.00
1992.00,12.00,705600.00,5.00,5.00,202708.00,148996.00,1297.00,114.00
1992.00,12.00,705630.00,4.00,4.00,269990.00,210651.00,1442.00,146.00
1992.00,12.00,715430.00,1.00,1.00,88187.00,79448.00,600.00,132.00
1992.00,12.00,715600.00,4.00,4.00,87976.00,69632.00,383.00,181.00
1992.00,12.00,715630.00,24.00,36.00,2493059.00,1930777.00,14632.00,131.00
1992.00,12.00,715700.00,6.00,5.00,308302.00,227427.00,1546.00,147.00
1992.00,12.00,715730.00,3.00,3.00,31272.00,21193.00,569.00,37.00
1992.00,12.00,725630.00,21.00,21.00,1833784.00,1444965.00,8137.00,177.00
1992.00,12.00,725700.00,18.00,21.00,1190404.00,933822.00,5067.00,184.00
1992.00,12.00,725730.00,4.00,5.00,297146.00,240164.00,807.00,297.00
1992.00,12.00,725800.00,1.00,1.00,29520.00,24197.00,146.00,165.00
1992.00,12.00,735630.00,3.00,3.00,309070.00,278517.00,1165.00,239.00
1992.00,12.00,735700.00,8.00,9.00,530492.00,400252.00,1943.00,205.00
1992.00,12.00,735730.00,9.00,8.00,762160.00,581777.00,3605.00,161.00
1992.00,12.00,735800.00,3.00,3.00,203508.00,156115.00,757.00,206.00
1992.00,12.00,735830.00,2.00,2.00,52671.00,42741.00,192.00,222.00
1992.00,12.00,745800.00,1.00,1.00,8379.00,6925.00,64.00,108.00
1992.00,12.00,755830.00,1.00,1.00,14174.00,10738.00,60.00,178.00
1992.00,12.00,765830.00,1.00,1.00,26622.00,20357.00,165.00,123.00
1992.00,13.00,655430.00,1.00,1.00,32051.00,21367.00,67.00,318.00
1992.00,13.00,655530.00,3.00,3.00,199050.00,123422.00,1311.00,94.00
1992.00,13.00,665500.00,4.00,4.00,244483.00,151934.00,868.00,175.00
1992.00,13.00,665530.00,7.00,8.00,684726.00,458981.00,4259.00,107.00
1992.00,13.00,665600.00,11.00,14.00,1568966.00,991592.00,6435.00,154.00
1992.00,13.00,665630.00,3.00,3.00,47207.00,33041.00,276.00,119.00
1992.00,13.00,675500.00,3.00,3.00,185218.00,126699.00,1470.00,86.00
1992.00,13.00,675530.00,12.00,15.00,1268099.00,853072.00,9275.00,91.00
1992.00,13.00,675600.00,15.00,18.00,1563076.00,1052895.00,8661.00,121.00
1992.00,13.00,675630.00,11.00,12.00,670578.00,449447.00,2762.00,162.00
1992.00,13.00,675700.00,1.00,1.00,48493.00,30886.00,250.00,123.00
1992.00,13.00,685500.00,2.00,2.00,48281.00,32413.00,290.00,111.00
1992.00,13.00,685530.00,4.00,5.00,387513.00,265713.00,2139.00,124.00
1992.00,13.00,685600.00,12.00,15.00,1393425.00,980648.00,7833.00,125.00
1992.00,13.00,685630.00,6.00,8.00,789163.00,572245.00,2950.00,193.00
1992.00,13.00,695530.00,1.00,1.00,31845.00,24686.00,500.00,49.00
1992.00,13.00,695600.00,3.00,3.00,222017.00,156209.00,1302.00,119.00
1992.00,13.00,695631.00,3.00,3.00,302864.00,207532.00,1698.00,122.00
1992.00,13.00,705600.00,9.00,10.00,552034.00,405227.00,4156.00,97.00
1992.00,13.00,705630.00,7.00,7.00,348858.00,268453.00,2245.00,119.00
1992.00,13.00,715600.00,6.00,6.00,184425.00,152946.00,1004.00,152.00
1992.00,13.00,715630.00,20.00,25.00,1595351.00,1224950.00,8931.00,137.00
1992.00,13.00,715700.00,5.00,5.00,115904.00,89397.00,913.00,97.00
1992.00,13.00,725600.00,1.00,1.00,7544.00,5759.00,42.00,137.00
1992.00,13.00,725630.00,23.00,25.00,1355716.00,1029911.00,9019.00,114.00
1992.00,13.00,725700.00,16.00,16.00,560579.00,450795.00,3102.00,145.00
1992.00,13.00,725730.00,2.00,2.00,96695.00,74126.00,450.00,164.00
1992.00,13.00,735600.00,1.00,1.00,114190.00,74634.00,200.00,373.00
1992.00,13.00,735630.00,1.00,1.00,886.00,682.00,29.00,23.00
1992.00,13.00,735700.00,13.00,13.00,505987.00,376569.00,3063.00,122.00
1992.00,13.00,735730.00,7.00,7.00,231796.00,163131.00,1049.00,155.00
1992.00,13.00,735800.00,1.00,1.00,2232.00,1845.00,35.00,52.00
1992.00,13.00,745630.00,1.00,1.00,13436.00,8558.00,90.00,95.00
1992.00,13.00,745800.00,2.00,2.00,22918.00,19031.00,139.00,136.00
1992.00,13.00,765830.00,1.00,1.00,18743.00,17517.00,165.00,106.00
1992.00,13.00,775900.00,1.00,1.00,1211.00,1035.00,90.00,11.00
1992.00,14.00,605700.00,1.00,1.00,1656.00,1183.00,350.00,3.00
1992.00,14.00,615630.00,1.00,1.00,1655.00,1182.00,350.00,3.00
1992.00,14.00,635600.00,1.00,1.00,12827.00,9943.00,240.00,41.00
1992.00,14.00,645530.00,1.00,1.00,6756.00,5075.00,60.00,84.00
1992.00,14.00,655500.00,3.00,3.00,97096.00,66585.00,498.00,133.00
1992.00,14.00,655530.00,7.00,6.00,464010.00,331625.00,2983.00,111.00
1992.00,14.00,655600.00,6.00,6.00,197739.00,127377.00,997.00,127.00
1992.00,14.00,655630.00,2.00,2.00,92287.00,63378.00,485.00,130.00
1992.00,14.00,665500.00,7.00,7.00,377687.00,253140.00,3024.00,83.00
1992.00,14.00,665530.00,11.00,12.00,604109.00,400243.00,3489.00,114.00
1992.00,14.00,665600.00,22.00,23.00,1839823.00,1158217.00,9870.00,117.00
1992.00,14.00,665630.00,1.00,1.00,28691.00,20494.00,200.00,102.00
1992.00,14.00,675530.00,10.00,11.00,423191.00,300089.00,3364.00,89.00
1992.00,14.00,675600.00,22.00,30.00,2330774.00,1573848.00,11978.00,131.00
1992.00,14.00,675630.00,14.00,15.00,1267081.00,896195.00,5548.00,161.00
1992.00,14.00,685530.00,7.00,8.00,337920.00,241868.00,2075.00,116.00
1992.00,14.00,685600.00,15.00,17.00,1403507.00,988553.00,8371.00,118.00
1992.00,14.00,685630.00,15.00,18.00,1678790.00,1212868.00,6659.00,182.00
1992.00,14.00,685700.00,1.00,2.00,82869.00,60049.00,309.00,194.00
1992.00,14.00,695530.00,2.00,1.00,172635.00,101550.00,650.00,156.00
1992.00,14.00,695600.00,2.00,2.00,127210.00,91529.00,760.00,120.00
1992.00,14.00,695631.00,6.00,5.00,170140.00,121629.00,1109.00,109.00
1992.00,14.00,695700.00,1.00,1.00,9217.00,6537.00,125.00,52.00
1992.00,14.00,695730.00,3.00,1.00,17148.00,13047.00,192.00,67.00
1992.00,14.00,705600.00,9.00,12.00,562531.00,409003.00,4464.00,91.00
1992.00,14.00,705630.00,8.00,9.00,596428.00,448979.00,3521.00,127.00
1992.00,14.00,715600.00,6.00,6.00,274588.00,202891.00,1755.00,115.00
1992.00,14.00,715630.00,19.00,21.00,2157782.00,1691484.00,13071.00,129.00
1992.00,14.00,715700.00,7.00,9.00,769115.00,626571.00,3878.00,161.00
1992.00,14.00,715730.00,1.00,1.00,38739.00,30991.00,237.00,130.00
1992.00,14.00,725600.00,1.00,1.00,93690.00,58556.00,500.00,117.00
1992.00,14.00,725630.00,15.00,16.00,620327.00,490935.00,3615.00,135.00
1992.00,14.00,725700.00,10.00,13.00,929343.00,744773.00,4241.00,175.00
1992.00,14.00,725730.00,3.00,3.00,98873.00,77672.00,938.00,82.00
1992.00,14.00,735600.00,1.00,1.00,302.00,210.00,22.00,9.00
1992.00,14.00,735630.00,4.00,4.00,59133.00,42088.00,830.00,50.00
1992.00,14.00,735700.00,1.00,1.00,4435.00,3080.00,92.00,33.00
1992.00,14.00,735730.00,3.00,3.00,229126.00,170262.00,709.00,240.00
1992.00,14.00,735800.00,1.00,1.00,14390.00,11512.00,95.00,121.00
1992.00,15.00,645501.00,1.00,1.00,138235.00,98739.00,896.00,110.00
1992.00,15.00,655430.00,1.00,1.00,341.00,260.00,60.00,4.00
1992.00,15.00,655500.00,3.00,4.00,254390.00,166088.00,1922.00,86.00
1992.00,15.00,655530.00,6.00,6.00,332052.00,233825.00,2410.00,97.00
1992.00,15.00,655600.00,4.00,3.00,282367.00,186487.00,1111.00,167.00
1992.00,15.00,655630.00,1.00,1.00,63584.00,39439.00,468.00,84.00
1992.00,15.00,665430.00,1.00,1.00,3128.00,2188.00,147.00,14.00
1992.00,15.00,665500.00,5.00,5.00,16133.00,11246.00,563.00,19.00
1992.00,15.00,665530.00,9.00,9.00,229327.00,154855.00,2754.00,56.00
1992.00,15.00,665600.00,11.00,13.00,756977.00,463442.00,4688.00,98.00
1992.00,15.00,665630.00,2.00,2.00,72123.00,47764.00,495.00,96.00
1992.00,15.00,675500.00,2.00,2.00,10934.00,7483.00,220.00,34.00
1992.00,15.00,675530.00,5.00,5.00,279101.00,199741.00,3032.00,65.00
1992.00,15.00,675600.00,20.00,21.00,488375.00,340374.00,5415.00,62.00
1992.00,15.00,675630.00,8.00,10.00,446839.00,308757.00,2965.00,104.00
1992.00,15.00,675730.00,1.00,1.00,153964.00,101292.00,320.00,316.00
1992.00,15.00,685530.00,4.00,4.00,54873.00,42157.00,1259.00,33.00
1992.00,15.00,685600.00,7.00,10.00,737121.00,538334.00,4073.00,132.00
1992.00,15.00,685630.00,9.00,11.00,533156.00,395152.00,3156.00,125.00
1992.00,15.00,685700.00,2.00,3.00,139818.00,104087.00,670.00,155.00
1992.00,15.00,695600.00,2.00,2.00,327980.00,238466.00,1600.00,149.00
1992.00,15.00,695631.00,4.00,4.00,250407.00,175214.00,1563.00,112.00
1992.00,15.00,705600.00,7.00,7.00,395470.00,301328.00,2991.00,100.00
1992.00,15.00,705630.00,9.00,10.00,633177.00,482336.00,3910.00,123.00
1992.00,15.00,705701.00,4.00,4.00,223998.00,159934.00,1923.00,83.00
1992.00,15.00,715600.00,4.00,4.00,171605.00,132074.00,1175.00,112.00
1992.00,15.00,715630.00,19.00,20.00,1706353.00,1331410.00,9727.00,136.00
1992.00,15.00,715700.00,21.00,29.00,2419030.00,1892359.00,12126.00,156.00
1992.00,15.00,715730.00,2.00,2.00,147610.00,117671.00,539.00,218.00
1992.00,15.00,725630.00,7.00,8.00,647057.00,510851.00,5087.00,100.00
1992.00,15.00,725700.00,8.00,12.00,937417.00,754009.00,5300.00,142.00
1992.00,15.00,725730.00,1.00,1.00,9245.00,6748.00,31.00,217.00
1992.00,15.00,735700.00,1.00,1.00,107910.00,86328.00,400.00,215.00
1992.00,15.00,735730.00,2.00,2.00,59382.00,41738.00,334.00,124.00
1992.00,15.00,765900.00,1.00,1.00,625.00,521.00,95.00,5.00
1992.00,16.00,635600.00,1.00,1.00,81858.00,48436.00,500.00,96.00
1992.00,16.00,645501.00,2.00,2.00,212531.00,139109.00,1109.00,125.00
1992.00,16.00,645530.00,2.00,2.00,30733.00,23599.00,615.00,38.00
1992.00,16.00,655500.00,1.00,1.00,31936.00,24566.00,470.00,52.00
1992.00,16.00,655530.00,7.00,8.00,273170.00,193622.00,2657.00,72.00
1992.00,16.00,655600.00,5.00,5.00,214389.00,150960.00,1717.00,87.00
1992.00,16.00,665500.00,2.00,2.00,4231.00,3446.00,355.00,9.00
1992.00,16.00,665530.00,5.00,6.00,99640.00,68935.00,1249.00,55.00
1992.00,16.00,665600.00,10.00,12.00,382873.00,277416.00,3295.00,84.00
1992.00,16.00,665700.00,1.00,1.00,11049.00,7892.00,80.00,98.00
1992.00,16.00,675530.00,4.00,6.00,151400.00,115391.00,1968.00,58.00
1992.00,16.00,675600.00,9.00,12.00,417906.00,304055.00,3878.00,78.00
1992.00,16.00,675630.00,2.00,2.00,78659.00,58802.00,420.00,140.00
1992.00,16.00,675700.00,1.00,1.00,7541.00,5386.00,67.00,80.00
1992.00,16.00,675730.00,1.00,1.00,67868.00,48477.00,604.00,80.00
1992.00,16.00,685530.00,1.00,1.00,1542.00,1101.00,100.00,11.00
1992.00,16.00,685600.00,8.00,8.00,121815.00,87396.00,1370.00,63.00
1992.00,16.00,685630.00,11.00,13.00,576421.00,429857.00,3008.00,142.00
1992.00,16.00,685700.00,1.00,1.00,10557.00,7541.00,165.00,45.00
1992.00,16.00,695500.00,1.00,1.00,125577.00,87207.00,600.00,145.00
1992.00,16.00,695600.00,1.00,1.00,126697.00,87378.00,915.00,95.00
1992.00,16.00,695631.00,2.00,2.00,83081.00,59307.00,728.00,81.00
1992.00,16.00,705600.00,4.00,4.00,181332.00,135205.00,1812.00,74.00
1992.00,16.00,705630.00,6.00,7.00,494590.00,383029.00,4261.00,89.00
1992.00,16.00,705701.00,3.00,3.00,375058.00,327321.00,1881.00,174.00
1992.00,16.00,705730.00,1.00,1.00,51980.00,41584.00,560.00,74.00
1992.00,16.00,715630.00,9.00,12.00,580747.00,440880.00,3028.00,145.00
1992.00,16.00,715700.00,21.00,32.00,2439065.00,1876982.00,14043.00,133.00
1992.00,16.00,715730.00,2.00,2.00,118560.00,96521.00,443.00,217.00
1992.00,16.00,725630.00,10.00,10.00,533211.00,406496.00,2657.00,152.00
1992.00,16.00,725700.00,24.00,33.00,2369652.00,1849611.00,12237.00,151.00
1992.00,16.00,725730.00,16.00,18.00,1480409.00,1138413.00,6799.00,167.00
1992.00,16.00,725800.00,1.00,1.00,142295.00,101639.00,1000.00,101.00
1992.00,16.00,735700.00,11.00,11.00,802294.00,661174.00,5652.00,116.00
1992.00,16.00,735730.00,8.00,8.00,388510.00,285062.00,1892.00,150.00
1992.00,16.00,735800.00,4.00,4.00,345397.00,245337.00,1482.00,165.00
1992.00,16.00,775930.00,1.00,1.00,33300.00,27750.00,338.00,82.00
1992.00,16.00,776000.00,1.00,1.00,40962.00,34135.00,281.00,121.00
1992.00,17.00,645501.00,4.00,5.00,609156.00,425866.00,3854.00,110.00
1992.00,17.00,645530.00,1.00,1.00,24376.00,19501.00,300.00,65.00
1992.00,17.00,655500.00,6.00,5.00,404284.00,251514.00,2923.00,86.00
1992.00,17.00,655530.00,10.00,11.00,431052.00,282326.00,3835.00,73.00
1992.00,17.00,655600.00,6.00,6.00,76832.00,51520.00,859.00,59.00
1992.00,17.00,655630.00,1.00,1.00,12856.00,8348.00,101.00,82.00
1992.00,17.00,665500.00,2.00,2.00,81832.00,63892.00,685.00,93.00
1992.00,17.00,665530.00,7.00,7.00,272433.00,194566.00,2663.00,73.00
1992.00,17.00,665600.00,11.00,13.00,557127.00,393327.00,4182.00,94.00
1992.00,17.00,665630.00,1.00,1.00,73576.00,51814.00,350.00,148.00
1992.00,17.00,675530.00,5.00,6.00,120777.00,96157.00,2086.00,46.00
1992.00,17.00,675600.00,8.00,10.00,339889.00,239080.00,2896.00,82.00
1992.00,17.00,675630.00,3.00,3.00,135710.00,95627.00,900.00,106.00
1992.00,17.00,675730.00,1.00,1.00,2621.00,1872.00,30.00,62.00
1992.00,17.00,685530.00,2.00,2.00,49322.00,36833.00,575.00,64.00
1992.00,17.00,685600.00,8.00,10.00,347821.00,265159.00,2779.00,95.00
1992.00,17.00,685630.00,13.00,14.00,469225.00,341432.00,2997.00,113.00
1992.00,17.00,695530.00,1.00,1.00,675.00,482.00,40.00,12.00
1992.00,17.00,695600.00,1.00,1.00,42670.00,29839.00,700.00,42.00
1992.00,17.00,695631.00,3.00,3.00,81232.00,57798.00,950.00,60.00
1992.00,17.00,705600.00,4.00,3.00,94050.00,69335.00,873.00,79.00
1992.00,17.00,705630.00,12.00,12.00,343846.00,266742.00,4739.00,56.00
1992.00,17.00,705701.00,1.00,1.00,4066.00,3253.00,60.00,54.00
1992.00,17.00,715600.00,7.00,7.00,234933.00,191179.00,2676.00,71.00
1992.00,17.00,715630.00,26.00,34.00,1202348.00,983208.00,11636.00,84.00
1992.00,17.00,715700.00,17.00,28.00,805837.00,605334.00,9376.00,64.00
1992.00,17.00,715730.00,3.00,3.00,21854.00,17418.00,445.00,39.00
1992.00,17.00,725300.00,1.00,1.00,23822.00,17016.00,400.00,42.00
1992.00,17.00,725500.00,1.00,2.00,101339.00,81071.00,640.00,126.00
1992.00,17.00,725600.00,2.00,2.00,11745.00,9266.00,275.00,33.00
1992.00,17.00,725630.00,26.00,27.00,1056153.00,852502.00,11015.00,77.00
1992.00,17.00,725700.00,34.00,43.00,1495594.00,1179732.00,14600.00,80.00
1992.00,17.00,725730.00,12.00,13.00,624316.00,480747.00,3651.00,131.00
1992.00,17.00,735600.00,2.00,2.00,16739.00,12903.00,237.00,54.00
1992.00,17.00,735630.00,1.00,1.00,7420.00,5300.00,130.00,40.00
1992.00,17.00,735700.00,14.00,15.00,584778.00,447252.00,5596.00,79.00
1992.00,17.00,735730.00,5.00,5.00,81671.00,62619.00,668.00,93.00
1992.00,17.00,735800.00,1.00,1.00,28200.00,23500.00,50.00,470.00
1992.00,17.00,755830.00,1.00,1.00,25116.00,19173.00,100.00,191.00
1992.00,17.00,775930.00,1.00,1.00,2772.00,2310.00,58.00,39.00
1992.00,17.00,785930.00,1.00,1.00,1070.00,843.00,120.00,7.00
1992.00,18.00,685630.00,1.00,1.00,7377.00,5675.00,150.00,37.00
1992.00,18.00,715600.00,1.00,1.00,10788.00,10177.00,169.00,60.00
1992.00,18.00,715630.00,1.00,1.00,1756.00,1657.00,30.00,55.00
1992.00,18.00,715700.00,1.00,1.00,46571.00,35823.00,800.00,44.00
1992.00,18.00,725600.00,2.00,2.00,6856.00,6539.00,159.00,41.00
1992.00,18.00,725630.00,2.00,2.00,10986.00,9804.00,482.00,20.00
1992.00,18.00,725700.00,1.00,1.00,6372.00,6426.00,204.00,31.00
1992.00,18.00,725730.00,1.00,1.00,53495.00,42800.00,500.00,85.00
1993.00,3.00,685630.00,1.00,1.00,91301.00,67630.00,172.00,393.00
1993.00,3.00,695631.00,1.00,1.00,176672.00,127102.00,280.00,453.00
1993.00,3.00,715630.00,2.00,2.00,48539.00,32690.00,622.00,52.00
1993.00,4.00,655600.00,1.00,1.00,1456.00,958.00,89.00,10.00
1993.00,4.00,665500.00,2.00,2.00,151905.00,94860.00,643.00,147.00
1993.00,4.00,665600.00,3.00,3.00,87747.00,59431.00,574.00,103.00
1993.00,4.00,675530.00,8.00,8.00,737373.00,522224.00,2375.00,219.00
1993.00,4.00,675600.00,16.00,27.00,2609220.00,1757079.00,9846.00,178.00
1993.00,4.00,675630.00,7.00,7.00,911665.00,635381.00,3595.00,176.00
1993.00,4.00,675700.00,1.00,1.00,188208.00,126314.00,450.00,280.00
1993.00,4.00,685600.00,15.00,21.00,2380240.00,1647256.00,8296.00,198.00
1993.00,4.00,685630.00,13.00,18.00,1464425.00,1038855.00,5999.00,173.00
1993.00,4.00,685730.00,1.00,1.00,39006.00,29550.00,170.00,173.00
1993.00,4.00,705600.00,6.00,5.00,202217.00,142436.00,1623.00,87.00
1993.00,4.00,705630.00,6.00,6.00,496292.00,358123.00,1012.00,353.00
1993.00,4.00,705701.00,2.00,2.00,89144.00,65751.00,410.00,160.00
1993.00,4.00,705730.00,1.00,2.00,253008.00,186964.00,925.00,202.00
1993.00,4.00,715600.00,4.00,4.00,548122.00,381336.00,1101.00,346.00
1993.00,4.00,715630.00,18.00,23.00,2759331.00,1959765.00,7328.00,267.00
1993.00,4.00,715700.00,24.00,28.00,2465563.00,1761717.00,9977.00,176.00
1993.00,4.00,715730.00,5.00,5.00,332183.00,245827.00,759.00,323.00
1993.00,4.00,715800.00,1.00,1.00,42046.00,35633.00,259.00,137.00
1993.00,4.00,725630.00,13.00,13.00,1560702.00,1171227.00,3246.00,360.00
1993.00,4.00,725700.00,17.00,17.00,1547303.00,1124645.00,4340.00,259.00
1993.00,4.00,725730.00,10.00,10.00,1243941.00,888675.00,2690.00,330.00
1993.00,4.00,735700.00,3.00,3.00,153411.00,107567.00,755.00,142.00
1993.00,4.00,735730.00,7.00,7.00,567779.00,429968.00,1592.00,270.00
1993.00,4.00,735800.00,1.00,1.00,295177.00,213896.00,550.00,388.00
1993.00,5.00,645630.00,1.00,1.00,61546.00,41585.00,167.00,249.00
1993.00,5.00,655500.00,1.00,1.00,119262.00,71414.00,547.00,130.00
1993.00,5.00,655530.00,1.00,1.00,153353.00,102235.00,580.00,176.00
1993.00,5.00,655630.00,1.00,1.00,19216.00,13726.00,213.00,64.00
1993.00,5.00,665500.00,1.00,1.00,80089.00,58035.00,177.00,327.00
1993.00,5.00,665530.00,2.00,2.00,105229.00,67952.00,995.00,68.00
1993.00,5.00,665600.00,2.00,2.00,86494.00,53885.00,630.00,85.00
1993.00,5.00,675500.00,1.00,1.00,2751.00,1965.00,100.00,19.00
1993.00,5.00,675530.00,3.00,3.00,452688.00,314251.00,1920.00,163.00
1993.00,5.00,675600.00,16.00,23.00,2288526.00,1573641.00,10346.00,152.00
1993.00,5.00,675630.00,5.00,5.00,362794.00,256284.00,2304.00,111.00
1993.00,5.00,685530.00,3.00,3.00,200382.00,145593.00,1088.00,133.00
1993.00,5.00,685600.00,19.00,29.00,3567916.00,2482543.00,15220.00,163.00
1993.00,5.00,685630.00,17.00,21.00,1438223.00,1020410.00,8222.00,124.00
1993.00,5.00,695631.00,7.00,6.00,184074.00,135315.00,916.00,147.00
1993.00,5.00,705600.00,2.00,2.00,91048.00,66961.00,910.00,73.00
1993.00,5.00,705630.00,2.00,2.00,430794.00,314530.00,1234.00,254.00
1993.00,5.00,705701.00,3.00,3.00,42834.00,36071.00,319.00,113.00
1993.00,5.00,705730.00,1.00,1.00,210160.00,149050.00,800.00,186.00
1993.00,5.00,715600.00,6.00,7.00,563084.00,412380.00,1596.00,258.00
1993.00,5.00,715630.00,23.00,35.00,4466050.00,3307066.00,13767.00,240.00
1993.00,5.00,715700.00,26.00,26.00,2179020.00,1647055.00,9733.00,169.00
1993.00,5.00,715730.00,5.00,6.00,258516.00,195476.00,940.00,207.00
1993.00,5.00,715800.00,2.00,3.00,284800.00,227400.00,1010.00,225.00
1993.00,5.00,715830.00,1.00,1.00,261.00,201.00,180.00,1.00
1993.00,5.00,725600.00,2.00,2.00,127487.00,89205.00,573.00,155.00
1993.00,5.00,725630.00,20.00,26.00,3640634.00,2656769.00,8818.00,301.00
1993.00,5.00,725700.00,23.00,24.00,2781334.00,2065064.00,8304.00,248.00
1993.00,5.00,725730.00,15.00,16.00,2573861.00,1953009.00,6040.00,323.00
1993.00,5.00,725800.00,1.00,1.00,107348.00,82575.00,188.00,439.00
1993.00,5.00,725830.00,1.00,1.00,46753.00,35963.00,170.00,211.00
1993.00,5.00,735700.00,4.00,4.00,747292.00,527415.00,1898.00,277.00
1993.00,5.00,735730.00,7.00,8.00,1284661.00,944699.00,2440.00,387.00
1993.00,5.00,735800.00,2.00,2.00,251753.00,185172.00,465.00,398.00
1993.00,5.00,735830.00,2.00,2.00,172737.00,133845.00,377.00,355.00
1993.00,6.00,665500.00,3.00,3.00,177225.00,118540.00,1184.00,100.00
1993.00,6.00,665530.00,3.00,4.00,230052.00,149863.00,1647.00,90.00
1993.00,6.00,665600.00,3.00,3.00,244185.00,155973.00,1376.00,113.00
1993.00,6.00,675530.00,2.00,3.00,67898.00,47137.00,441.00,106.00
1993.00,6.00,675600.00,11.00,18.00,1463669.00,1016501.00,8213.00,123.00
1993.00,6.00,675630.00,4.00,4.00,249488.00,180503.00,1671.00,108.00
1993.00,6.00,675700.00,1.00,1.00,99714.00,65601.00,425.00,154.00
1993.00,6.00,685500.00,1.00,1.00,954.00,572.00,10.00,57.00
1993.00,6.00,685530.00,3.00,3.00,292652.00,200443.00,1140.00,175.00
1993.00,6.00,685600.00,22.00,38.00,4187148.00,3021927.00,19796.00,152.00
1993.00,6.00,685630.00,19.00,25.00,2274190.00,1699348.00,10135.00,167.00
1993.00,6.00,695600.00,2.00,1.00,43778.00,34961.00,400.00,87.00
1993.00,6.00,695631.00,1.00,1.00,7746.00,5868.00,45.00,130.00
1993.00,6.00,705600.00,2.00,2.00,145006.00,99349.00,930.00,106.00
1993.00,6.00,705630.00,3.00,2.00,300852.00,227513.00,2238.00,101.00
1993.00,6.00,705701.00,3.00,3.00,95185.00,71494.00,435.00,164.00
1993.00,6.00,705730.00,1.00,1.00,13239.00,9880.00,44.00,224.00
1993.00,6.00,715600.00,5.00,7.00,754269.00,540917.00,2417.00,223.00
1993.00,6.00,715630.00,21.00,27.00,3512453.00,2574652.00,13772.00,186.00
1993.00,6.00,715700.00,16.00,18.00,1319529.00,1000043.00,6148.00,162.00
1993.00,6.00,715730.00,4.00,3.00,85337.00,67301.00,398.00,169.00
1993.00,6.00,725530.00,2.00,2.00,496936.00,369881.00,2116.00,174.00
1993.00,6.00,725600.00,2.00,2.00,411961.00,308239.00,912.00,337.00
1993.00,6.00,725630.00,19.00,23.00,3217447.00,2350188.00,11728.00,200.00
1993.00,6.00,725700.00,21.00,25.00,2386265.00,1780206.00,7452.00,238.00
1993.00,6.00,725730.00,21.00,21.00,2831454.00,2105802.00,8186.00,257.00
1993.00,6.00,725800.00,2.00,2.00,335078.00,271306.00,1160.00,233.00
1993.00,6.00,735630.00,2.00,2.00,113553.00,91765.00,377.00,243.00
1993.00,6.00,735700.00,6.00,6.00,741239.00,547769.00,3098.00,176.00
1993.00,6.00,735730.00,14.00,14.00,2542995.00,1912573.00,5436.00,351.00
1993.00,6.00,735800.00,7.00,4.00,805276.00,580518.00,1943.00,298.00
1993.00,6.00,735830.00,1.00,1.00,48339.00,35544.00,68.00,522.00
1993.00,6.00,745800.00,1.00,1.00,832.00,650.00,8.00,81.00
1993.00,6.00,755630.00,2.00,2.00,241492.00,163638.00,924.00,177.00
1993.00,7.00,665500.00,1.00,1.00,66947.00,49590.00,277.00,179.00
1993.00,7.00,665530.00,1.00,1.00,101095.00,67397.00,700.00,96.00
1993.00,7.00,665600.00,2.00,2.00,202127.00,126513.00,878.00,144.00
1993.00,7.00,665630.00,1.00,1.00,54409.00,30227.00,480.00,62.00
1993.00,7.00,675500.00,1.00,1.00,114203.00,84595.00,400.00,211.00
1993.00,7.00,675530.00,8.00,8.00,538768.00,388941.00,3127.00,124.00
1993.00,7.00,675600.00,7.00,7.00,556646.00,389530.00,3183.00,122.00
1993.00,7.00,675630.00,5.00,5.00,493493.00,368601.00,2044.00,180.00
1993.00,7.00,675800.00,1.00,1.00,114718.00,84975.00,650.00,130.00
1993.00,7.00,685530.00,1.00,1.00,2640.00,1956.00,15.00,130.00
1993.00,7.00,685600.00,21.00,34.00,3442708.00,2510784.00,17127.00,146.00
1993.00,7.00,685630.00,10.00,14.00,1145751.00,838238.00,5624.00,149.00
1993.00,7.00,695500.00,1.00,1.00,44310.00,32822.00,375.00,87.00
1993.00,7.00,695530.00,1.00,1.00,44310.00,32822.00,375.00,87.00
1993.00,7.00,695600.00,4.00,4.00,381012.00,276629.00,2059.00,134.00
1993.00,7.00,705600.00,4.00,4.00,585907.00,434217.00,2118.00,205.00
1993.00,7.00,705630.00,3.00,3.00,313187.00,238320.00,1575.00,151.00
1993.00,7.00,715600.00,8.00,11.00,1346087.00,980605.00,5445.00,180.00
1993.00,7.00,715630.00,21.00,28.00,2853696.00,2142986.00,12257.00,174.00
1993.00,7.00,715700.00,4.00,4.00,92747.00,68737.00,669.00,102.00
1993.00,7.00,715730.00,2.00,2.00,148578.00,116769.00,620.00,188.00
1993.00,7.00,715800.00,1.00,1.00,18768.00,13800.00,55.00,250.00
1993.00,7.00,725630.00,21.00,26.00,2416388.00,1788080.00,10457.00,170.00
1993.00,7.00,725700.00,26.00,29.00,4065673.00,3007348.00,13058.00,230.00
1993.00,7.00,725730.00,13.00,15.00,1493608.00,1106222.00,4585.00,241.00
1993.00,7.00,735600.00,1.00,1.00,14815.00,10566.00,70.00,150.00
1993.00,7.00,735630.00,8.00,7.00,462079.00,334725.00,1270.00,263.00
1993.00,7.00,735700.00,15.00,15.00,1483752.00,1119400.00,3955.00,283.00
1993.00,7.00,735730.00,21.00,22.00,3456614.00,2589795.00,7759.00,333.00
1993.00,7.00,735800.00,11.00,10.00,1053104.00,756417.00,3436.00,220.00
1993.00,7.00,735830.00,1.00,1.00,8467.00,6464.00,35.00,184.00
1993.00,7.00,745800.00,2.00,2.00,44359.00,32400.00,106.00,305.00
1993.00,7.00,745830.00,2.00,2.00,155962.00,112422.00,554.00,202.00
1993.00,8.00,655530.00,1.00,1.00,126402.00,84268.00,620.00,135.00
1993.00,8.00,665530.00,1.00,1.00,55258.00,44206.00,316.00,139.00
1993.00,8.00,665600.00,2.00,2.00,203546.00,124973.00,1378.00,90.00
1993.00,8.00,675530.00,3.00,3.00,143569.00,102517.00,1251.00,81.00
1993.00,8.00,675600.00,9.00,12.00,1293687.00,873202.00,6375.00,136.00
1993.00,8.00,675630.00,3.00,3.00,165234.00,115186.00,715.00,161.00
1993.00,8.00,685530.00,2.00,2.00,96951.00,61163.00,1100.00,55.00
1993.00,8.00,685600.00,20.00,25.00,2198119.00,1619450.00,11265.00,143.00
1993.00,8.00,685630.00,18.00,24.00,2044562.00,1536171.00,11538.00,133.00
1993.00,8.00,695600.00,2.00,2.00,68892.00,48511.00,555.00,87.00
1993.00,8.00,695631.00,1.00,1.00,53879.00,37678.00,250.00,150.00
1993.00,8.00,705600.00,4.00,4.00,245841.00,171665.00,2913.00,58.00
1993.00,8.00,705630.00,4.00,4.00,585422.00,459714.00,4215.00,109.00
1993.00,8.00,705701.00,1.00,1.00,34971.00,25526.00,100.00,255.00
1993.00,8.00,715600.00,8.00,10.00,703880.00,493522.00,3136.00,157.00
1993.00,8.00,715630.00,20.00,31.00,2398582.00,1779189.00,12034.00,147.00
1993.00,8.00,715700.00,9.00,9.00,859641.00,650281.00,3969.00,163.00
1993.00,8.00,715730.00,1.00,1.00,35515.00,29844.00,140.00,213.00
1993.00,8.00,725600.00,4.00,4.00,513293.00,387927.00,2321.00,167.00
1993.00,8.00,725630.00,12.00,16.00,2024345.00,1506204.00,7806.00,192.00
1993.00,8.00,725700.00,21.00,21.00,2223173.00,1626207.00,9017.00,180.00
1993.00,8.00,725730.00,17.00,21.00,2389816.00,1816353.00,8588.00,211.00
1993.00,8.00,725800.00,6.00,7.00,853101.00,618015.00,2404.00,257.00
1993.00,8.00,735630.00,5.00,5.00,425875.00,304978.00,1656.00,184.00
1993.00,8.00,735700.00,20.00,19.00,2970286.00,2108129.00,7698.00,273.00
1993.00,8.00,735730.00,31.00,31.00,4083278.00,3023446.00,11304.00,267.00
1993.00,8.00,735800.00,19.00,20.00,1878118.00,1415862.00,5953.00,237.00
1993.00,8.00,735830.00,3.00,3.00,123880.00,85588.00,312.00,274.00
1993.00,8.00,735900.00,1.00,1.00,178362.00,122166.00,300.00,407.00
1993.00,8.00,745730.00,1.00,1.00,98560.00,73552.00,240.00,306.00
1993.00,8.00,745800.00,6.00,6.00,636195.00,482861.00,1592.00,303.00
1993.00,8.00,745830.00,6.00,7.00,711218.00,537509.00,1510.00,355.00
1993.00,8.00,755830.00,1.00,1.00,122910.00,97548.00,320.00,304.00
1993.00,8.00,775900.00,1.00,2.00,325850.00,250654.00,410.00,611.00
1993.00,9.00,635530.00,1.00,1.00,26976.00,20592.00,1000.00,20.00
1993.00,9.00,665530.00,1.00,1.00,105847.00,78405.00,615.00,127.00
1993.00,9.00,665600.00,3.00,3.00,256729.00,164994.00,1409.00,117.00
1993.00,9.00,675500.00,1.00,1.00,51513.00,36023.00,200.00,180.00
1993.00,9.00,675530.00,3.00,3.00,191791.00,137839.00,1200.00,114.00
1993.00,9.00,675600.00,10.00,9.00,789952.00,554532.00,4080.00,135.00
1993.00,9.00,675630.00,9.00,8.00,868048.00,631179.00,4199.00,150.00
1993.00,9.00,675800.00,1.00,1.00,125490.00,90935.00,700.00,129.00
1993.00,9.00,685600.00,11.00,17.00,1347230.00,989210.00,7876.00,125.00
1993.00,9.00,685630.00,13.00,22.00,1584640.00,1184064.00,10625.00,111.00
1993.00,9.00,685700.00,2.00,2.00,80483.00,61414.00,520.00,118.00
1993.00,9.00,695600.00,1.00,1.00,40967.00,30122.00,225.00,133.00
1993.00,9.00,695631.00,1.00,1.00,40967.00,30122.00,225.00,133.00
1993.00,9.00,705600.00,2.00,2.00,458589.00,351262.00,1550.00,226.00
1993.00,9.00,715600.00,4.00,5.00,127389.00,94869.00,579.00,163.00
1993.00,9.00,715630.00,10.00,12.00,1006263.00,778891.00,4890.00,159.00
1993.00,9.00,715700.00,3.00,3.00,220855.00,161527.00,733.00,220.00
1993.00,9.00,715730.00,1.00,1.00,4843.00,3725.00,37.00,100.00
1993.00,9.00,725630.00,6.00,8.00,1218184.00,887794.00,5289.00,167.00
1993.00,9.00,725700.00,16.00,21.00,2125590.00,1631060.00,9251.00,176.00
1993.00,9.00,725730.00,15.00,20.00,1677703.00,1268472.00,6963.00,182.00
1993.00,9.00,725800.00,11.00,14.00,1438456.00,1068100.00,4659.00,229.00
1993.00,9.00,725830.00,1.00,1.00,121438.00,96906.00,194.00,499.00
1993.00,9.00,735630.00,2.00,2.00,142566.00,108898.00,411.00,264.00
1993.00,9.00,735700.00,17.00,20.00,1889525.00,1416899.00,7048.00,201.00
1993.00,9.00,735730.00,21.00,25.00,1974231.00,1432639.00,6134.00,233.00
1993.00,9.00,735800.00,19.00,26.00,3027813.00,2293238.00,9207.00,249.00
1993.00,9.00,735830.00,11.00,12.00,1360622.00,1014845.00,5312.00,191.00
1993.00,9.00,735900.00,1.00,1.00,171442.00,119057.00,300.00,396.00
1993.00,9.00,745800.00,10.00,11.00,1316004.00,965951.00,2833.00,340.00
1993.00,9.00,745830.00,18.00,21.00,2754345.00,2085374.00,8733.00,238.00
1993.00,9.00,745900.00,1.00,1.00,10717.00,8300.00,21.00,395.00
1993.00,9.00,745930.00,1.00,1.00,24592.00,17078.00,47.00,363.00
1993.00,9.00,755830.00,10.00,11.00,887230.00,614803.00,2040.00,301.00
1993.00,9.00,755900.00,6.00,6.00,201684.00,145765.00,901.00,161.00
1993.00,9.00,765830.00,1.00,1.00,1233.00,822.00,5.00,164.00
1993.00,9.00,765900.00,1.00,1.00,1201.00,801.00,15.00,53.00
1993.00,9.00,776000.00,1.00,1.00,399621.00,314661.00,1200.00,262.00
1993.00,10.00,655630.00,1.00,1.00,119.00,96.00,12.00,8.00
1993.00,10.00,665600.00,2.00,3.00,124329.00,80477.00,892.00,90.00
1993.00,10.00,665630.00,1.00,1.00,46768.00,31815.00,427.00,74.00
1993.00,10.00,675530.00,1.00,1.00,105281.00,77986.00,550.00,141.00
1993.00,10.00,675600.00,7.00,6.00,595314.00,408891.00,3137.00,130.00
1993.00,10.00,675630.00,5.00,7.00,827869.00,587561.00,3797.00,154.00
1993.00,10.00,675730.00,1.00,1.00,60986.00,46554.00,500.00,93.00
1993.00,10.00,685600.00,11.00,11.00,509068.00,374656.00,3687.00,101.00
1993.00,10.00,685630.00,16.00,16.00,1337024.00,981589.00,8879.00,110.00
1993.00,10.00,685700.00,2.00,2.00,146617.00,104048.00,875.00,118.00
1993.00,10.00,695631.00,1.00,1.00,41111.00,27591.00,250.00,110.00
1993.00,10.00,705600.00,2.00,3.00,188326.00,135493.00,1173.00,115.00
1993.00,10.00,715600.00,2.00,2.00,182826.00,132589.00,707.00,187.00
1993.00,10.00,715630.00,9.00,9.00,889646.00,699746.00,3953.00,177.00
1993.00,10.00,715700.00,7.00,7.00,416197.00,337016.00,1999.00,168.00
1993.00,10.00,715730.00,1.00,1.00,61198.00,45332.00,560.00,80.00
1993.00,10.00,715830.00,1.00,1.00,500.00,397.00,0.00,
1993.00,10.00,725600.00,1.00,1.00,41689.00,29778.00,742.00,40.00
1993.00,10.00,725630.00,7.00,8.00,837316.00,618917.00,4416.00,140.00
1993.00,10.00,725700.00,14.00,15.00,959335.00,747172.00,5331.00,140.00
1993.00,10.00,725730.00,12.00,15.00,1628941.00,1228475.00,7586.00,161.00
1993.00,10.00,725800.00,7.00,8.00,550195.00,422825.00,2771.00,152.00
1993.00,10.00,725830.00,1.00,1.00,112696.00,85376.00,330.00,258.00
1993.00,10.00,735600.00,1.00,1.00,41440.00,30471.00,200.00,152.00
1993.00,10.00,735630.00,5.00,5.00,108965.00,80592.00,621.00,129.00
1993.00,10.00,735700.00,9.00,11.00,494615.00,364975.00,2904.00,125.00
1993.00,10.00,735730.00,19.00,22.00,1565862.00,1150080.00,6837.00,168.00
1993.00,10.00,735800.00,25.00,35.00,2749529.00,2055417.00,11452.00,179.00
1993.00,10.00,735830.00,11.00,11.00,739888.00,546428.00,3403.00,160.00
1993.00,10.00,735900.00,1.00,1.00,17505.00,13569.00,50.00,271.00
1993.00,10.00,745800.00,11.00,12.00,1107930.00,817440.00,3364.00,242.00
1993.00,10.00,745830.00,21.00,22.00,1561964.00,1167545.00,4759.00,245.00
1993.00,10.00,745900.00,6.00,6.00,550351.00,418315.00,1637.00,255.00
1993.00,10.00,745930.00,2.00,2.00,46667.00,39905.00,155.00,257.00
1993.00,10.00,755800.00,4.00,4.00,202113.00,144667.00,526.00,275.00
1993.00,10.00,755830.00,24.00,28.00,3479269.00,2480740.00,10787.00,229.00
1993.00,10.00,755900.00,15.00,15.00,752094.00,582382.00,2804.00,207.00
1993.00,10.00,755930.00,1.00,1.00,78868.00,59299.00,144.00,411.00
1993.00,10.00,765800.00,1.00,1.00,6516.00,5012.00,15.00,334.00
1993.00,10.00,765830.00,9.00,9.00,210207.00,159470.00,1367.00,116.00
1993.00,10.00,765900.00,2.00,2.00,22973.00,18676.00,217.00,86.00
1993.00,10.00,765930.00,1.00,1.00,71505.00,42864.00,323.00,132.00
1993.00,10.00,766000.00,1.00,1.00,316999.00,241984.00,500.00,483.00
1993.00,10.00,775900.00,2.00,2.00,4292.00,3580.00,139.00,25.00
1993.00,10.00,785930.00,1.00,1.00,33161.00,25619.00,167.00,153.00
1993.00,11.00,635504.00,1.00,1.00,13101.00,9777.00,225.00,43.00
1993.00,11.00,655600.00,1.00,1.00,1025.00,684.00,120.00,5.00
1993.00,11.00,665600.00,1.00,1.00,58168.00,35600.00,440.00,80.00
1993.00,11.00,675530.00,2.00,3.00,316215.00,234234.00,1856.00,126.00
1993.00,11.00,675600.00,8.00,10.00,871363.00,598615.00,5826.00,102.00
1993.00,11.00,675630.00,4.00,6.00,534640.00,389406.00,3415.00,114.00
1993.00,11.00,675700.00,1.00,1.00,84821.00,56173.00,400.00,140.00
1993.00,11.00,685600.00,6.00,8.00,496480.00,356800.00,3869.00,92.00
1993.00,11.00,685630.00,9.00,9.00,469775.00,357841.00,2918.00,122.00
1993.00,11.00,685700.00,2.00,2.00,125960.00,96695.00,700.00,138.00
1993.00,11.00,695631.00,1.00,1.00,565.00,418.00,14.00,29.00
1993.00,11.00,705600.00,1.00,1.00,22094.00,16366.00,165.00,99.00
1993.00,11.00,705702.00,1.00,1.00,563.00,450.00,15.00,30.00
1993.00,11.00,715600.00,1.00,1.00,82913.00,70265.00,990.00,70.00
1993.00,11.00,715630.00,5.00,6.00,183391.00,138375.00,1227.00,112.00
1993.00,11.00,715700.00,4.00,4.00,79811.00,58435.00,516.00,113.00
1993.00,11.00,725630.00,13.00,13.00,584081.00,468047.00,3682.00,127.00
1993.00,11.00,725700.00,13.00,17.00,936600.00,734223.00,5562.00,132.00
1993.00,11.00,725730.00,7.00,7.00,307995.00,223908.00,1390.00,161.00
1993.00,11.00,725800.00,4.00,4.00,145873.00,111499.00,1293.00,86.00
1993.00,11.00,725830.00,1.00,1.00,7233.00,5786.00,21.00,275.00
1993.00,11.00,735630.00,8.00,8.00,289868.00,221923.00,1827.00,121.00
1993.00,11.00,735700.00,18.00,21.00,1006989.00,764016.00,6592.00,115.00
1993.00,11.00,735730.00,24.00,29.00,1929685.00,1437116.00,10027.00,143.00
1993.00,11.00,735800.00,12.00,16.00,704436.00,538754.00,3451.00,156.00
1993.00,11.00,735830.00,7.00,7.00,281417.00,207795.00,1410.00,147.00
1993.00,11.00,745730.00,2.00,2.00,67685.00,51627.00,203.00,254.00
1993.00,11.00,745800.00,5.00,6.00,540487.00,397802.00,2770.00,143.00
1993.00,11.00,745830.00,12.00,11.00,616060.00,452123.00,2926.00,154.00
1993.00,11.00,745900.00,2.00,2.00,49782.00,37297.00,300.00,124.00
1993.00,11.00,755800.00,2.00,2.00,217992.00,159289.00,596.00,267.00
1993.00,11.00,755830.00,26.00,28.00,2100887.00,1534931.00,9616.00,159.00
1993.00,11.00,755900.00,12.00,13.00,334786.00,241913.00,2167.00,111.00
1993.00,11.00,755930.00,2.00,2.00,259738.00,174577.00,1160.00,150.00
1993.00,11.00,765830.00,7.00,6.00,88892.00,64757.00,517.00,125.00
1993.00,11.00,765900.00,6.00,6.00,379603.00,280243.00,1208.00,231.00
1993.00,11.00,765930.00,3.00,2.00,154669.00,103980.00,777.00,133.00
1993.00,11.00,775830.00,3.00,3.00,53671.00,36505.00,448.00,81.00
1993.00,11.00,775900.00,2.00,2.00,11675.00,8606.00,60.00,143.00
1993.00,11.00,775930.00,7.00,6.00,492073.00,358296.00,1896.00,188.00
1993.00,11.00,776000.00,3.00,2.00,3607.00,2436.00,30.00,81.00
1993.00,11.00,785830.00,2.00,2.00,212490.00,146330.00,837.00,174.00
1993.00,11.00,785900.00,1.00,1.00,600.00,462.00,0.00,
1993.00,11.00,785930.00,8.00,8.00,598534.00,427283.00,2501.00,170.00
1993.00,12.00,645501.00,1.00,1.00,2607.00,2005.00,1500.00,1.00
1993.00,12.00,645630.00,1.00,1.00,2253.00,1747.00,200.00,8.00
1993.00,12.00,655530.00,1.00,1.00,18433.00,13860.00,150.00,92.00
1993.00,12.00,665530.00,1.00,1.00,27114.00,18076.00,400.00,45.00
1993.00,12.00,665600.00,3.00,5.00,416636.00,271777.00,3088.00,88.00
1993.00,12.00,665630.00,1.00,1.00,69057.00,50041.00,600.00,83.00
1993.00,12.00,665700.00,1.00,1.00,21381.00,14745.00,219.00,67.00
1993.00,12.00,675500.00,1.00,1.00,76912.00,51275.00,600.00,85.00
1993.00,12.00,675530.00,2.00,2.00,155700.00,107697.00,820.00,131.00
1993.00,12.00,675600.00,12.00,17.00,1524425.00,1072599.00,9940.00,107.00
1993.00,12.00,675630.00,5.00,5.00,173876.00,125290.00,1976.00,63.00
1993.00,12.00,685530.00,5.00,5.00,291471.00,210529.00,1912.00,110.00
1993.00,12.00,685600.00,13.00,17.00,917868.00,676977.00,7020.00,96.00
1993.00,12.00,685630.00,15.00,20.00,936171.00,724785.00,8090.00,89.00
1993.00,12.00,685700.00,3.00,3.00,89463.00,65072.00,647.00,100.00
1993.00,12.00,695600.00,1.00,1.00,21052.00,16070.00,50.00,321.00
1993.00,12.00,695631.00,3.00,3.00,72525.00,53299.00,587.00,90.00
1993.00,12.00,705600.00,3.00,3.00,460733.00,328136.00,2750.00,119.00
1993.00,12.00,705630.00,1.00,1.00,60504.00,44818.00,700.00,64.00
1993.00,12.00,715600.00,2.00,2.00,117015.00,91329.00,850.00,107.00
1993.00,12.00,715630.00,20.00,23.00,1464909.00,1078299.00,10253.00,105.00
1993.00,12.00,715700.00,2.00,2.00,28379.00,22008.00,172.00,127.00
1993.00,12.00,725630.00,11.00,11.00,617368.00,482180.00,4383.00,110.00
1993.00,12.00,725700.00,13.00,14.00,965208.00,756747.00,6892.00,109.00
1993.00,12.00,725730.00,15.00,16.00,995133.00,775396.00,6245.00,124.00
1993.00,12.00,725800.00,2.00,2.00,91172.00,73423.00,463.00,158.00
1993.00,12.00,725830.00,1.00,1.00,65214.00,48306.00,500.00,96.00
1993.00,12.00,735530.00,1.00,1.00,37430.00,26928.00,450.00,59.00
1993.00,12.00,735600.00,2.00,2.00,52961.00,34040.00,672.00,50.00
1993.00,12.00,735630.00,11.00,11.00,435471.00,319831.00,3727.00,85.00
1993.00,12.00,735700.00,23.00,33.00,1753980.00,1301378.00,12691.00,102.00
1993.00,12.00,735730.00,20.00,28.00,1813473.00,1360536.00,13197.00,103.00
1993.00,12.00,735800.00,13.00,21.00,1703871.00,1297321.00,9049.00,143.00
1993.00,12.00,735830.00,9.00,11.00,1043498.00,791909.00,6277.00,126.00
1993.00,12.00,735900.00,1.00,1.00,105.00,83.00,0.00,
1993.00,12.00,745630.00,1.00,1.00,238.00,172.00,7.00,24.00
1993.00,12.00,745800.00,7.00,6.00,644218.00,491091.00,1855.00,264.00
1993.00,12.00,745830.00,5.00,5.00,142761.00,107286.00,839.00,127.00
1993.00,12.00,745900.00,2.00,2.00,150436.00,115067.00,1300.00,88.00
1993.00,12.00,745930.00,1.00,1.00,263639.00,195288.00,600.00,325.00
1993.00,12.00,755800.00,1.00,1.00,33984.00,25173.00,300.00,83.00
1993.00,12.00,755830.00,9.00,12.00,1350683.00,1006411.00,7399.00,136.00
1993.00,12.00,755900.00,8.00,8.00,514668.00,384033.00,3411.00,112.00
1993.00,12.00,755930.00,2.00,2.00,49823.00,36478.00,1187.00,30.00
1993.00,12.00,765730.00,1.00,1.00,43951.00,31394.00,400.00,78.00
1993.00,12.00,765830.00,3.00,3.00,102414.00,68689.00,623.00,110.00
1993.00,12.00,765900.00,4.00,4.00,165547.00,116491.00,1074.00,108.00
1993.00,12.00,765930.00,1.00,1.00,1734.00,1470.00,30.00,49.00
1993.00,12.00,766000.00,3.00,3.00,298247.00,215581.00,806.00,267.00
1993.00,12.00,775830.00,1.00,1.00,47163.00,36279.00,263.00,137.00
1993.00,12.00,775900.00,3.00,3.00,194185.00,143746.00,216.00,665.00
1993.00,12.00,775930.00,9.00,10.00,854746.00,605446.00,2285.00,264.00
1993.00,12.00,776000.00,5.00,6.00,273782.00,194685.00,1215.00,160.00
1993.00,12.00,776030.00,1.00,1.00,107764.00,72814.00,876.00,83.00
1993.00,12.00,785900.00,1.00,1.00,107008.00,84258.00,285.00,295.00
1993.00,12.00,785930.00,14.00,14.00,1068680.00,785928.00,4282.00,183.00
1993.00,12.00,786000.00,2.00,4.00,665666.00,505826.00,2379.00,212.00
1993.00,12.00,795900.00,1.00,1.00,107008.00,84258.00,285.00,295.00
1993.00,12.00,795930.00,1.00,1.00,145592.00,101810.00,700.00,145.00
1993.00,13.00,685630.00,1.00,1.00,85000.00,75000.00,525.00,142.00
1993.00,13.00,715630.00,1.00,1.00,2649.00,1720.00,26.00,66.00
1993.00,13.00,725630.00,2.00,2.00,31796.00,23980.00,223.00,107.00
1993.00,13.00,725700.00,1.00,1.00,31374.00,23412.00,335.00,69.00
1993.00,13.00,725730.00,3.00,3.00,41364.00,30634.00,217.00,141.00
1993.00,13.00,735630.00,1.00,1.00,15750.00,12115.00,258.00,46.00
1993.00,13.00,735700.00,1.00,1.00,7434.00,5718.00,99.00,57.00
1993.00,13.00,735800.00,2.00,2.00,89725.00,65834.00,227.00,290.00
1993.00,13.00,735830.00,1.00,1.00,756.00,582.00,26.00,22.00
1993.00,13.00,785900.00,1.00,1.00,87510.00,69452.00,249.00,278.00
1993.00,13.00,786000.00,1.00,1.00,45325.00,33824.00,86.00,393.00
1993.00,13.00,795900.00,1.00,1.00,87510.00,69452.00,249.00,278.00
1994.00,4.00,715630.00,1.00,1.00,1840.00,1416.00,7.00,202.00
1994.00,4.00,725630.00,1.00,1.00,90181.00,69370.00,322.00,215.00
1994.00,4.00,725800.00,1.00,1.00,23863.00,19401.00,84.00,230.00
1994.00,4.00,735730.00,1.00,1.00,31530.00,22049.00,191.00,115.00
1994.00,4.00,735800.00,2.00,2.00,54406.00,39931.00,287.00,139.00
1994.00,4.00,735830.00,1.00,1.00,25852.00,21018.00,91.00,230.00
1994.00,4.00,745800.00,1.00,1.00,9460.00,6615.00,57.00,116.00
1994.00,5.00,675600.00,3.00,5.00,708037.00,517602.00,2491.00,207.00
1994.00,5.00,685600.00,1.00,3.00,76372.00,54873.00,473.00,116.00
1994.00,5.00,685630.00,2.00,2.00,44077.00,32246.00,683.00,47.00
1994.00,5.00,705600.00,2.00,2.00,218132.00,162178.00,730.00,222.00
1994.00,5.00,705701.00,2.00,2.00,18842.00,11770.00,252.00,46.00
1994.00,5.00,715600.00,3.00,3.00,160105.00,131207.00,632.00,207.00
1994.00,5.00,715630.00,8.00,12.00,865481.00,673767.00,3646.00,184.00
1994.00,5.00,715700.00,10.00,14.00,1033321.00,807263.00,3671.00,219.00
1994.00,5.00,715730.00,5.00,5.00,270919.00,212844.00,1419.00,149.00
1994.00,5.00,715800.00,4.00,4.00,207853.00,149702.00,1509.00,99.00
1994.00,5.00,725630.00,7.00,7.00,564041.00,407364.00,2977.00,136.00
1994.00,5.00,725700.00,9.00,9.00,366890.00,275988.00,1380.00,199.00
1994.00,5.00,725730.00,9.00,9.00,282765.00,191217.00,1602.00,119.00
1994.00,5.00,725800.00,10.00,10.00,515611.00,361869.00,2151.00,168.00
1994.00,5.00,725830.00,3.00,3.00,469056.00,338244.00,1552.00,217.00
1994.00,5.00,735700.00,2.00,2.00,3911.00,2722.00,38.00,71.00
1994.00,5.00,735730.00,18.00,18.00,790383.00,562789.00,3804.00,147.00
1994.00,5.00,735800.00,18.00,22.00,1966324.00,1417655.00,7189.00,197.00
1994.00,5.00,735830.00,8.00,9.00,707783.00,493884.00,2900.00,170.00
1994.00,5.00,735900.00,2.00,1.00,44544.00,35019.00,275.00,127.00
1994.00,5.00,745800.00,6.00,6.00,187960.00,140012.00,613.00,228.00
1994.00,5.00,745830.00,11.00,11.00,954248.00,737124.00,3623.00,203.00
1994.00,5.00,745900.00,3.00,3.00,160912.00,103559.00,664.00,155.00
1994.00,5.00,745930.00,1.00,1.00,47832.00,38573.00,253.00,152.00
1994.00,5.00,755830.00,2.00,2.00,85873.00,65821.00,373.00,176.00
1994.00,6.00,665600.00,1.00,1.00,0.00,0.00,65.00,0.00
1994.00,6.00,675530.00,2.00,2.00,80940.00,57952.00,515.00,112.00
1994.00,6.00,675600.00,10.00,17.00,1441536.00,1104991.00,6891.00,160.00
1994.00,6.00,675630.00,2.00,2.00,96061.00,74850.00,470.00,159.00
1994.00,6.00,685600.00,13.00,16.00,947249.00,713018.00,5685.00,125.00
1994.00,6.00,685630.00,7.00,5.00,203625.00,158800.00,2040.00,77.00
1994.00,6.00,695700.00,1.00,1.00,13462.00,9616.00,100.00,96.00
1994.00,6.00,705600.00,1.00,2.00,103144.00,67012.00,1069.00,62.00
1994.00,6.00,705630.00,1.00,1.00,4197.00,3305.00,101.00,32.00
1994.00,6.00,705701.00,1.00,1.00,54473.00,40054.00,160.00,250.00
1994.00,6.00,705800.00,1.00,1.00,8913.00,6603.00,72.00,91.00
1994.00,6.00,715600.00,2.00,2.00,222398.00,169589.00,867.00,195.00
1994.00,6.00,715630.00,10.00,12.00,1735405.00,1359583.00,7235.00,187.00
1994.00,6.00,715700.00,15.00,20.00,2407488.00,1871312.00,9148.00,204.00
1994.00,6.00,715730.00,6.00,5.00,515892.00,408480.00,2121.00,192.00
1994.00,6.00,715800.00,4.00,5.00,223449.00,173880.00,1455.00,119.00
1994.00,6.00,725630.00,14.00,14.00,1476393.00,1151879.00,7382.00,156.00
1994.00,6.00,725700.00,16.00,18.00,1593621.00,1249647.00,7351.00,169.00
1994.00,6.00,725730.00,18.00,25.00,2813689.00,2176653.00,13592.00,160.00
1994.00,6.00,725800.00,20.00,24.00,2463481.00,1871587.00,10611.00,176.00
1994.00,6.00,725830.00,10.00,11.00,1387090.00,1027926.00,5564.00,184.00
1994.00,6.00,725900.00,1.00,1.00,1483.00,1099.00,9.00,122.00
1994.00,6.00,735630.00,1.00,1.00,127523.00,87947.00,552.00,159.00
1994.00,6.00,735700.00,8.00,7.00,582829.00,471639.00,2815.00,167.00
1994.00,6.00,735730.00,16.00,20.00,2534249.00,1905498.00,11516.00,165.00
1994.00,6.00,735800.00,25.00,36.00,3882312.00,2880418.00,17148.00,167.00
1994.00,6.00,735830.00,16.00,19.00,2238755.00,1691285.00,9162.00,184.00
1994.00,6.00,735900.00,4.00,4.00,240824.00,183959.00,1068.00,172.00
1994.00,6.00,745700.00,1.00,1.00,4331.00,2946.00,16.00,184.00
1994.00,6.00,745730.00,2.00,2.00,245986.00,184642.00,702.00,263.00
1994.00,6.00,745800.00,8.00,9.00,560662.00,430983.00,2009.00,214.00
1994.00,6.00,745830.00,18.00,20.00,2859218.00,2097556.00,8530.00,245.00
1994.00,6.00,745900.00,12.00,12.00,1090050.00,876011.00,5024.00,174.00
1994.00,6.00,755800.00,1.00,1.00,1150.00,859.00,5.00,171.00
1994.00,6.00,755830.00,9.00,9.00,1657931.00,1180867.00,3770.00,313.00
1994.00,6.00,755900.00,3.00,3.00,500743.00,335695.00,1847.00,181.00
1994.00,6.00,755930.00,1.00,1.00,6995.00,4891.00,49.00,99.00
1994.00,6.00,765800.00,1.00,1.00,88326.00,73606.00,405.00,181.00
1994.00,6.00,765830.00,3.00,3.00,313044.00,239864.00,1002.00,239.00
1994.00,6.00,765900.00,1.00,1.00,44300.00,31419.00,39.00,805.00
1994.00,6.00,765930.00,1.00,1.00,11073.00,7854.00,10.00,785.00
1994.00,6.00,766000.00,1.00,1.00,2331.00,1630.00,15.00,108.00
1994.00,6.00,775900.00,1.00,1.00,33225.00,23564.00,29.00,812.00
1994.00,7.00,635800.00,1.00,1.00,84903.00,65816.00,230.00,286.00
1994.00,7.00,665500.00,1.00,1.00,101021.00,77709.00,700.00,111.00
1994.00,7.00,665530.00,1.00,1.00,156250.00,110816.00,449.00,246.00
1994.00,7.00,665600.00,2.00,2.00,162512.00,119697.00,831.00,144.00
1994.00,7.00,675530.00,3.00,3.00,312824.00,220379.00,1672.00,131.00
1994.00,7.00,675600.00,13.00,12.00,1397417.00,1024665.00,5911.00,173.00
1994.00,7.00,685600.00,4.00,4.00,283268.00,209684.00,1895.00,110.00
1994.00,7.00,685630.00,2.00,1.00,81454.00,62657.00,1072.00,58.00
1994.00,7.00,705600.00,1.00,1.00,50101.00,43566.00,110.00,396.00
1994.00,7.00,705630.00,1.00,1.00,5280.00,3799.00,54.00,70.00
1994.00,7.00,705701.00,3.00,2.00,138593.00,112069.00,474.00,236.00
1994.00,7.00,715600.00,2.00,2.00,191368.00,156487.00,700.00,223.00
1994.00,7.00,715630.00,17.00,19.00,1879596.00,1498984.00,9326.00,160.00
1994.00,7.00,715700.00,20.00,23.00,2722034.00,2137962.00,11292.00,189.00
1994.00,7.00,715730.00,5.00,5.00,590627.00,465429.00,3099.00,150.00
1994.00,7.00,715800.00,1.00,1.00,97161.00,84488.00,383.00,220.00
1994.00,7.00,725630.00,12.00,11.00,824789.00,629727.00,5448.00,115.00
1994.00,7.00,725700.00,14.00,16.00,1392620.00,1079013.00,6445.00,167.00
1994.00,7.00,725730.00,15.00,17.00,1563686.00,1202641.00,7357.00,163.00
1994.00,7.00,725800.00,15.00,18.00,2005461.00,1480057.00,9350.00,158.00
1994.00,7.00,725830.00,3.00,4.00,483234.00,371210.00,2304.00,161.00
1994.00,7.00,725900.00,2.00,2.00,148782.00,130990.00,598.00,219.00
1994.00,7.00,735700.00,6.00,6.00,552725.00,424106.00,2216.00,191.00
1994.00,7.00,735730.00,12.00,14.00,1130754.00,891218.00,5380.00,165.00
1994.00,7.00,735800.00,18.00,21.00,2655974.00,1999211.00,11655.00,171.00
1994.00,7.00,735830.00,13.00,15.00,1733614.00,1295346.00,7604.00,170.00
1994.00,7.00,735900.00,5.00,5.00,531106.00,407993.00,1666.00,244.00
1994.00,7.00,735930.00,1.00,1.00,4649.00,3163.00,16.00,197.00
1994.00,7.00,745800.00,4.00,5.00,585866.00,442510.00,1794.00,246.00
1994.00,7.00,745830.00,19.00,21.00,2472145.00,1842141.00,9524.00,193.00
1994.00,7.00,745900.00,5.00,5.00,212716.00,158922.00,771.00,206.00
1994.00,7.00,745930.00,3.00,3.00,204833.00,168642.00,1170.00,144.00
1994.00,7.00,755800.00,1.00,1.00,493794.00,379841.00,2300.00,165.00
1994.00,7.00,755830.00,13.00,13.00,1166322.00,865457.00,4564.00,189.00
1994.00,7.00,755900.00,8.00,9.00,998600.00,737968.00,3912.00,188.00
1994.00,7.00,756000.00,1.00,1.00,10306.00,7523.00,67.00,112.00
1994.00,7.00,765830.00,5.00,5.00,482516.00,350562.00,1930.00,181.00
1994.00,7.00,766000.00,1.00,1.00,14722.00,10746.00,96.00,111.00
1994.00,7.00,775930.00,3.00,3.00,370350.00,281322.00,1319.00,213.00
1994.00,7.00,776000.00,1.00,1.00,3069.00,2176.00,25.00,87.00
1994.00,7.00,776030.00,1.00,1.00,2301.00,1632.00,19.00,85.00
1994.00,7.00,785930.00,2.00,2.00,11689.00,9084.00,46.00,197.00
1994.00,7.00,786030.00,1.00,1.00,2301.00,1632.00,19.00,85.00
1994.00,8.00,655530.00,1.00,1.00,50056.00,38504.00,400.00,96.00
1994.00,8.00,655600.00,1.00,1.00,50055.00,38504.00,400.00,96.00
1994.00,8.00,665600.00,2.00,2.00,218880.00,163558.00,1070.00,152.00
1994.00,8.00,675500.00,2.00,1.00,108973.00,90781.00,400.00,226.00
1994.00,8.00,675530.00,7.00,5.00,321462.00,233868.00,1495.00,156.00
1994.00,8.00,675600.00,5.00,8.00,725739.00,547218.00,4445.00,123.00
1994.00,8.00,685500.00,1.00,1.00,144046.00,120039.00,853.00,140.00
1994.00,8.00,685530.00,1.00,1.00,134027.00,103098.00,768.00,134.00
1994.00,8.00,685600.00,6.00,7.00,354466.00,268904.00,2652.00,101.00
1994.00,8.00,685630.00,2.00,2.00,119978.00,96761.00,1159.00,83.00
1994.00,8.00,695800.00,1.00,1.00,43701.00,33616.00,110.00,305.00
1994.00,8.00,705600.00,6.00,3.00,395836.00,320076.00,1260.00,254.00
1994.00,8.00,705630.00,3.00,3.00,117855.00,88246.00,756.00,116.00
1994.00,8.00,705701.00,4.00,6.00,384947.00,278505.00,1859.00,149.00
1994.00,8.00,715630.00,13.00,15.00,1555341.00,1211359.00,7858.00,154.00
1994.00,8.00,715700.00,16.00,23.00,1815134.00,1387089.00,9730.00,142.00
1994.00,8.00,715730.00,7.00,7.00,608695.00,464896.00,3129.00,148.00
1994.00,8.00,715800.00,3.00,3.00,303539.00,233114.00,1938.00,120.00
1994.00,8.00,725600.00,4.00,5.00,247075.00,207385.00,941.00,220.00
1994.00,8.00,725630.00,12.00,16.00,1015528.00,818421.00,6698.00,122.00
1994.00,8.00,725700.00,16.00,20.00,1850247.00,1484305.00,9605.00,154.00
1994.00,8.00,725730.00,11.00,15.00,1415855.00,1104656.00,6260.00,176.00
1994.00,8.00,725800.00,12.00,14.00,1734041.00,1378575.00,7986.00,172.00
1994.00,8.00,725830.00,2.00,3.00,184762.00,144313.00,802.00,179.00
1994.00,8.00,725900.00,1.00,1.00,78375.00,61230.00,308.00,198.00
1994.00,8.00,735700.00,6.00,6.00,585042.00,471664.00,2725.00,173.00
1994.00,8.00,735730.00,9.00,8.00,688079.00,528402.00,3151.00,167.00
1994.00,8.00,735800.00,12.00,14.00,1459999.00,1087710.00,7440.00,146.00
1994.00,8.00,735830.00,9.00,11.00,1405068.00,1082689.00,5184.00,208.00
1994.00,8.00,735900.00,6.00,6.00,833167.00,585018.00,2906.00,201.00
1994.00,8.00,745800.00,8.00,7.00,595854.00,460157.00,3027.00,152.00
1994.00,8.00,745830.00,16.00,17.00,1835231.00,1415125.00,7937.00,178.00
1994.00,8.00,745900.00,15.00,14.00,1815708.00,1399086.00,8130.00,172.00
1994.00,8.00,755830.00,17.00,17.00,1685573.00,1132813.00,6421.00,176.00
1994.00,8.00,755900.00,14.00,15.00,2070935.00,1649877.00,8154.00,202.00
1994.00,8.00,755930.00,4.00,4.00,191214.00,157293.00,918.00,171.00
1994.00,8.00,756000.00,1.00,1.00,2897.00,2477.00,21.00,117.00
1994.00,8.00,765830.00,2.00,2.00,314634.00,227489.00,1175.00,193.00
1994.00,8.00,766000.00,1.00,1.00,97027.00,82930.00,730.00,113.00
1994.00,8.00,766030.00,1.00,1.00,7241.00,6189.00,55.00,112.00
1994.00,8.00,775930.00,4.00,4.00,430656.00,318877.00,1344.00,237.00
1994.00,8.00,785900.00,1.00,1.00,14864.00,10394.00,121.00,85.00
1994.00,8.00,785930.00,4.00,4.00,432545.00,322243.00,1564.00,206.00
1994.00,8.00,786000.00,1.00,1.00,131177.00,95750.00,447.00,214.00
1994.00,9.00,665600.00,1.00,1.00,93093.00,71610.00,600.00,119.00
1994.00,9.00,675500.00,2.00,1.00,189006.00,145389.00,900.00,161.00
1994.00,9.00,675530.00,7.00,6.00,320005.00,251108.00,1253.00,200.00
1994.00,9.00,675600.00,10.00,8.00,535068.00,405765.00,3496.00,116.00
1994.00,9.00,675630.00,2.00,2.00,84841.00,63680.00,840.00,75.00
1994.00,9.00,685530.00,1.00,1.00,5609.00,4795.00,21.00,228.00
1994.00,9.00,685600.00,8.00,9.00,550837.00,423217.00,3290.00,128.00
1994.00,9.00,685630.00,3.00,3.00,205307.00,169401.00,1201.00,141.00
1994.00,9.00,705600.00,7.00,5.00,348015.00,256216.00,1596.00,160.00
1994.00,9.00,705701.00,5.00,7.00,334213.00,251241.00,2306.00,108.00
1994.00,9.00,715600.00,3.00,3.00,235347.00,193106.00,1030.00,187.00
1994.00,9.00,715630.00,9.00,12.00,1107951.00,892482.00,7236.00,123.00
1994.00,9.00,715700.00,13.00,19.00,1239781.00,1004013.00,7838.00,128.00
1994.00,9.00,715730.00,8.00,10.00,634396.00,506745.00,3997.00,126.00
1994.00,9.00,715800.00,2.00,3.00,105808.00,81903.00,922.00,88.00
1994.00,9.00,725630.00,10.00,12.00,1119634.00,930956.00,6163.00,151.00
1994.00,9.00,725700.00,14.00,15.00,1041796.00,855702.00,5561.00,153.00
1994.00,9.00,725730.00,3.00,3.00,252099.00,210827.00,1376.00,153.00
1994.00,9.00,725800.00,7.00,7.00,626685.00,482557.00,3258.00,148.00
1994.00,9.00,725830.00,6.00,6.00,399553.00,300308.00,2150.00,139.00
1994.00,9.00,725900.00,2.00,2.00,77665.00,51939.00,370.00,140.00
1994.00,9.00,735630.00,1.00,1.00,15176.00,11765.00,100.00,117.00
1994.00,9.00,735700.00,6.00,6.00,226873.00,178631.00,1036.00,172.00
1994.00,9.00,735730.00,7.00,7.00,441273.00,321651.00,2166.00,148.00
1994.00,9.00,735800.00,11.00,12.00,1179633.00,892559.00,6496.00,137.00
1994.00,9.00,735830.00,8.00,10.00,1086962.00,857681.00,4740.00,180.00
1994.00,9.00,735900.00,9.00,9.00,977500.00,710648.00,4464.00,159.00
1994.00,9.00,745600.00,1.00,1.00,42879.00,32732.00,360.00,90.00
1994.00,9.00,745800.00,8.00,8.00,630787.00,462649.00,3310.00,139.00
1994.00,9.00,745830.00,3.00,3.00,141069.00,106289.00,660.00,161.00
1994.00,9.00,745900.00,9.00,8.00,792363.00,617358.00,4219.00,146.00
1994.00,9.00,745930.00,1.00,1.00,95634.00,73565.00,500.00,147.00
1994.00,9.00,755830.00,7.00,9.00,843392.00,625108.00,4027.00,155.00
1994.00,9.00,755900.00,12.00,13.00,1197425.00,928898.00,5031.00,184.00
1994.00,9.00,755930.00,3.00,3.00,323808.00,245522.00,1356.00,181.00
1994.00,9.00,765830.00,3.00,5.00,797009.00,587405.00,2479.00,236.00
1994.00,9.00,765900.00,1.00,2.00,129578.00,99675.00,1200.00,83.00
1994.00,9.00,766000.00,2.00,2.00,321717.00,268620.00,1584.00,169.00
1994.00,9.00,775800.00,1.00,1.00,48434.00,35877.00,237.00,151.00
1994.00,9.00,775900.00,1.00,1.00,72652.00,53816.00,356.00,151.00
1994.00,9.00,775930.00,8.00,8.00,1001647.00,730017.00,3367.00,216.00
1994.00,9.00,776000.00,1.00,1.00,5387.00,4081.00,56.00,72.00
1994.00,9.00,776030.00,1.00,1.00,6908.00,5079.00,93.00,54.00
1994.00,9.00,785830.00,1.00,1.00,121310.00,122535.00,375.00,326.00
1994.00,9.00,785930.00,6.00,6.00,615916.00,447226.00,2762.00,161.00
1994.00,9.00,786000.00,4.00,4.00,282539.00,223430.00,887.00,251.00
1994.00,9.00,786030.00,2.00,2.00,74731.00,54535.00,175.00,311.00
1994.00,9.00,786100.00,1.00,1.00,4049.00,2792.00,25.00,111.00
1994.00,9.00,795930.00,2.00,2.00,489005.00,364789.00,2400.00,151.00
1994.00,10.00,615630.00,1.00,1.00,97293.00,74841.00,600.00,124.00
1994.00,10.00,625730.00,1.00,1.00,295521.00,271120.00,1200.00,225.00
1994.00,10.00,665600.00,1.00,1.00,84714.00,65165.00,700.00,93.00
1994.00,10.00,675500.00,1.00,1.00,18899.00,14538.00,400.00,36.00
1994.00,10.00,675530.00,4.00,5.00,492897.00,377362.00,3701.00,101.00
1994.00,10.00,675600.00,5.00,7.00,552401.00,467292.00,2804.00,166.00
1994.00,10.00,675630.00,3.00,3.00,137961.00,117117.00,905.00,129.00
1994.00,10.00,685600.00,7.00,10.00,582872.00,483211.00,2671.00,180.00
1994.00,10.00,685630.00,4.00,4.00,193793.00,151466.00,1341.00,112.00
1994.00,10.00,705600.00,5.00,4.00,177296.00,145776.00,844.00,172.00
1994.00,10.00,705630.00,1.00,1.00,17100.00,13154.00,250.00,52.00
1994.00,10.00,705701.00,4.00,5.00,116773.00,94481.00,1099.00,85.00
1994.00,10.00,705730.00,1.00,1.00,985.00,730.00,6.00,121.00
1994.00,10.00,715600.00,3.00,3.00,119996.00,95618.00,820.00,116.00
1994.00,10.00,715630.00,13.00,18.00,1352682.00,1067840.00,7843.00,136.00
1994.00,10.00,715700.00,15.00,22.00,588685.00,470007.00,5351.00,87.00
1994.00,10.00,715730.00,12.00,19.00,1143497.00,900662.00,9566.00,94.00
1994.00,10.00,715800.00,2.00,2.00,72334.00,53888.00,627.00,85.00
1994.00,10.00,715830.00,1.00,1.00,92166.00,70381.00,1000.00,70.00
1994.00,10.00,725600.00,1.00,1.00,35754.00,29069.00,383.00,75.00
1994.00,10.00,725630.00,13.00,15.00,1031509.00,831147.00,7743.00,107.00
1994.00,10.00,725700.00,12.00,19.00,649245.00,519337.00,5492.00,94.00
1994.00,10.00,725730.00,9.00,11.00,640245.00,501842.00,4150.00,120.00
1994.00,10.00,725800.00,4.00,4.00,159548.00,134395.00,1411.00,95.00
1994.00,10.00,725830.00,3.00,3.00,143760.00,124799.00,856.00,145.00
1994.00,10.00,725900.00,4.00,4.00,67898.00,48846.00,505.00,96.00
1994.00,10.00,735700.00,9.00,9.00,492002.00,407064.00,2889.00,140.00
1994.00,10.00,735730.00,6.00,6.00,279430.00,212343.00,1707.00,124.00
1994.00,10.00,735800.00,10.00,12.00,618760.00,470378.00,3683.00,127.00
1994.00,10.00,735830.00,12.00,13.00,800231.00,610922.00,4584.00,133.00
1994.00,10.00,735900.00,9.00,9.00,443250.00,322443.00,4814.00,66.00
1994.00,10.00,745800.00,3.00,3.00,193327.00,141661.00,1131.00,125.00
1994.00,10.00,745830.00,11.00,11.00,755586.00,626839.00,4131.00,151.00
1994.00,10.00,745900.00,8.00,9.00,907718.00,737279.00,4108.00,179.00
1994.00,10.00,745930.00,2.00,2.00,423638.00,358870.00,2800.00,128.00
1994.00,10.00,755800.00,1.00,1.00,8013.00,5936.00,61.00,97.00
1994.00,10.00,755830.00,12.00,14.00,1531218.00,1159071.00,8153.00,142.00
1994.00,10.00,755900.00,11.00,13.00,1174288.00,906723.00,5915.00,153.00
1994.00,10.00,755930.00,4.00,4.00,353559.00,267581.00,2756.00,97.00
1994.00,10.00,756000.00,2.00,2.00,157552.00,126148.00,835.00,151.00
1994.00,10.00,765830.00,4.00,4.00,406476.00,304136.00,1481.00,205.00
1994.00,10.00,765900.00,5.00,9.00,1167894.00,877721.00,6728.00,130.00
1994.00,10.00,765930.00,2.00,2.00,98658.00,77704.00,402.00,193.00
1994.00,10.00,766000.00,2.00,2.00,372029.00,325131.00,2271.00,143.00
1994.00,10.00,775930.00,6.00,6.00,865685.00,621897.00,3650.00,170.00
1994.00,10.00,785930.00,4.00,4.00,433720.00,328506.00,2019.00,162.00
1994.00,10.00,786000.00,2.00,2.00,135162.00,98241.00,597.00,164.00
1994.00,10.00,786030.00,1.00,1.00,221534.00,154919.00,530.00,292.00
1994.00,10.00,795930.00,1.00,1.00,86132.00,66255.00,400.00,165.00
1994.00,11.00,685830.00,1.00,1.00,121660.00,88803.00,320.00,277.00
1994.00,11.00,705630.00,1.00,1.00,7980.00,6139.00,175.00,35.00
1994.00,11.00,715630.00,2.00,2.00,153308.00,119526.00,1100.00,108.00
1994.00,11.00,715700.00,1.00,1.00,54853.00,40333.00,500.00,80.00
1994.00,11.00,715730.00,2.00,2.00,85193.00,76742.00,450.00,170.00
1994.00,11.00,715800.00,2.00,2.00,56046.00,54322.00,245.00,221.00
1994.00,11.00,725700.00,3.00,3.00,397975.00,309302.00,2600.00,118.00
1994.00,11.00,725730.00,2.00,2.00,130953.00,111942.00,775.00,144.00
1994.00,11.00,725800.00,2.00,2.00,123745.00,109195.00,575.00,189.00
1994.00,11.00,725830.00,1.00,1.00,141209.00,98062.00,850.00,115.00
1994.00,11.00,735700.00,1.00,2.00,155021.00,119247.00,1100.00,108.00
1994.00,11.00,735800.00,2.00,2.00,458717.00,352860.00,1580.00,223.00
1994.00,11.00,735830.00,3.00,4.00,289315.00,213615.00,1077.00,198.00
1994.00,11.00,745830.00,3.00,3.00,77055.00,55928.00,462.00,121.00
1994.00,11.00,745900.00,2.00,2.00,112114.00,91128.00,730.00,124.00
1994.00,11.00,745930.00,1.00,1.00,71751.00,55621.00,470.00,118.00
1994.00,11.00,755830.00,2.00,2.00,335433.00,262280.00,1700.00,154.00
1994.00,11.00,755900.00,3.00,3.00,648610.00,510993.00,3700.00,138.00
1994.00,11.00,756000.00,1.00,1.00,3280.00,2711.00,28.00,96.00
1994.00,11.00,765830.00,3.00,4.00,482938.00,378236.00,2730.00,138.00
1994.00,11.00,765900.00,1.00,1.00,79989.00,55165.00,404.00,136.00
1994.00,11.00,766000.00,1.00,1.00,24054.00,19879.00,197.00,100.00
1994.00,11.00,775900.00,1.00,1.00,54862.00,40639.00,375.00,108.00
1994.00,11.00,775930.00,7.00,7.00,474539.00,399908.00,1482.00,269.00
1994.00,11.00,776000.00,1.00,1.00,202809.00,184372.00,480.00,384.00
1994.00,11.00,786030.00,1.00,1.00,37469.00,26202.00,158.00,165.00
1994.00,12.00,745900.00,1.00,1.00,50682.00,38986.00,203.00,192.00
1995.00,2.00,675530.00,1.00,1.00,1754.00,1201.00,19.00,63.00
1995.00,2.00,675600.00,1.00,1.00,5445.00,3729.00,59.00,63.00
1995.00,2.00,685530.00,1.00,1.00,277.00,190.00,3.00,63.00
1995.00,2.00,685600.00,1.00,1.00,2768.00,1896.00,30.00,63.00
1995.00,2.00,695631.00,1.00,1.00,1292.00,885.00,14.00,63.00
1995.00,2.00,695632.00,1.00,1.00,1938.00,1328.00,21.00,63.00
1995.00,2.00,705702.00,1.00,1.00,1385.00,949.00,15.00,63.00
1995.00,3.00,665500.00,1.00,1.00,34.00,26.00,15.00,1.00
1995.00,3.00,665530.00,1.00,2.00,62845.00,48342.00,315.00,153.00
1995.00,3.00,675530.00,1.00,1.00,6015.00,4359.00,65.00,67.00
1995.00,3.00,675600.00,3.00,3.00,82936.00,64711.00,779.00,83.00
1995.00,3.00,685600.00,6.00,12.00,933793.00,746188.00,6608.00,112.00
1995.00,3.00,685800.00,1.00,1.00,71342.00,61502.00,556.00,110.00
1995.00,3.00,705630.00,1.00,1.00,863.00,685.00,60.00,11.00
1995.00,3.00,705701.00,1.00,1.00,9021.00,7274.00,106.00,68.00
1995.00,3.00,705800.00,1.00,1.00,849.00,772.00,200.00,3.00
1995.00,3.00,715600.00,2.00,2.00,82017.00,65569.00,873.00,75.00
1995.00,3.00,715630.00,14.00,23.00,1636805.00,1282496.00,9707.00,132.00
1995.00,3.00,715700.00,15.00,26.00,1953435.00,1573563.00,10295.00,152.00
1995.00,3.00,715730.00,3.00,3.00,75103.00,52351.00,590.00,88.00
1995.00,3.00,715800.00,1.00,1.00,1954.00,1776.00,114.00,15.00
1995.00,3.00,725630.00,7.00,12.00,1384597.00,1117450.00,7390.00,151.00
1995.00,3.00,725700.00,9.00,15.00,1919325.00,1774237.00,9494.00,186.00
1995.00,3.00,725730.00,11.00,13.00,1242815.00,1029131.00,5188.00,198.00
1995.00,3.00,725800.00,6.00,6.00,338965.00,255106.00,1346.00,189.00
1995.00,3.00,735630.00,1.00,1.00,103096.00,88129.00,700.00,125.00
1995.00,3.00,735700.00,4.00,4.00,291521.00,219409.00,1992.00,110.00
1995.00,3.00,735730.00,9.00,13.00,1073762.00,790960.00,4884.00,161.00
1995.00,3.00,735800.00,9.00,12.00,1032230.00,781445.00,4676.00,167.00
1995.00,3.00,735830.00,5.00,5.00,211212.00,150302.00,1110.00,135.00
1995.00,3.00,745800.00,7.00,8.00,698141.00,512332.00,3292.00,155.00
1995.00,3.00,745830.00,8.00,8.00,746858.00,549024.00,3223.00,170.00
1995.00,3.00,755800.00,1.00,1.00,2064.00,1349.00,31.00,43.00
1995.00,3.00,755830.00,3.00,3.00,434683.00,305070.00,1554.00,196.00
1995.00,3.00,755900.00,1.00,1.00,171213.00,111178.00,721.00,154.00
1995.00,3.00,755930.00,1.00,1.00,8630.00,6538.00,37.00,176.00
1995.00,3.00,765800.00,1.00,1.00,62248.00,43530.00,279.00,156.00
1995.00,3.00,785930.00,1.00,1.00,27966.00,19557.00,126.00,155.00
1995.00,4.00,665500.00,1.00,1.00,41070.00,31591.00,180.00,175.00
1995.00,4.00,665530.00,1.00,1.00,41069.00,31591.00,180.00,175.00
1995.00,4.00,665600.00,2.00,2.00,106368.00,92569.00,579.00,159.00
1995.00,4.00,675530.00,4.00,4.00,342300.00,261295.00,2450.00,106.00
1995.00,4.00,675600.00,6.00,5.00,267771.00,232585.00,2449.00,94.00
1995.00,4.00,675630.00,3.00,2.00,79023.00,67404.00,656.00,102.00
1995.00,4.00,685600.00,6.00,7.00,362225.00,304551.00,3402.00,89.00
1995.00,4.00,685630.00,6.00,6.00,343082.00,288090.00,2956.00,97.00
1995.00,4.00,695600.00,1.00,1.00,119802.00,93207.00,569.00,163.00
1995.00,4.00,705600.00,4.00,4.00,134171.00,105896.00,1309.00,80.00
1995.00,4.00,705630.00,4.00,4.00,151289.00,120088.00,1259.00,95.00
1995.00,4.00,705701.00,1.00,1.00,4440.00,2921.00,105.00,27.00
1995.00,4.00,715500.00,1.00,1.00,101828.00,90114.00,1000.00,90.00
1995.00,4.00,715600.00,5.00,4.00,153383.00,120038.00,1195.00,100.00
1995.00,4.00,715630.00,20.00,26.00,2087133.00,1699668.00,13819.00,122.00
1995.00,4.00,715700.00,15.00,22.00,1100950.00,887338.00,8708.00,101.00
1995.00,4.00,715730.00,5.00,5.00,138908.00,121017.00,1107.00,109.00
1995.00,4.00,725600.00,1.00,1.00,44323.00,33326.00,300.00,111.00
1995.00,4.00,725630.00,11.00,11.00,1110053.00,875575.00,6745.00,129.00
1995.00,4.00,725700.00,14.00,17.00,743748.00,588117.00,6006.00,97.00
1995.00,4.00,725730.00,11.00,11.00,990944.00,838626.00,4604.00,182.00
1995.00,4.00,725800.00,5.00,5.00,328607.00,258850.00,2038.00,127.00
1995.00,4.00,735630.00,1.00,1.00,3836.00,3119.00,60.00,51.00
1995.00,4.00,735700.00,7.00,7.00,399504.00,317194.00,2610.00,121.00
1995.00,4.00,735730.00,16.00,22.00,2323382.00,1827926.00,10015.00,182.00
1995.00,4.00,735800.00,13.00,16.00,2447783.00,1820242.00,8910.00,204.00
1995.00,4.00,735830.00,10.00,10.00,695071.00,385734.00,2467.00,156.00
1995.00,4.00,735900.00,1.00,1.00,3663.00,3027.00,75.00,40.00
1995.00,4.00,745800.00,9.00,8.00,907012.00,646495.00,2250.00,287.00
1995.00,4.00,745830.00,16.00,19.00,2130436.00,2372242.00,7875.00,301.00
1995.00,4.00,755600.00,1.00,1.00,23676.00,18213.00,200.00,91.00
1995.00,4.00,755800.00,1.00,1.00,70009.00,47625.00,300.00,158.00
1995.00,4.00,755830.00,10.00,9.00,1084162.00,781947.00,4789.00,163.00
1995.00,4.00,765900.00,1.00,1.00,94975.00,67840.00,310.00,218.00
1995.00,4.00,775930.00,2.00,2.00,69977.00,46642.00,433.00,107.00
1995.00,4.00,785930.00,1.00,1.00,551.00,394.00,62.00,6.00
1995.00,5.00,665500.00,1.00,1.00,78590.00,49116.00,300.00,163.00
1995.00,5.00,675530.00,3.00,3.00,127900.00,99298.00,1327.00,74.00
1995.00,5.00,675600.00,7.00,7.00,305764.00,240974.00,3378.00,71.00
1995.00,5.00,675630.00,1.00,1.00,9446.00,7211.00,60.00,120.00
1995.00,5.00,685530.00,1.00,1.00,110967.00,90957.00,623.00,145.00
1995.00,5.00,685600.00,6.00,9.00,343255.00,283286.00,2535.00,111.00
1995.00,5.00,685630.00,1.00,1.00,26710.00,22829.00,219.00,104.00
1995.00,5.00,695600.00,1.00,1.00,134213.00,111651.00,614.00,181.00
1995.00,5.00,705600.00,4.00,4.00,45612.00,38476.00,555.00,69.00
1995.00,5.00,705630.00,3.00,3.00,23638.00,18618.00,335.00,55.00
1995.00,5.00,705701.00,1.00,1.00,5420.00,3687.00,70.00,52.00
1995.00,5.00,705800.00,1.00,1.00,4936.00,3856.00,75.00,51.00
1995.00,5.00,715600.00,3.00,4.00,29927.00,24253.00,468.00,51.00
1995.00,5.00,715630.00,19.00,30.00,1467482.00,1233798.00,13487.00,91.00
1995.00,5.00,715700.00,10.00,11.00,409458.00,333357.00,3441.00,96.00
1995.00,5.00,715730.00,2.00,2.00,93977.00,88195.00,975.00,90.00
1995.00,5.00,715830.00,1.00,1.00,43160.00,35377.00,449.00,78.00
1995.00,5.00,725600.00,1.00,1.00,80913.00,66322.00,500.00,132.00
1995.00,5.00,725630.00,19.00,25.00,1400856.00,1113454.00,10074.00,110.00
1995.00,5.00,725700.00,22.00,26.00,1310332.00,1061041.00,9603.00,110.00
1995.00,5.00,725730.00,15.00,18.00,936536.00,689223.00,5769.00,119.00
1995.00,5.00,725800.00,4.00,5.00,136784.00,108760.00,1127.00,96.00
1995.00,5.00,725830.00,1.00,1.00,4936.00,3856.00,75.00,51.00
1995.00,5.00,725900.00,1.00,1.00,166771.00,132358.00,1332.00,99.00
1995.00,5.00,735630.00,4.00,4.00,195261.00,151480.00,900.00,168.00
1995.00,5.00,735700.00,11.00,11.00,787949.00,630945.00,4300.00,146.00
1995.00,5.00,735730.00,23.00,30.00,2195563.00,1786120.00,15099.00,118.00
1995.00,5.00,735800.00,14.00,17.00,1050926.00,810585.00,6347.00,127.00
1995.00,5.00,735830.00,5.00,6.00,240006.00,180584.00,1358.00,132.00
1995.00,5.00,745730.00,1.00,1.00,1.00,1.00,42.00,0.00
1995.00,5.00,745800.00,12.00,13.00,997742.00,761383.00,5407.00,140.00
1995.00,5.00,745830.00,13.00,14.00,1209837.00,957267.00,6243.00,153.00
1995.00,5.00,755830.00,6.00,6.00,624367.00,512540.00,3981.00,128.00
1995.00,5.00,765830.00,4.00,4.00,257569.00,189458.00,1950.00,97.00
1995.00,5.00,765900.00,1.00,1.00,12120.00,9619.00,60.00,160.00
1995.00,5.00,766000.00,1.00,1.00,264431.00,215186.00,1212.00,177.00
1995.00,5.00,775830.00,1.00,1.00,12172.00,10403.00,180.00,57.00
1995.00,5.00,775930.00,1.00,1.00,43027.00,29270.00,392.00,74.00
1995.00,5.00,786000.00,1.00,1.00,10159.00,8258.00,151.00,54.00
1995.00,6.00,655530.00,1.00,1.00,52732.00,42185.00,350.00,120.00
1995.00,6.00,665500.00,1.00,1.00,38686.00,25791.00,700.00,36.00
1995.00,6.00,665630.00,1.00,1.00,37090.00,29911.00,109.00,274.00
1995.00,6.00,675530.00,7.00,7.00,352470.00,275654.00,4680.00,58.00
1995.00,6.00,675600.00,7.00,6.00,371617.00,294782.00,3842.00,76.00
1995.00,6.00,675630.00,2.00,4.00,182815.00,163563.00,1575.00,103.00
1995.00,6.00,685530.00,1.00,1.00,15656.00,13267.00,300.00,44.00
1995.00,6.00,685600.00,4.00,4.00,157181.00,133849.00,1177.00,113.00
1995.00,6.00,685630.00,5.00,8.00,335487.00,261438.00,3153.00,82.00
1995.00,6.00,705600.00,4.00,4.00,279183.00,226747.00,1855.00,122.00
1995.00,6.00,705630.00,1.00,1.00,19011.00,16111.00,240.00,67.00
1995.00,6.00,705701.00,1.00,1.00,1465.00,1163.00,60.00,19.00
1995.00,6.00,715600.00,3.00,3.00,108533.00,93108.00,1579.00,58.00
1995.00,6.00,715630.00,22.00,31.00,1380022.00,1158059.00,14618.00,79.00
1995.00,6.00,715700.00,12.00,18.00,705670.00,575620.00,7923.00,72.00
1995.00,6.00,715730.00,1.00,2.00,133480.00,113985.00,893.00,127.00
1995.00,6.00,725630.00,18.00,21.00,870843.00,711486.00,9444.00,75.00
1995.00,6.00,725700.00,25.00,31.00,1200440.00,977739.00,10363.00,94.00
1995.00,6.00,725730.00,11.00,12.00,346611.00,282704.00,2848.00,99.00
1995.00,6.00,735630.00,2.00,2.00,47223.00,37533.00,459.00,81.00
1995.00,6.00,735700.00,15.00,18.00,455705.00,375110.00,4973.00,75.00
1995.00,6.00,735730.00,19.00,21.00,1048401.00,867864.00,7813.00,111.00
1995.00,6.00,735800.00,11.00,13.00,620565.00,490931.00,4739.00,103.00
1995.00,6.00,735830.00,2.00,2.00,4585.00,3696.00,39.00,94.00
1995.00,6.00,745800.00,6.00,6.00,177958.00,144698.00,1798.00,80.00
1995.00,6.00,745830.00,6.00,6.00,259837.00,201040.00,1401.00,143.00
1995.00,6.00,755800.00,1.00,1.00,5319.00,4434.00,200.00,22.00
1995.00,6.00,755830.00,7.00,7.00,355664.00,270892.00,2252.00,120.00
1995.00,6.00,765830.00,2.00,2.00,16482.00,12790.00,111.00,115.00
1995.00,6.00,765900.00,1.00,1.00,60138.00,43617.00,127.00,343.00
1995.00,7.00,675500.00,1.00,1.00,1.00,1.00,30.00,0.00
1995.00,7.00,675530.00,1.00,1.00,45650.00,30844.00,720.00,42.00
1995.00,7.00,675600.00,2.00,2.00,201229.00,149736.00,1500.00,99.00
1995.00,7.00,675630.00,1.00,1.00,60682.00,57792.00,441.00,131.00
1995.00,7.00,685530.00,2.00,2.00,68031.00,55764.00,674.00,82.00
1995.00,7.00,685600.00,2.00,2.00,76509.00,63410.00,1054.00,60.00
1995.00,7.00,685630.00,3.00,3.00,142759.00,122115.00,1215.00,100.00
1995.00,7.00,695600.00,2.00,2.00,84775.00,63672.00,804.00,79.00
1995.00,7.00,705600.00,3.00,3.00,124311.00,99338.00,971.00,102.00
1995.00,7.00,705630.00,2.00,2.00,17199.00,14119.00,413.00,34.00
1995.00,7.00,715600.00,3.00,3.00,135412.00,112446.00,919.00,122.00
1995.00,7.00,715630.00,19.00,29.00,987426.00,818533.00,11969.00,68.00
1995.00,7.00,715700.00,11.00,17.00,752268.00,620354.00,7715.00,80.00
1995.00,7.00,715730.00,4.00,4.00,172708.00,152831.00,1450.00,105.00
1995.00,7.00,725600.00,1.00,1.00,15412.00,14140.00,230.00,61.00
1995.00,7.00,725630.00,18.00,26.00,579000.00,475865.00,6949.00,68.00
1995.00,7.00,725700.00,20.00,26.00,1038933.00,842394.00,10871.00,77.00
1995.00,7.00,725730.00,10.00,10.00,525351.00,441814.00,3898.00,113.00
1995.00,7.00,725800.00,1.00,1.00,59448.00,48749.00,600.00,81.00
1995.00,7.00,735630.00,5.00,5.00,57125.00,45231.00,538.00,84.00
1995.00,7.00,735700.00,8.00,8.00,246057.00,200425.00,2187.00,91.00
1995.00,7.00,735730.00,15.00,19.00,1457504.00,1178728.00,8214.00,143.00
1995.00,7.00,735800.00,14.00,17.00,871604.00,686038.00,6664.00,102.00
1995.00,7.00,735830.00,4.00,4.00,110653.00,86756.00,521.00,166.00
1995.00,7.00,745730.00,1.00,1.00,9246.00,6952.00,141.00,49.00
1995.00,7.00,745800.00,10.00,13.00,522147.00,385015.00,4477.00,85.00
1995.00,7.00,745830.00,12.00,16.00,1049705.00,829531.00,5827.00,142.00
1995.00,7.00,745900.00,1.00,1.00,136806.00,109445.00,620.00,176.00
1995.00,7.00,755830.00,11.00,11.00,619734.00,469144.00,3551.00,132.00
1995.00,8.00,675530.00,5.00,4.00,307914.00,313630.00,5750.00,54.00
1995.00,8.00,675600.00,1.00,1.00,6991.00,5378.00,141.00,38.00
1995.00,8.00,675630.00,1.00,1.00,6990.00,5378.00,141.00,38.00
1995.00,8.00,685530.00,1.00,1.00,40294.00,33028.00,442.00,74.00
1995.00,8.00,685600.00,2.00,2.00,97259.00,76066.00,825.00,92.00
1995.00,8.00,685630.00,2.00,3.00,180845.00,140888.00,2276.00,61.00
1995.00,8.00,705600.00,1.00,1.00,27610.00,22631.00,250.00,90.00
1995.00,8.00,715600.00,2.00,3.00,15949.00,12399.00,264.00,46.00
1995.00,8.00,715630.00,6.00,6.00,210521.00,169887.00,2350.00,72.00
1995.00,8.00,715700.00,4.00,4.00,122656.00,106117.00,1538.00,68.00
1995.00,8.00,715730.00,1.00,1.00,2374.00,2219.00,40.00,55.00
1995.00,8.00,725630.00,6.00,6.00,182089.00,171439.00,1999.00,85.00
1995.00,8.00,725700.00,6.00,9.00,410481.00,353565.00,3477.00,101.00
1995.00,8.00,725730.00,6.00,10.00,531697.00,467552.00,3762.00,124.00
1995.00,8.00,725800.00,1.00,1.00,66087.00,48954.00,455.00,107.00
1995.00,8.00,735630.00,1.00,1.00,1764.00,1445.00,50.00,28.00
1995.00,8.00,735700.00,8.00,8.00,277647.00,232121.00,2061.00,112.00
1995.00,8.00,735730.00,11.00,14.00,729928.00,567828.00,4305.00,131.00
1995.00,8.00,735800.00,10.00,10.00,500421.00,412029.00,4442.00,92.00
1995.00,8.00,735830.00,2.00,2.00,49542.00,32858.00,447.00,73.00
1995.00,8.00,745800.00,6.00,7.00,421682.00,320851.00,2063.00,155.00
1995.00,8.00,745830.00,12.00,13.00,1147868.00,851279.00,5837.00,145.00
1995.00,8.00,755830.00,7.00,12.00,1131337.00,864084.00,5905.00,146.00
1995.00,8.00,765830.00,4.00,4.00,104253.00,78136.00,527.00,148.00
1996.00,3.00,735830.00,2.00,2.00,161236.00,136788.00,1115.00,122.00
1996.00,3.00,735900.00,1.00,1.00,10417.00,7184.00,90.00,79.00
1996.00,3.00,745800.00,1.00,1.00,7615.00,5252.00,65.00,80.00
1996.00,3.00,745830.00,3.00,3.00,211527.00,155078.00,1223.00,126.00
1996.00,3.00,745900.00,1.00,1.00,7.00,5.00,0.00,
1996.00,3.00,755830.00,1.00,1.00,7368.00,5082.00,72.00,70.00
1996.00,3.00,755900.00,1.00,1.00,44066.00,30391.00,175.00,173.00
1996.00,3.00,755930.00,1.00,1.00,1910.00,1317.00,10.00,131.00
1996.00,3.00,775930.00,1.00,1.00,48304.00,31779.00,382.00,83.00
1996.00,3.00,786000.00,1.00,1.00,23386.00,15386.00,177.00,86.00
1996.00,4.00,655630.00,1.00,1.00,29940.00,23575.00,570.00,41.00
1996.00,4.00,715630.00,1.00,1.00,162768.00,135640.00,780.00,173.00
1996.00,4.00,715700.00,1.00,1.00,69860.00,55007.00,680.00,80.00
1996.00,4.00,735700.00,1.00,1.00,4675.00,3801.00,15.00,253.00
1996.00,4.00,735800.00,3.00,3.00,103641.00,83383.00,497.00,167.00
1996.00,4.00,735830.00,3.00,3.00,191451.00,149104.00,756.00,197.00
1996.00,4.00,735900.00,2.00,2.00,98826.00,85060.00,524.00,162.00
1996.00,4.00,745800.00,4.00,4.00,252055.00,203612.00,998.00,204.00
1996.00,4.00,745830.00,8.00,8.00,839440.00,656847.00,5110.00,128.00
1996.00,4.00,745900.00,2.00,2.00,84395.00,64999.00,463.00,140.00
1996.00,4.00,755830.00,1.00,1.00,111597.00,79712.00,913.00,87.00
1996.00,4.00,755900.00,1.00,1.00,224851.00,154008.00,683.00,225.00
1996.00,4.00,755930.00,1.00,1.00,8300.00,6320.00,44.00,143.00
1996.00,4.00,775930.00,2.00,2.00,399856.00,274072.00,1765.00,155.00
1996.00,4.00,786000.00,1.00,1.00,14.00,10.00,0.00,
1996.00,4.00,786030.00,1.00,1.00,8736.00,6109.00,75.00,81.00
1996.00,5.00,655500.00,1.00,1.00,21447.00,17296.00,230.00,75.00
1996.00,5.00,665530.00,1.00,1.00,8298.00,8555.00,57.00,150.00
1996.00,5.00,665600.00,1.00,1.00,8298.00,8555.00,58.00,147.00
1996.00,5.00,675530.00,2.00,2.00,142428.00,123196.00,1057.00,116.00
1996.00,5.00,675600.00,3.00,5.00,169457.00,164622.00,2437.00,67.00
1996.00,5.00,675630.00,2.00,2.00,19406.00,17735.00,214.00,82.00
1996.00,5.00,675700.00,1.00,1.00,7102.00,5870.00,160.00,36.00
1996.00,5.00,685600.00,5.00,5.00,83560.00,77958.00,1326.00,58.00
1996.00,5.00,685630.00,6.00,8.00,263680.00,217804.00,3070.00,70.00
1996.00,5.00,695600.00,2.00,2.00,40984.00,37994.00,743.00,51.00
1996.00,5.00,695631.00,1.00,1.00,2940.00,2911.00,26.00,111.00
1996.00,5.00,705630.00,1.00,1.00,65687.00,54739.00,500.00,109.00
1996.00,5.00,705701.00,1.00,1.00,78386.00,61722.00,600.00,102.00
1996.00,5.00,715600.00,1.00,2.00,266393.00,225553.00,920.00,245.00
1996.00,5.00,715630.00,12.00,20.00,1528184.00,1262321.00,8567.00,147.00
1996.00,5.00,715700.00,9.00,10.00,485331.00,385431.00,3097.00,124.00
1996.00,5.00,715730.00,1.00,1.00,22102.00,17267.00,200.00,86.00
1996.00,5.00,715800.00,1.00,1.00,1605.00,1070.00,650.00,1.00
1996.00,5.00,725600.00,1.00,1.00,162025.00,133905.00,925.00,144.00
1996.00,5.00,725630.00,2.00,5.00,607987.00,475560.00,3130.00,151.00
1996.00,5.00,725700.00,3.00,3.00,112617.00,90996.00,426.00,213.00
1996.00,5.00,725730.00,3.00,4.00,121500.00,90576.00,1337.00,67.00
1996.00,5.00,725800.00,2.00,2.00,78107.00,55302.00,524.00,105.00
1996.00,5.00,735700.00,4.00,4.00,218155.00,177956.00,1134.00,156.00
1996.00,5.00,735730.00,8.00,9.00,280114.00,220312.00,2698.00,81.00
1996.00,5.00,735800.00,8.00,13.00,738018.00,571729.00,5313.00,107.00
1996.00,5.00,735830.00,5.00,6.00,428477.00,346493.00,2861.00,121.00
1996.00,5.00,735900.00,1.00,1.00,30064.00,28908.00,198.00,146.00
1996.00,5.00,745800.00,5.00,5.00,231402.00,178857.00,1349.00,132.00
1996.00,5.00,745830.00,12.00,13.00,872411.00,704489.00,6237.00,112.00
1996.00,5.00,745900.00,5.00,5.00,381810.00,311897.00,2175.00,143.00
1996.00,5.00,745930.00,1.00,1.00,33694.00,26324.00,486.00,54.00
1996.00,5.00,755830.00,5.00,5.00,388452.00,283211.00,2089.00,135.00
1996.00,5.00,755900.00,6.00,8.00,690501.00,499523.00,3733.00,133.00
1996.00,5.00,755930.00,3.00,4.00,136707.00,104523.00,744.00,140.00
1996.00,5.00,765930.00,1.00,1.00,25362.00,18116.00,450.00,40.00
1996.00,5.00,766000.00,2.00,2.00,208362.00,170647.00,740.00,230.00
1996.00,5.00,775900.00,1.00,1.00,95887.00,69484.00,800.00,86.00
1996.00,5.00,775930.00,4.00,5.00,515548.00,372521.00,3515.00,105.00
1996.00,5.00,776000.00,2.00,3.00,310162.00,236765.00,2135.00,110.00
1996.00,5.00,776030.00,3.00,3.00,363758.00,297250.00,2597.00,114.00
1996.00,5.00,786030.00,2.00,2.00,78991.00,59989.00,877.00,68.00
1996.00,6.00,655500.00,1.00,1.00,20099.00,19051.00,400.00,47.00
1996.00,6.00,665500.00,1.00,1.00,116871.00,97393.00,500.00,194.00
1996.00,6.00,665530.00,1.00,1.00,99724.00,81741.00,600.00,136.00
1996.00,6.00,665600.00,3.00,1.00,52554.00,43795.00,531.00,82.00
1996.00,6.00,675500.00,1.00,1.00,566.00,496.00,40.00,12.00
1996.00,6.00,675530.00,1.00,2.00,109991.00,103803.00,575.00,180.00
1996.00,6.00,675600.00,6.00,6.00,127456.00,110177.00,1208.00,91.00
1996.00,6.00,675630.00,2.00,2.00,39571.00,36950.00,403.00,91.00
1996.00,6.00,685600.00,5.00,6.00,152870.00,132065.00,1843.00,71.00
1996.00,6.00,685630.00,3.00,3.00,126463.00,114716.00,1242.00,92.00
1996.00,6.00,715600.00,6.00,6.00,515755.00,415537.00,3591.00,115.00
1996.00,6.00,715630.00,15.00,21.00,2011927.00,1703015.00,10747.00,158.00
1996.00,6.00,715700.00,9.00,10.00,640587.00,539740.00,4188.00,128.00
1996.00,6.00,715730.00,2.00,2.00,65856.00,52939.00,731.00,72.00
1996.00,6.00,725630.00,8.00,12.00,763517.00,649586.00,5037.00,128.00
1996.00,6.00,725700.00,9.00,12.00,935836.00,758142.00,5603.00,135.00
1996.00,6.00,725730.00,6.00,6.00,186578.00,156624.00,1537.00,101.00
1996.00,6.00,725800.00,2.00,2.00,7378.00,6653.00,88.00,75.00
1996.00,6.00,735630.00,1.00,1.00,41690.00,34742.00,480.00,72.00
1996.00,6.00,735700.00,2.00,2.00,67858.00,52335.00,560.00,93.00
1996.00,6.00,735730.00,10.00,12.00,642049.00,509483.00,4979.00,102.00
1996.00,6.00,735800.00,16.00,20.00,1101902.00,841193.00,8609.00,97.00
1996.00,6.00,735830.00,7.00,8.00,196165.00,162324.00,1623.00,100.00
1996.00,6.00,735900.00,1.00,1.00,5596.00,5088.00,47.00,108.00
1996.00,6.00,736001.00,1.00,1.00,27231.00,19733.00,136.00,145.00
1996.00,6.00,745700.00,1.00,1.00,36934.00,27980.00,354.00,79.00
1996.00,6.00,745800.00,7.00,7.00,350893.00,277302.00,2948.00,94.00
1996.00,6.00,745830.00,13.00,19.00,1035913.00,810914.00,7847.00,103.00
1996.00,6.00,745900.00,1.00,2.00,156048.00,129488.00,940.00,137.00
1996.00,6.00,746000.00,1.00,1.00,3126.00,3751.00,400.00,9.00
1996.00,6.00,755830.00,5.00,5.00,151604.00,113009.00,1053.00,107.00
1996.00,6.00,755900.00,9.00,9.00,613208.00,462774.00,4272.00,108.00
1996.00,6.00,755930.00,2.00,2.00,208822.00,167058.00,2340.00,71.00
1996.00,6.00,765900.00,2.00,2.00,76698.00,53059.00,379.00,139.00
1996.00,6.00,765930.00,5.00,5.00,311934.00,234381.00,1872.00,125.00
1996.00,6.00,766000.00,1.00,1.00,3124.00,2297.00,22.00,104.00
1996.00,6.00,775900.00,2.00,2.00,176105.00,119903.00,1140.00,105.00
1996.00,6.00,775930.00,2.00,2.00,103246.00,75216.00,796.00,94.00
1996.00,6.00,776000.00,1.00,1.00,111956.00,82321.00,376.00,218.00
1996.00,6.00,776030.00,1.00,1.00,91203.00,76002.00,800.00,95.00
1996.00,7.00,655500.00,1.00,1.00,15651.00,15070.00,200.00,75.00
1996.00,7.00,665500.00,2.00,1.00,240647.00,198120.00,1000.00,198.00
1996.00,7.00,665530.00,2.00,2.00,155202.00,117393.00,687.00,170.00
1996.00,7.00,675530.00,4.00,4.00,280087.00,239646.00,2524.00,94.00
1996.00,7.00,675600.00,4.00,6.00,204694.00,184740.00,2810.00,65.00
1996.00,7.00,685600.00,4.00,4.00,99510.00,89030.00,1565.00,56.00
1996.00,7.00,685630.00,3.00,4.00,195709.00,183180.00,2125.00,86.00
1996.00,7.00,695600.00,2.00,1.00,16051.00,13376.00,300.00,44.00
1996.00,7.00,705600.00,1.00,1.00,26876.00,21675.00,387.00,56.00
1996.00,7.00,705630.00,3.00,2.00,21569.00,17851.00,450.00,39.00
1996.00,7.00,715600.00,2.00,2.00,142208.00,123446.00,785.00,157.00
1996.00,7.00,715630.00,16.00,22.00,1442413.00,1200351.00,12300.00,97.00
1996.00,7.00,715700.00,9.00,11.00,399965.00,331823.00,3705.00,89.00
1996.00,7.00,715730.00,2.00,2.00,106019.00,83124.00,700.00,118.00
1996.00,7.00,725630.00,11.00,15.00,1127771.00,945181.00,9321.00,101.00
1996.00,7.00,725700.00,10.00,12.00,832304.00,686793.00,7710.00,89.00
1996.00,7.00,725730.00,8.00,8.00,380981.00,290613.00,3698.00,78.00
1996.00,7.00,725800.00,3.00,3.00,70035.00,55805.00,528.00,105.00
1996.00,7.00,735700.00,5.00,4.00,499685.00,409012.00,4063.00,100.00
1996.00,7.00,735730.00,12.00,17.00,1143990.00,892074.00,12161.00,73.00
1996.00,7.00,735800.00,18.00,23.00,1556746.00,1220203.00,12340.00,98.00
1996.00,7.00,735830.00,5.00,5.00,208621.00,169059.00,1625.00,104.00
1996.00,7.00,735900.00,2.00,2.00,88491.00,74460.00,756.00,98.00
1996.00,7.00,745730.00,1.00,1.00,48679.00,36601.00,357.00,102.00
1996.00,7.00,745800.00,7.00,10.00,512432.00,439290.00,4089.00,107.00
1996.00,7.00,745830.00,10.00,10.00,701847.00,561880.00,5654.00,99.00
1996.00,7.00,745900.00,5.00,4.00,324364.00,256888.00,2924.00,87.00
1996.00,7.00,745930.00,2.00,2.00,24053.00,20212.00,500.00,40.00
1996.00,7.00,755830.00,5.00,4.00,183860.00,133705.00,2053.00,65.00
1996.00,7.00,755900.00,9.00,10.00,1205501.00,906184.00,7204.00,125.00
1996.00,7.00,755930.00,7.00,7.00,483204.00,396293.00,3162.00,125.00
1996.00,7.00,765900.00,2.00,2.00,97600.00,67478.00,655.00,103.00
1996.00,7.00,765930.00,4.00,4.00,461678.00,377445.00,2200.00,171.00
1996.00,7.00,775930.00,1.00,1.00,151670.00,101792.00,852.00,119.00
1996.00,7.00,776000.00,3.00,2.00,325957.00,256525.00,2467.00,103.00
1996.00,7.00,776030.00,1.00,1.00,26168.00,18428.00,150.00,122.00
1996.00,7.00,785930.00,1.00,1.00,30057.00,19774.00,200.00,98.00
1996.00,7.00,786030.00,1.00,1.00,287849.00,202710.00,1400.00,144.00
1996.00,8.00,655500.00,1.00,2.00,37263.00,26119.00,600.00,43.00
1996.00,8.00,665500.00,1.00,1.00,73559.00,65096.00,300.00,216.00
1996.00,8.00,665530.00,1.00,2.00,93950.00,77906.00,420.00,185.00
1996.00,8.00,675500.00,1.00,1.00,10078.00,10078.00,160.00,62.00
1996.00,8.00,675530.00,8.00,6.00,391649.00,323321.00,4188.00,77.00
1996.00,8.00,675600.00,6.00,6.00,135472.00,123233.00,2076.00,59.00
1996.00,8.00,675630.00,1.00,1.00,97554.00,93806.00,750.00,125.00
1996.00,8.00,685530.00,1.00,1.00,8962.00,8701.00,237.00,36.00
1996.00,8.00,685600.00,4.00,4.00,139111.00,117442.00,1528.00,76.00
1996.00,8.00,685630.00,3.00,4.00,192868.00,144129.00,1663.00,86.00
1996.00,8.00,695600.00,2.00,2.00,20381.00,16756.00,635.00,26.00
1996.00,8.00,695700.00,1.00,1.00,8751.00,7292.00,87.00,83.00
1996.00,8.00,705600.00,4.00,4.00,125685.00,104811.00,2245.00,46.00
1996.00,8.00,705630.00,4.00,5.00,115197.00,95559.00,2203.00,43.00
1996.00,8.00,705701.00,2.00,2.00,781.00,662.00,55.00,12.00
1996.00,8.00,705730.00,1.00,1.00,782.00,663.00,95.00,6.00
1996.00,8.00,715600.00,4.00,6.00,436278.00,379367.00,3644.00,104.00
1996.00,8.00,715630.00,11.00,18.00,1013809.00,869154.00,9952.00,87.00
1996.00,8.00,715700.00,12.00,16.00,867814.00,704455.00,8928.00,78.00
1996.00,8.00,715730.00,2.00,2.00,37827.00,30794.00,348.00,88.00
1996.00,8.00,725630.00,8.00,9.00,625133.00,528930.00,4657.00,113.00
1996.00,8.00,725700.00,12.00,20.00,1062888.00,884238.00,11517.00,76.00
1996.00,8.00,725730.00,5.00,6.00,250984.00,209106.00,2364.00,88.00
1996.00,8.00,725800.00,2.00,2.00,15740.00,12933.00,116.00,111.00
1996.00,8.00,735700.00,5.00,5.00,292683.00,231115.00,2682.00,86.00
1996.00,8.00,735730.00,10.00,10.00,481846.00,391086.00,4230.00,92.00
1996.00,8.00,735800.00,10.00,12.00,524649.00,430480.00,3961.00,108.00
1996.00,8.00,735830.00,2.00,2.00,78047.00,65857.00,510.00,129.00
1996.00,8.00,735900.00,1.00,1.00,4200.00,4039.00,50.00,80.00
1996.00,8.00,745800.00,4.00,4.00,281568.00,251875.00,1763.00,142.00
1996.00,8.00,745830.00,2.00,2.00,55332.00,45866.00,439.00,104.00
1996.00,8.00,745900.00,2.00,2.00,27792.00,24506.00,213.00,115.00
1996.00,8.00,745930.00,2.00,2.00,4904.00,4338.00,65.00,66.00
1996.00,8.00,755830.00,1.00,1.00,47771.00,38525.00,372.00,103.00
1996.00,8.00,755900.00,12.00,12.00,1161274.00,831377.00,7686.00,108.00
1996.00,8.00,755930.00,1.00,1.00,28247.00,22418.00,271.00,82.00
1996.00,8.00,756000.00,1.00,1.00,1337.00,1183.00,18.00,65.00
1996.00,8.00,765900.00,3.00,3.00,309810.00,210201.00,2253.00,93.00
1996.00,8.00,765930.00,6.00,6.00,912286.00,723131.00,5581.00,129.00
1996.00,8.00,766000.00,3.00,3.00,378388.00,291474.00,3063.00,95.00
1996.00,8.00,766030.00,1.00,1.00,125254.00,107977.00,600.00,179.00
1996.00,8.00,775900.00,1.00,1.00,64030.00,46038.00,600.00,76.00
1996.00,8.00,775930.00,1.00,1.00,86222.00,65318.00,650.00,100.00
1996.00,8.00,776000.00,5.00,6.00,735145.00,561028.00,5255.00,106.00
1996.00,8.00,776030.00,2.00,2.00,225004.00,167914.00,1350.00,124.00
1996.00,8.00,786030.00,1.00,1.00,167548.00,137335.00,896.00,153.00
1996.00,9.00,655500.00,1.00,2.00,7082.00,3934.00,300.00,13.00
1996.00,9.00,655530.00,1.00,1.00,6.00,5.00,18.00,0.00
1996.00,9.00,665500.00,4.00,4.00,237332.00,195752.00,1703.00,114.00
1996.00,9.00,665530.00,3.00,3.00,180129.00,149201.00,1814.00,82.00
1996.00,9.00,665600.00,2.00,2.00,6138.00,4599.00,439.00,10.00
1996.00,9.00,665630.00,2.00,2.00,18643.00,13703.00,217.00,63.00
1996.00,9.00,675500.00,3.00,1.00,69188.00,58348.00,2309.00,25.00
1996.00,9.00,675530.00,3.00,5.00,267478.00,228081.00,2930.00,77.00
1996.00,9.00,675600.00,5.00,5.00,40354.00,37595.00,1055.00,35.00
1996.00,9.00,675630.00,1.00,1.00,1964.00,1693.00,120.00,14.00
1996.00,9.00,685530.00,2.00,2.00,135020.00,112481.00,633.00,177.00
1996.00,9.00,685600.00,4.00,4.00,144629.00,151369.00,1969.00,76.00
1996.00,9.00,685630.00,5.00,6.00,240704.00,242045.00,2572.00,94.00
1996.00,9.00,685700.00,1.00,1.00,38459.00,33154.00,585.00,56.00
1996.00,9.00,695600.00,1.00,1.00,19898.00,23688.00,242.00,97.00
1996.00,9.00,695631.00,1.00,1.00,50812.00,38205.00,600.00,63.00
1996.00,9.00,695700.00,4.00,2.00,41874.00,34896.00,642.00,54.00
1996.00,9.00,695730.00,1.00,1.00,163.00,133.00,53.00,2.00
1996.00,9.00,705600.00,1.00,1.00,38620.00,34178.00,465.00,73.00
1996.00,9.00,705630.00,3.00,3.00,61343.00,49307.00,1357.00,36.00
1996.00,9.00,705701.00,2.00,2.00,50318.00,42637.00,624.00,68.00
1996.00,9.00,705730.00,1.00,1.00,535.00,437.00,68.00,6.00
1996.00,9.00,715600.00,4.00,4.00,108427.00,90855.00,1465.00,62.00
1996.00,9.00,715630.00,15.00,28.00,1545174.00,1310169.00,17253.00,75.00
1996.00,9.00,715700.00,11.00,14.00,621409.00,504859.00,8259.00,61.00
1996.00,9.00,715730.00,2.00,2.00,5070.00,4125.00,143.00,28.00
1996.00,9.00,725530.00,1.00,1.00,113403.00,94503.00,1600.00,59.00
1996.00,9.00,725630.00,11.00,14.00,814228.00,701245.00,8814.00,79.00
1996.00,9.00,725700.00,12.00,18.00,780259.00,667939.00,9240.00,72.00
1996.00,9.00,725730.00,12.00,11.00,493361.00,390628.00,3517.00,111.00
1996.00,9.00,725800.00,2.00,2.00,46655.00,38880.00,442.00,87.00
1996.00,9.00,735700.00,4.00,3.00,216610.00,195741.00,2163.00,90.00
1996.00,9.00,735730.00,12.00,13.00,492277.00,386265.00,3852.00,100.00
1996.00,9.00,735800.00,8.00,12.00,676609.00,593358.00,6531.00,90.00
1996.00,9.00,735830.00,1.00,1.00,139372.00,98846.00,1800.00,54.00
1996.00,9.00,745800.00,8.00,8.00,445745.00,352123.00,4270.00,82.00
1996.00,9.00,745830.00,9.00,9.00,1300791.00,995822.00,8460.00,117.00
1996.00,9.00,755830.00,3.00,4.00,264138.00,192033.00,3313.00,57.00
1996.00,9.00,755900.00,6.00,8.00,685573.00,576849.00,5606.00,102.00
1996.00,9.00,755930.00,2.00,2.00,213002.00,178839.00,1516.00,117.00
1996.00,9.00,765900.00,1.00,1.00,23870.00,18083.00,640.00,28.00
1996.00,9.00,765930.00,8.00,9.00,1040076.00,784936.00,6468.00,121.00
1996.00,9.00,766000.00,9.00,10.00,1583609.00,1293635.00,8717.00,148.00
1996.00,9.00,766030.00,1.00,1.00,109245.00,89546.00,720.00,124.00
1996.00,9.00,775900.00,1.00,1.00,214172.00,164748.00,1000.00,164.00
1996.00,9.00,775930.00,3.00,4.00,621514.00,431576.00,3900.00,110.00
1996.00,9.00,776000.00,2.00,4.00,413374.00,332152.00,3100.00,107.00
1996.00,9.00,776030.00,1.00,3.00,206233.00,169872.00,1480.00,114.00
1996.00,9.00,776100.00,1.00,1.00,76747.00,66161.00,400.00,165.00
1997.00,3.00,665530.00,1.00,1.00,73529.00,51781.00,375.00,138.00
1997.00,3.00,665700.00,1.00,1.00,16.00,15.00,38.00,0.00
1997.00,3.00,675530.00,2.00,2.00,83277.00,61260.00,339.00,180.00
1997.00,3.00,675600.00,2.00,2.00,133468.00,112361.00,407.00,276.00
1997.00,3.00,725630.00,1.00,1.00,3824.00,3161.00,33.00,95.00
1997.00,3.00,725730.00,1.00,1.00,1898.00,1680.00,21.00,80.00
1997.00,3.00,735730.00,1.00,1.00,15332.00,13568.00,116.00,116.00
1997.00,3.00,735800.00,1.00,1.00,8488.00,7512.00,62.00,121.00
1997.00,3.00,735830.00,1.00,1.00,127118.00,100887.00,512.00,197.00
1997.00,3.00,745800.00,1.00,1.00,6122.00,5418.00,16.00,338.00
1997.00,3.00,745830.00,4.00,4.00,113157.00,99955.00,1105.00,90.00
1997.00,3.00,755830.00,1.00,1.00,10165.00,8067.00,93.00,86.00
1997.00,4.00,665500.00,1.00,1.00,280.00,200.00,24.00,8.00
1997.00,4.00,665530.00,2.00,2.00,623072.00,447647.00,1988.00,225.00
1997.00,4.00,675530.00,3.00,3.00,166872.00,133794.00,361.00,370.00
1997.00,4.00,675600.00,6.00,6.00,209173.00,171633.00,685.00,250.00
1997.00,4.00,675630.00,1.00,1.00,47827.00,40532.00,189.00,214.00
1997.00,4.00,685530.00,1.00,1.00,173982.00,149984.00,286.00,524.00
1997.00,4.00,685600.00,1.00,1.00,20983.00,18246.00,53.00,344.00
1997.00,4.00,685630.00,1.00,1.00,102420.00,89061.00,363.00,245.00
1997.00,4.00,695600.00,1.00,1.00,108272.00,89481.00,300.00,298.00
1997.00,4.00,715630.00,1.00,1.00,115474.00,96228.00,276.00,348.00
1997.00,4.00,725630.00,1.00,1.00,70792.00,58993.00,142.00,415.00
1997.00,4.00,735830.00,1.00,1.00,188203.00,156836.00,718.00,218.00
1997.00,4.00,745830.00,3.00,3.00,74642.00,58712.00,637.00,92.00
1997.00,4.00,755830.00,2.00,2.00,368.00,316.00,73.00,4.00
1997.00,4.00,755900.00,2.00,2.00,38616.00,28795.00,264.00,109.00
1997.00,4.00,765930.00,1.00,1.00,83180.00,59414.00,415.00,143.00
1997.00,4.00,775930.00,1.00,1.00,5970.00,4265.00,155.00,27.00
1997.00,4.00,776000.00,1.00,1.00,1076.00,769.00,36.00,21.00
1997.00,4.00,785930.00,1.00,1.00,1362.00,973.00,32.00,30.00
1997.00,4.00,786000.00,1.00,1.00,161.00,115.00,16.00,7.00
1997.00,5.00,635630.00,1.00,1.00,60858.00,52463.00,314.00,167.00
1997.00,5.00,665500.00,1.00,1.00,11087.00,8799.00,125.00,70.00
1997.00,5.00,665530.00,5.00,6.00,322554.00,241479.00,1700.00,142.00
1997.00,5.00,665600.00,3.00,4.00,231978.00,200501.00,1080.00,185.00
1997.00,5.00,675500.00,3.00,3.00,555734.00,450342.00,2024.00,222.00
1997.00,5.00,675530.00,12.00,14.00,1343712.00,1136587.00,4715.00,241.00
1997.00,5.00,675600.00,20.00,30.00,2879820.00,2527551.00,10271.00,246.00
1997.00,5.00,675630.00,6.00,7.00,611638.00,499347.00,2024.00,246.00
1997.00,5.00,685530.00,9.00,12.00,1788498.00,1545418.00,6522.00,236.00
1997.00,5.00,685600.00,19.00,38.00,4763619.00,4127322.00,18240.00,226.00
1997.00,5.00,685630.00,11.00,22.00,2597436.00,2266450.00,9869.00,229.00
1997.00,5.00,685700.00,2.00,2.00,120682.00,108170.00,679.00,159.00
1997.00,5.00,705600.00,1.00,1.00,167021.00,147813.00,827.00,178.00
1997.00,5.00,705630.00,1.00,1.00,73207.00,61518.00,284.00,216.00
1997.00,5.00,715600.00,4.00,4.00,616776.00,541979.00,2196.00,246.00
1997.00,5.00,715630.00,7.00,11.00,1199173.00,1040509.00,4941.00,210.00
1997.00,5.00,715700.00,2.00,2.00,14963.00,14351.00,256.00,56.00
1997.00,5.00,725630.00,6.00,6.00,1287655.00,1076078.00,4074.00,264.00
1997.00,5.00,725700.00,1.00,2.00,136332.00,118162.00,490.00,241.00
1997.00,5.00,735730.00,1.00,1.00,208066.00,187447.00,920.00,203.00
1997.00,5.00,735830.00,1.00,1.00,138409.00,112527.00,496.00,226.00
1997.00,5.00,745830.00,2.00,2.00,224619.00,185976.00,660.00,281.00
1997.00,6.00,665500.00,2.00,3.00,253008.00,180168.00,948.00,190.00
1997.00,6.00,665530.00,11.00,12.00,1438326.00,1143727.00,6285.00,181.00
1997.00,6.00,665600.00,6.00,4.00,411331.00,372290.00,2683.00,138.00
1997.00,6.00,665630.00,1.00,1.00,127630.00,120406.00,420.00,286.00
1997.00,6.00,675500.00,7.00,7.00,467083.00,386419.00,2009.00,192.00
1997.00,6.00,675530.00,13.00,20.00,2330508.00,1908432.00,10849.00,175.00
1997.00,6.00,675600.00,20.00,27.00,2691460.00,2299744.00,12413.00,185.00
1997.00,6.00,675630.00,9.00,12.00,1079386.00,943392.00,5069.00,186.00
1997.00,6.00,675700.00,1.00,1.00,94218.00,81929.00,268.00,305.00
1997.00,6.00,685530.00,8.00,9.00,1521471.00,1270339.00,5764.00,220.00
1997.00,6.00,685600.00,23.00,36.00,3616919.00,3220721.00,16560.00,194.00
1997.00,6.00,685630.00,11.00,15.00,1137369.00,1008448.00,5797.00,173.00
1997.00,6.00,685700.00,1.00,1.00,156466.00,140961.00,1375.00,102.00
1997.00,6.00,695600.00,3.00,3.00,232667.00,211435.00,1100.00,192.00
1997.00,6.00,695631.00,3.00,3.00,173254.00,159155.00,1238.00,128.00
1997.00,6.00,705600.00,1.00,1.00,14189.00,12783.00,160.00,79.00
1997.00,6.00,705630.00,1.00,1.00,26048.00,23679.00,145.00,163.00
1997.00,6.00,715600.00,4.00,4.00,375350.00,324531.00,1718.00,188.00
1997.00,6.00,715630.00,5.00,9.00,839310.00,720948.00,4171.00,172.00
1997.00,6.00,715700.00,1.00,1.00,23244.00,21928.00,275.00,79.00
1997.00,6.00,725630.00,5.00,8.00,1207679.00,1025403.00,4292.00,238.00
1997.00,6.00,725700.00,2.00,4.00,201670.00,172251.00,1538.00,111.00
1997.00,6.00,735730.00,1.00,1.00,15781.00,14346.00,175.00,81.00
1997.00,6.00,735800.00,1.00,1.00,12412.00,10174.00,34.00,299.00
1997.00,6.00,735830.00,1.00,1.00,33114.00,27142.00,95.00,285.00
1997.00,6.00,745830.00,1.00,1.00,109314.00,89601.00,291.00,307.00
1997.00,6.00,775900.00,2.00,1.00,19352.00,16125.00,76.00,212.00
1997.00,6.00,775930.00,1.00,1.00,65975.00,48158.00,400.00,120.00
1997.00,6.00,785930.00,1.00,1.00,238035.00,164162.00,1245.00,131.00
1997.00,7.00,665500.00,4.00,4.00,633582.00,492788.00,3031.00,162.00
1997.00,7.00,665530.00,8.00,14.00,1895856.00,1488353.00,9532.00,156.00
1997.00,7.00,665600.00,3.00,3.00,376571.00,311353.00,1721.00,180.00
1997.00,7.00,665630.00,1.00,1.00,12281.00,9520.00,112.00,85.00
1997.00,7.00,675500.00,12.00,16.00,1609168.00,1337293.00,7892.00,169.00
1997.00,7.00,675530.00,22.00,30.00,4294003.00,3422137.00,19163.00,178.00
1997.00,7.00,675600.00,15.00,23.00,1698073.00,1473411.00,10791.00,136.00
1997.00,7.00,675630.00,4.00,5.00,451314.00,395987.00,2472.00,160.00
1997.00,7.00,685500.00,2.00,2.00,51430.00,40804.00,429.00,95.00
1997.00,7.00,685530.00,14.00,19.00,1934353.00,1628935.00,9435.00,172.00
1997.00,7.00,685600.00,19.00,32.00,2791251.00,2512829.00,13115.00,191.00
1997.00,7.00,685630.00,10.00,12.00,879242.00,782179.00,5834.00,134.00
1997.00,7.00,695600.00,5.00,5.00,181510.00,156992.00,1561.00,100.00
1997.00,7.00,695631.00,2.00,3.00,220751.00,182150.00,1421.00,128.00
1997.00,7.00,705600.00,2.00,2.00,112022.00,104729.00,634.00,165.00
1997.00,7.00,705630.00,1.00,1.00,26152.00,22162.00,205.00,108.00
1997.00,7.00,715600.00,5.00,6.00,524652.00,462225.00,2874.00,160.00
1997.00,7.00,715630.00,9.00,10.00,844017.00,714856.00,4348.00,164.00
1997.00,7.00,715700.00,1.00,1.00,6249.00,5208.00,34.00,153.00
1997.00,7.00,725630.00,11.00,14.00,2224531.00,1868769.00,9727.00,192.00
1997.00,7.00,725700.00,2.00,4.00,383854.00,328208.00,2320.00,141.00
1997.00,7.00,725730.00,2.00,2.00,458516.00,388471.00,1550.00,250.00
1997.00,7.00,735600.00,1.00,1.00,90145.00,74500.00,250.00,298.00
1997.00,7.00,735630.00,1.00,1.00,213503.00,175003.00,1000.00,175.00
1997.00,7.00,735700.00,3.00,3.00,242452.00,212036.00,1611.00,131.00
1997.00,7.00,735730.00,3.00,4.00,585198.00,509885.00,2220.00,229.00
1997.00,7.00,735800.00,2.00,2.00,25314.00,20726.00,308.00,67.00
1997.00,7.00,735830.00,1.00,1.00,49983.00,40309.00,240.00,167.00
1997.00,7.00,745700.00,1.00,1.00,253089.00,212680.00,1000.00,212.00
1997.00,7.00,745830.00,2.00,2.00,121318.00,97916.00,524.00,186.00
1997.00,8.00,665430.00,4.00,4.00,218293.00,164328.00,1530.00,107.00
1997.00,8.00,665500.00,10.00,9.00,474400.00,341656.00,4044.00,84.00
1997.00,8.00,665530.00,16.00,20.00,1841087.00,1420686.00,12738.00,111.00
1997.00,8.00,665600.00,5.00,6.00,489974.00,409683.00,3535.00,115.00
1997.00,8.00,665630.00,3.00,3.00,185386.00,138270.00,1721.00,80.00
1997.00,8.00,675400.00,1.00,1.00,60652.00,50543.00,231.00,218.00
1997.00,8.00,675430.00,2.00,2.00,33081.00,26359.00,224.00,117.00
1997.00,8.00,675500.00,15.00,19.00,1772075.00,1339442.00,11587.00,115.00
1997.00,8.00,675530.00,15.00,22.00,2256221.00,1806977.00,13295.00,135.00
1997.00,8.00,675600.00,12.00,13.00,825179.00,693355.00,5656.00,122.00
1997.00,8.00,675630.00,2.00,3.00,93059.00,78741.00,553.00,142.00
1997.00,8.00,675700.00,1.00,1.00,15743.00,14056.00,300.00,46.00
1997.00,8.00,675800.00,1.00,1.00,42466.00,33973.00,256.00,132.00
1997.00,8.00,685500.00,1.00,1.00,6869.00,5539.00,100.00,55.00
1997.00,8.00,685530.00,6.00,5.00,378465.00,299391.00,2809.00,106.00
1997.00,8.00,685600.00,15.00,19.00,1059924.00,914048.00,7060.00,129.00
1997.00,8.00,685630.00,8.00,14.00,703714.00,619092.00,5256.00,117.00
1997.00,8.00,685730.00,1.00,1.00,12310.00,10521.00,200.00,52.00
1997.00,8.00,695600.00,3.00,3.00,177663.00,158560.00,1450.00,109.00
1997.00,8.00,695631.00,3.00,3.00,143656.00,119484.00,1071.00,111.00
1997.00,8.00,705630.00,1.00,1.00,1051.00,822.00,70.00,11.00
1997.00,8.00,705701.00,1.00,1.00,146286.00,123971.00,802.00,154.00
1997.00,8.00,715600.00,1.00,1.00,11625.00,11071.00,75.00,147.00
1997.00,8.00,715630.00,7.00,9.00,428255.00,368760.00,3469.00,106.00
1997.00,8.00,715700.00,2.00,2.00,64890.00,53930.00,369.00,146.00
1997.00,8.00,715730.00,1.00,1.00,9233.00,7891.00,150.00,52.00
1997.00,8.00,725600.00,2.00,2.00,108864.00,82526.00,477.00,173.00
1997.00,8.00,725630.00,11.00,14.00,1359875.00,1165948.00,8679.00,134.00
1997.00,8.00,725700.00,6.00,9.00,900456.00,756507.00,5076.00,149.00
1997.00,8.00,725730.00,2.00,2.00,165191.00,132837.00,1269.00,104.00
1997.00,8.00,735630.00,3.00,3.00,81748.00,68568.00,662.00,103.00
1997.00,8.00,735700.00,6.00,6.00,506177.00,442924.00,3100.00,142.00
1997.00,8.00,735730.00,6.00,9.00,742320.00,653543.00,4387.00,148.00
1997.00,8.00,735800.00,3.00,3.00,103164.00,87989.00,938.00,93.00
1997.00,8.00,745800.00,2.00,2.00,65665.00,53800.00,315.00,170.00
1997.00,8.00,745830.00,2.00,2.00,74209.00,63453.00,272.00,233.00
1997.00,8.00,755830.00,1.00,2.00,85575.00,70723.00,490.00,144.00
1997.00,9.00,655430.00,1.00,1.00,8511.00,5790.00,48.00,120.00
1997.00,9.00,655500.00,2.00,2.00,15193.00,11308.00,282.00,40.00
1997.00,9.00,655530.00,3.00,2.00,99922.00,76797.00,1086.00,70.00
1997.00,9.00,655600.00,2.00,2.00,23120.00,17783.00,254.00,70.00
1997.00,9.00,665401.00,1.00,1.00,18619.00,12667.00,105.00,120.00
1997.00,9.00,665430.00,4.00,4.00,46801.00,36211.00,532.00,68.00
1997.00,9.00,665500.00,12.00,17.00,686879.00,520305.00,6038.00,86.00
1997.00,9.00,665530.00,14.00,16.00,862609.00,674587.00,7882.00,85.00
1997.00,9.00,665600.00,8.00,7.00,380698.00,301678.00,3554.00,84.00
1997.00,9.00,665630.00,2.00,2.00,3912.00,2831.00,128.00,22.00
1997.00,9.00,675430.00,1.00,1.00,17958.00,14965.00,247.00,60.00
1997.00,9.00,675500.00,17.00,17.00,1243198.00,950790.00,8023.00,118.00
1997.00,9.00,675530.00,16.00,21.00,1159258.00,969912.00,11728.00,82.00
1997.00,9.00,675600.00,8.00,9.00,403855.00,343918.00,3897.00,88.00
1997.00,9.00,675630.00,1.00,2.00,49335.00,39992.00,645.00,62.00
1997.00,9.00,675700.00,1.00,1.00,5343.00,4275.00,110.00,38.00
1997.00,9.00,685430.00,1.00,1.00,17958.00,14965.00,247.00,60.00
1997.00,9.00,685500.00,3.00,3.00,86476.00,68294.00,902.00,75.00
1997.00,9.00,685530.00,3.00,3.00,693702.00,501528.00,3087.00,162.00
1997.00,9.00,685600.00,11.00,13.00,625750.00,532102.00,4448.00,119.00
1997.00,9.00,685630.00,7.00,8.00,291997.00,255321.00,3126.00,81.00
1997.00,9.00,685700.00,1.00,1.00,91085.00,79899.00,800.00,99.00
1997.00,9.00,695530.00,1.00,1.00,35987.00,27897.00,400.00,69.00
1997.00,9.00,695600.00,4.00,4.00,66770.00,54157.00,793.00,68.00
1997.00,9.00,695631.00,1.00,1.00,41867.00,32966.00,580.00,56.00
1997.00,9.00,705600.00,1.00,1.00,96712.00,82660.00,785.00,105.00
1997.00,9.00,715600.00,2.00,2.00,195775.00,170478.00,1500.00,113.00
1997.00,9.00,715630.00,9.00,12.00,712300.00,616155.00,5451.00,113.00
1997.00,9.00,715700.00,4.00,5.00,250122.00,208353.00,1750.00,119.00
1997.00,9.00,725630.00,12.00,17.00,1002999.00,853895.00,8154.00,104.00
1997.00,9.00,725700.00,9.00,17.00,1378053.00,1158462.00,8238.00,140.00
1997.00,9.00,725730.00,5.00,5.00,300770.00,251406.00,2556.00,98.00
1997.00,9.00,735630.00,4.00,5.00,279608.00,229676.00,1922.00,119.00
1997.00,9.00,735700.00,13.00,16.00,1102453.00,929619.00,8167.00,113.00
1997.00,9.00,735730.00,12.00,17.00,1349154.00,1098269.00,10562.00,103.00
1997.00,9.00,735800.00,4.00,4.00,398978.00,332158.00,3019.00,110.00
1997.00,9.00,735900.00,1.00,1.00,2155.00,1826.00,255.00,7.00
1997.00,9.00,745830.00,1.00,1.00,2155.00,1826.00,340.00,5.00
1997.00,9.00,776030.00,1.00,1.00,115363.00,86091.00,1100.00,78.00
1997.00,10.00,645530.00,1.00,3.00,240079.00,172947.00,1992.00,86.00
1997.00,10.00,655430.00,1.00,1.00,74184.00,46078.00,431.00,106.00
1997.00,10.00,655500.00,3.00,3.00,289752.00,209077.00,2129.00,98.00
1997.00,10.00,655530.00,6.00,8.00,525769.00,401371.00,4116.00,97.00
1997.00,10.00,655600.00,3.00,3.00,169003.00,130914.00,1714.00,76.00
1997.00,10.00,665430.00,2.00,2.00,64636.00,49810.00,697.00,71.00
1997.00,10.00,665500.00,11.00,11.00,669694.00,514094.00,7377.00,69.00
1997.00,10.00,665530.00,12.00,14.00,927726.00,720295.00,7929.00,90.00
1997.00,10.00,665600.00,6.00,7.00,253448.00,209193.00,2447.00,85.00
1997.00,10.00,665630.00,1.00,1.00,74560.00,51778.00,550.00,94.00
1997.00,10.00,675500.00,6.00,7.00,233187.00,185812.00,2322.00,80.00
1997.00,10.00,675530.00,8.00,10.00,690942.00,549354.00,5634.00,97.00
1997.00,10.00,675600.00,9.00,13.00,651071.00,575159.00,6907.00,83.00
1997.00,10.00,675630.00,3.00,3.00,163534.00,143719.00,1310.00,109.00
1997.00,10.00,685500.00,1.00,1.00,64222.00,56834.00,1500.00,37.00
1997.00,10.00,685530.00,5.00,5.00,357079.00,311224.00,3260.00,95.00
1997.00,10.00,685600.00,7.00,8.00,499062.00,439038.00,4647.00,94.00
1997.00,10.00,685630.00,4.00,4.00,294767.00,271699.00,2611.00,104.00
1997.00,10.00,685700.00,1.00,1.00,157051.00,134077.00,1085.00,123.00
1997.00,10.00,685830.00,1.00,1.00,108886.00,98095.00,1200.00,81.00
1997.00,10.00,695600.00,3.00,3.00,76827.00,61958.00,938.00,66.00
1997.00,10.00,695631.00,1.00,1.00,16891.00,15355.00,433.00,35.00
1997.00,10.00,705630.00,1.00,1.00,11670.00,9725.00,100.00,97.00
1997.00,10.00,715630.00,7.00,9.00,503219.00,430785.00,5584.00,77.00
1997.00,10.00,715700.00,7.00,12.00,846701.00,705405.00,8020.00,87.00
1997.00,10.00,715730.00,1.00,1.00,5434.00,3909.00,47.00,83.00
1997.00,10.00,725600.00,1.00,1.00,11670.00,9725.00,100.00,97.00
1997.00,10.00,725630.00,6.00,8.00,349149.00,293879.00,3353.00,87.00
1997.00,10.00,725700.00,14.00,21.00,1127286.00,966297.00,10266.00,94.00
1997.00,10.00,725730.00,11.00,13.00,522678.00,444192.00,5126.00,86.00
1997.00,10.00,735630.00,3.00,3.00,279545.00,207481.00,1344.00,154.00
1997.00,10.00,735700.00,9.00,9.00,373475.00,319790.00,3026.00,105.00
1997.00,10.00,735730.00,15.00,20.00,971549.00,808807.00,8291.00,97.00
1997.00,10.00,735800.00,4.00,4.00,137069.00,113098.00,1566.00,72.00
1997.00,10.00,745800.00,4.00,4.00,15660.00,12575.00,340.00,36.00
1997.00,10.00,745830.00,5.00,5.00,321339.00,260196.00,2963.00,87.00
1997.00,10.00,755830.00,3.00,3.00,5782.00,4438.00,298.00,14.00
1997.00,10.00,755900.00,1.00,1.00,21872.00,19186.00,500.00,38.00
1997.00,10.00,755930.00,1.00,1.00,76077.00,54732.00,723.00,75.00
1997.00,10.00,765930.00,2.00,1.00,88469.00,65404.00,1319.00,49.00
1997.00,10.00,775930.00,1.00,1.00,143329.00,98847.00,1200.00,82.00
1997.00,10.00,786030.00,2.00,2.00,334266.00,268967.00,3750.00,71.00
1997.00,11.00,635830.00,1.00,1.00,96898.00,81427.00,700.00,116.00
1997.00,11.00,645501.00,1.00,1.00,24891.00,18037.00,360.00,50.00
1997.00,11.00,655500.00,2.00,2.00,55004.00,41202.00,680.00,60.00
1997.00,11.00,655530.00,5.00,6.00,327384.00,256862.00,3505.00,73.00
1997.00,11.00,655600.00,2.00,2.00,100364.00,81664.00,1251.00,65.00
1997.00,11.00,665430.00,1.00,1.00,78203.00,65170.00,650.00,100.00
1997.00,11.00,665500.00,2.00,2.00,81245.00,67704.00,1073.00,63.00
1997.00,11.00,665530.00,7.00,9.00,676296.00,540057.00,6368.00,84.00
1997.00,11.00,675500.00,6.00,6.00,309754.00,262038.00,3063.00,85.00
1997.00,11.00,675530.00,8.00,9.00,545472.00,473726.00,5089.00,93.00
1997.00,11.00,675600.00,7.00,10.00,563980.00,494008.00,5698.00,86.00
1997.00,11.00,675630.00,1.00,1.00,45603.00,40268.00,400.00,100.00
1997.00,11.00,685530.00,3.00,3.00,422532.00,350786.00,3184.00,110.00
1997.00,11.00,685600.00,9.00,13.00,751513.00,674273.00,7671.00,87.00
1997.00,11.00,685630.00,4.00,4.00,218115.00,193428.00,2399.00,80.00
1997.00,11.00,685700.00,1.00,1.00,36273.00,30740.00,200.00,153.00
1997.00,11.00,695600.00,3.00,3.00,141266.00,125024.00,1374.00,90.00
1997.00,11.00,705600.00,1.00,1.00,50.00,46.00,0.00,
1997.00,11.00,705630.00,2.00,2.00,62716.00,52707.00,675.00,78.00
1997.00,11.00,715600.00,3.00,4.00,224761.00,193022.00,2936.00,65.00
1997.00,11.00,715630.00,7.00,9.00,426067.00,357820.00,6152.00,58.00
1997.00,11.00,715700.00,11.00,15.00,640493.00,546130.00,7407.00,73.00
1997.00,11.00,715730.00,3.00,3.00,44826.00,35479.00,652.00,54.00
1997.00,11.00,725630.00,8.00,11.00,473278.00,395537.00,6555.00,60.00
1997.00,11.00,725700.00,11.00,15.00,765678.00,643849.00,7509.00,85.00
1997.00,11.00,725730.00,8.00,8.00,184999.00,157423.00,2317.00,67.00
1997.00,11.00,725800.00,1.00,1.00,26179.00,22764.00,260.00,87.00
1997.00,11.00,735630.00,1.00,1.00,88726.00,74559.00,625.00,119.00
1997.00,11.00,735700.00,6.00,6.00,119757.00,95571.00,1407.00,67.00
1997.00,11.00,735730.00,12.00,13.00,437555.00,367128.00,4300.00,85.00
1997.00,11.00,735800.00,10.00,10.00,441653.00,369848.00,5492.00,67.00
1997.00,11.00,735830.00,4.00,5.00,167016.00,139968.00,1224.00,114.00
1997.00,11.00,745300.00,1.00,1.00,10448.00,8162.00,148.00,55.00
1997.00,11.00,745730.00,1.00,1.00,21325.00,18543.00,400.00,46.00
1997.00,11.00,745800.00,4.00,4.00,22434.00,19598.00,554.00,35.00
1997.00,11.00,745830.00,5.00,5.00,304292.00,264380.00,2240.00,118.00
1997.00,11.00,755830.00,1.00,1.00,118.00,90.00,134.00,0.00
1997.00,11.00,765830.00,1.00,1.00,59.00,46.00,67.00,0.00
1997.00,11.00,765900.00,1.00,1.00,22009.00,18341.00,280.00,65.00
1997.00,11.00,766000.00,1.00,1.00,3685.00,3046.00,35.00,87.00
1997.00,11.00,775930.00,1.00,1.00,59813.00,49432.00,323.00,153.00
1997.00,11.00,786030.00,1.00,1.00,146475.00,99642.00,960.00,103.00
1997.00,12.00,645530.00,2.00,2.00,140869.00,104036.00,824.00,126.00
1997.00,12.00,645630.00,1.00,1.00,48100.00,32721.00,388.00,84.00
1997.00,12.00,655500.00,1.00,1.00,11454.00,8811.00,131.00,67.00
1997.00,12.00,655530.00,3.00,3.00,100168.00,76516.00,1024.00,74.00
1997.00,12.00,655600.00,1.00,1.00,7527.00,6021.00,94.00,64.00
1997.00,12.00,665500.00,3.00,4.00,75441.00,55800.00,783.00,71.00
1997.00,12.00,665530.00,5.00,6.00,153000.00,125975.00,1254.00,100.00
1997.00,12.00,665600.00,2.00,2.00,47624.00,41055.00,168.00,244.00
1997.00,12.00,675500.00,1.00,1.00,55957.00,44766.00,600.00,74.00
1997.00,12.00,675530.00,4.00,7.00,380724.00,297241.00,3348.00,88.00
1997.00,12.00,675600.00,8.00,9.00,252836.00,229112.00,2780.00,82.00
1997.00,12.00,675630.00,1.00,1.00,9885.00,8595.00,300.00,28.00
1997.00,12.00,685530.00,2.00,2.00,2514.00,2400.00,153.00,15.00
1997.00,12.00,685600.00,5.00,5.00,225804.00,239514.00,1285.00,186.00
1997.00,12.00,685700.00,1.00,1.00,47724.00,42984.00,325.00,132.00
1997.00,12.00,695600.00,2.00,2.00,31326.00,26106.00,426.00,61.00
1997.00,12.00,705600.00,5.00,5.00,153098.00,131210.00,2037.00,64.00
1997.00,12.00,705630.00,1.00,1.00,352.00,275.00,25.00,11.00
1997.00,12.00,715630.00,6.00,7.00,155310.00,129507.00,1407.00,92.00
1997.00,12.00,715700.00,6.00,6.00,204351.00,171449.00,2498.00,68.00
1997.00,12.00,725530.00,1.00,1.00,72673.00,49437.00,700.00,70.00
1997.00,12.00,725630.00,4.00,4.00,50643.00,41393.00,600.00,68.00
1997.00,12.00,725700.00,2.00,2.00,83719.00,71777.00,1170.00,61.00
1997.00,12.00,725730.00,1.00,1.00,55825.00,51216.00,348.00,147.00
1997.00,12.00,735700.00,5.00,6.00,292328.00,246898.00,2835.00,87.00
1997.00,12.00,735730.00,3.00,3.00,53597.00,46060.00,865.00,53.00
1997.00,12.00,735800.00,1.00,1.00,54959.00,45799.00,511.00,89.00
1997.00,12.00,745800.00,1.00,1.00,65874.00,54892.00,530.00,103.00
1997.00,12.00,745830.00,3.00,4.00,436302.00,369537.00,3210.00,115.00
1997.00,12.00,755930.00,1.00,1.00,1905.00,1269.00,70.00,18.00
1997.00,12.00,765930.00,1.00,1.00,13045.00,8696.00,596.00,14.00
1997.00,12.00,766000.00,1.00,1.00,2380.00,1587.00,64.00,24.00
1997.00,12.00,775930.00,1.00,1.00,11312.00,7541.00,198.00,38.00
1997.00,12.00,776000.00,1.00,1.00,3361.00,2241.00,88.00,25.00
1997.00,12.00,776030.00,1.00,1.00,5618.00,3745.00,154.00,24.00
1997.00,12.00,785930.00,1.00,1.00,21.00,14.00,82.00,0.00
1997.00,12.00,786030.00,1.00,1.00,110930.00,73953.00,785.00,94.00
1997.00,13.00,655530.00,1.00,1.00,21119.00,16895.00,194.00,87.00
1997.00,13.00,665530.00,2.00,2.00,68558.00,56848.00,387.00,146.00
1997.00,13.00,665600.00,1.00,1.00,55083.00,39357.00,339.00,116.00
1997.00,13.00,675530.00,1.00,2.00,52769.00,44658.00,661.00,67.00
1997.00,13.00,725600.00,1.00,1.00,48819.00,39055.00,550.00,71.00
1997.00,13.00,725630.00,1.00,1.00,48819.00,39055.00,550.00,71.00
1997.00,13.00,725700.00,1.00,1.00,83696.00,77497.00,800.00,96.00
1998.00,3.00,655530.00,1.00,1.00,124626.00,95863.00,400.00,239.00
1998.00,3.00,665430.00,1.00,1.00,10439.00,7816.00,59.00,132.00
1998.00,3.00,665500.00,6.00,8.00,198493.00,146730.00,1163.00,126.00
1998.00,3.00,665530.00,6.00,6.00,325110.00,217643.00,995.00,218.00
1998.00,3.00,665600.00,1.00,1.00,13482.00,10136.00,116.00,87.00
1998.00,3.00,675500.00,5.00,7.00,624890.00,424695.00,1348.00,315.00
1998.00,3.00,675530.00,12.00,21.00,3453616.00,2469212.00,8158.00,302.00
1998.00,3.00,675600.00,11.00,14.00,1623276.00,1237250.00,3526.00,350.00
1998.00,3.00,675630.00,5.00,5.00,273712.00,203141.00,609.00,333.00
1998.00,3.00,685530.00,8.00,10.00,1333525.00,927162.00,2312.00,401.00
1998.00,3.00,685600.00,12.00,17.00,2064310.00,1578440.00,4266.00,370.00
1998.00,3.00,685630.00,6.00,8.00,913376.00,685568.00,1652.00,414.00
1998.00,3.00,685700.00,1.00,1.00,50202.00,40815.00,124.00,329.00
1998.00,3.00,695600.00,1.00,1.00,117789.00,92023.00,400.00,230.00
1998.00,3.00,695631.00,1.00,1.00,27196.00,20919.00,90.00,232.00
1998.00,3.00,705701.00,1.00,1.00,40970.00,32008.00,250.00,128.00
1998.00,3.00,715630.00,1.00,1.00,5282.00,4476.00,158.00,28.00
1998.00,3.00,715700.00,1.00,1.00,99548.00,82271.00,450.00,182.00
1998.00,3.00,725630.00,2.00,2.00,156294.00,123632.00,1154.00,107.00
1998.00,4.00,655430.00,1.00,1.00,66906.00,39357.00,167.00,235.00
1998.00,4.00,655500.00,1.00,1.00,78268.00,48017.00,150.00,320.00
1998.00,4.00,655530.00,2.00,2.00,68999.00,57794.00,180.00,321.00
1998.00,4.00,665401.00,1.00,1.00,66907.00,39357.00,167.00,235.00
1998.00,4.00,665430.00,1.00,1.00,66906.00,39357.00,167.00,235.00
1998.00,4.00,665500.00,5.00,6.00,606896.00,397772.00,1840.00,216.00
1998.00,4.00,665530.00,12.00,13.00,1238441.00,875800.00,3934.00,222.00
1998.00,4.00,665600.00,6.00,6.00,540020.00,420889.00,2033.00,207.00
1998.00,4.00,665630.00,2.00,1.00,213966.00,137835.00,938.00,146.00
1998.00,4.00,675500.00,14.00,17.00,2694069.00,1786257.00,6061.00,294.00
1998.00,4.00,675530.00,25.00,43.00,6784365.00,4852574.00,16306.00,297.00
1998.00,4.00,675600.00,19.00,40.00,5541828.00,4256970.00,14224.00,299.00
1998.00,4.00,675630.00,8.00,8.00,982206.00,727962.00,2461.00,295.00
1998.00,4.00,675700.00,1.00,1.00,155422.00,110229.00,400.00,275.00
1998.00,4.00,685500.00,4.00,4.00,281322.00,201894.00,455.00,443.00
1998.00,4.00,685530.00,17.00,28.00,4470414.00,3187276.00,9791.00,325.00
1998.00,4.00,685600.00,22.00,39.00,6712087.00,5289731.00,15149.00,349.00
1998.00,4.00,685630.00,16.00,25.00,3962243.00,3161783.00,8042.00,393.00
1998.00,4.00,685700.00,1.00,1.00,196713.00,147905.00,429.00,344.00
1998.00,4.00,695600.00,3.00,3.00,505724.00,392583.00,889.00,441.00
1998.00,4.00,695631.00,4.00,4.00,201509.00,150372.00,443.00,339.00
1998.00,4.00,695632.00,1.00,1.00,8092.00,5658.00,12.00,471.00
1998.00,4.00,705600.00,1.00,1.00,238551.00,187835.00,405.00,463.00
1998.00,4.00,705630.00,2.00,2.00,19790.00,15829.00,193.00,82.00
1998.00,4.00,705701.00,1.00,1.00,192872.00,149918.00,650.00,230.00
1998.00,4.00,715600.00,3.00,3.00,102959.00,83537.00,481.00,173.00
1998.00,4.00,715630.00,5.00,10.00,1147280.00,927781.00,3191.00,290.00
1998.00,4.00,715700.00,2.00,4.00,610109.00,496286.00,2446.00,202.00
1998.00,4.00,715730.00,1.00,1.00,144845.00,108906.00,605.00,180.00
1998.00,4.00,725630.00,6.00,7.00,989824.00,799530.00,2698.00,296.00
1998.00,4.00,725700.00,3.00,3.00,694759.00,541717.00,1536.00,352.00
1998.00,4.00,725730.00,1.00,1.00,244859.00,208040.00,640.00,325.00
1998.00,4.00,735600.00,1.00,1.00,38769.00,32307.00,300.00,107.00
1998.00,4.00,735700.00,1.00,1.00,100638.00,83172.00,230.00,361.00
1998.00,5.00,655500.00,1.00,2.00,368172.00,228294.00,800.00,285.00
1998.00,5.00,655530.00,1.00,1.00,15901.00,11955.00,40.00,298.00
1998.00,5.00,665500.00,1.00,1.00,4139.00,2956.00,30.00,98.00
1998.00,5.00,665530.00,6.00,6.00,910416.00,594926.00,2076.00,286.00
1998.00,5.00,665600.00,4.00,4.00,382759.00,298964.00,905.00,330.00
1998.00,5.00,665630.00,2.00,2.00,246560.00,170159.00,1110.00,153.00
1998.00,5.00,675500.00,13.00,15.00,2121594.00,1413646.00,5965.00,236.00
1998.00,5.00,675530.00,19.00,26.00,2964900.00,2162360.00,9486.00,227.00
1998.00,5.00,675600.00,22.00,35.00,4797908.00,3676934.00,13831.00,265.00
1998.00,5.00,675630.00,8.00,8.00,1061199.00,809634.00,3231.00,250.00
1998.00,5.00,675700.00,2.00,2.00,130201.00,106050.00,305.00,347.00
1998.00,5.00,685500.00,3.00,3.00,287231.00,203928.00,484.00,421.00
1998.00,5.00,685530.00,18.00,24.00,4279416.00,3020324.00,10531.00,286.00
1998.00,5.00,685600.00,18.00,32.00,5254752.00,4107640.00,13486.00,304.00
1998.00,5.00,685630.00,10.00,16.00,2336210.00,1875894.00,5670.00,330.00
1998.00,5.00,685700.00,1.00,1.00,196544.00,153551.00,633.00,242.00
1998.00,5.00,695631.00,2.00,2.00,316331.00,261330.00,854.00,306.00
1998.00,5.00,705600.00,1.00,1.00,245837.00,195109.00,380.00,513.00
1998.00,5.00,705701.00,1.00,1.00,111902.00,87424.00,456.00,191.00
1998.00,5.00,715600.00,1.00,1.00,571.00,402.00,34.00,11.00
1998.00,5.00,715630.00,3.00,4.00,171454.00,143893.00,768.00,187.00
1998.00,5.00,715700.00,2.00,2.00,119086.00,106203.00,275.00,386.00
1998.00,5.00,725630.00,2.00,3.00,416984.00,345213.00,1580.00,218.00
1998.00,5.00,725700.00,5.00,5.00,559687.00,455744.00,1926.00,236.00
1998.00,5.00,735630.00,1.00,1.00,182306.00,145845.00,550.00,265.00
1998.00,5.00,735700.00,1.00,1.00,110996.00,91732.00,300.00,305.00
1998.00,5.00,735730.00,1.00,1.00,147995.00,122310.00,400.00,305.00
1998.00,6.00,645530.00,1.00,1.00,105526.00,65952.00,200.00,329.00
1998.00,6.00,655500.00,2.00,3.00,358954.00,219436.00,670.00,327.00
1998.00,6.00,655530.00,1.00,1.00,169041.00,112694.00,527.00,213.00
1998.00,6.00,665500.00,7.00,9.00,1037902.00,662592.00,4325.00,153.00
1998.00,6.00,665530.00,3.00,4.00,548312.00,379239.00,1840.00,206.00
1998.00,6.00,665600.00,1.00,1.00,84304.00,67987.00,500.00,135.00
1998.00,6.00,665630.00,2.00,1.00,64950.00,52834.00,200.00,264.00
1998.00,6.00,675400.00,1.00,1.00,175200.00,147228.00,804.00,183.00
1998.00,6.00,675500.00,12.00,14.00,1824725.00,1185454.00,6675.00,177.00
1998.00,6.00,675530.00,15.00,20.00,2030643.00,1399090.00,7390.00,189.00
1998.00,6.00,675600.00,20.00,31.00,3416313.00,2634257.00,12201.00,215.00
1998.00,6.00,675630.00,6.00,6.00,888449.00,698512.00,2528.00,276.00
1998.00,6.00,685500.00,5.00,5.00,77857.00,50966.00,499.00,102.00
1998.00,6.00,685530.00,18.00,25.00,3245337.00,2334904.00,10837.00,215.00
1998.00,6.00,685600.00,25.00,42.00,6384968.00,5086544.00,19841.00,256.00
1998.00,6.00,685630.00,15.00,26.00,3094552.00,2456767.00,8602.00,285.00
1998.00,6.00,695600.00,5.00,6.00,987029.00,742806.00,2403.00,309.00
1998.00,6.00,695631.00,4.00,4.00,260075.00,211231.00,578.00,365.00
1998.00,6.00,705600.00,1.00,1.00,234404.00,181709.00,450.00,403.00
1998.00,6.00,705701.00,2.00,1.00,66412.00,51331.00,179.00,286.00
1998.00,6.00,715600.00,1.00,2.00,199658.00,169068.00,743.00,227.00
1998.00,6.00,715630.00,4.00,7.00,758537.00,620802.00,2691.00,230.00
1998.00,6.00,715700.00,1.00,3.00,506697.00,423691.00,1770.00,239.00
1998.00,6.00,725630.00,4.00,5.00,588591.00,482819.00,1958.00,246.00
1998.00,6.00,725700.00,6.00,6.00,546990.00,456436.00,1627.00,280.00
1998.00,6.00,725730.00,1.00,1.00,127357.00,112705.00,350.00,322.00
1998.00,6.00,735630.00,1.00,1.00,124585.00,98877.00,243.00,406.00
1998.00,6.00,735700.00,1.00,1.00,119048.00,96006.00,400.00,240.00
1998.00,7.00,655500.00,4.00,8.00,1108683.00,704859.00,3031.00,232.00
1998.00,7.00,655530.00,2.00,2.00,374957.00,228056.00,1836.00,124.00
1998.00,7.00,665500.00,5.00,5.00,469433.00,289365.00,1933.00,149.00
1998.00,7.00,665530.00,9.00,11.00,1581159.00,1055578.00,5798.00,182.00
1998.00,7.00,665600.00,4.00,5.00,109988.00,79105.00,1536.00,51.00
1998.00,7.00,675430.00,1.00,1.00,221180.00,141782.00,320.00,443.00
1998.00,7.00,675500.00,10.00,13.00,1545666.00,1010017.00,6029.00,167.00
1998.00,7.00,675530.00,13.00,20.00,1897681.00,1325580.00,7342.00,180.00
1998.00,7.00,675600.00,15.00,23.00,2360019.00,1775896.00,9317.00,190.00
1998.00,7.00,675630.00,4.00,5.00,701982.00,545659.00,2907.00,187.00
1998.00,7.00,685500.00,3.00,3.00,244079.00,166171.00,751.00,221.00
1998.00,7.00,685530.00,10.00,11.00,891447.00,647818.00,3511.00,184.00
1998.00,7.00,685600.00,22.00,43.00,5380626.00,4312126.00,18381.00,234.00
1998.00,7.00,685630.00,19.00,29.00,3684839.00,2878660.00,10520.00,273.00
1998.00,7.00,685700.00,1.00,1.00,164010.00,124250.00,455.00,273.00
1998.00,7.00,695600.00,12.00,15.00,1830440.00,1522887.00,5819.00,261.00
1998.00,7.00,695631.00,11.00,15.00,1777507.00,1442429.00,4350.00,331.00
1998.00,7.00,695700.00,1.00,1.00,89608.00,74643.00,267.00,279.00
1998.00,7.00,705600.00,5.00,5.00,519265.00,385368.00,2609.00,147.00
1998.00,7.00,705701.00,1.00,1.00,110645.00,83192.00,327.00,254.00
1998.00,7.00,715600.00,1.00,1.00,108916.00,92302.00,503.00,183.00
1998.00,7.00,715630.00,4.00,5.00,569371.00,449866.00,2445.00,183.00
1998.00,7.00,715700.00,2.00,4.00,732236.00,616359.00,2685.00,229.00
1998.00,7.00,725600.00,3.00,3.00,157781.00,110965.00,825.00,134.00
1998.00,7.00,725630.00,5.00,5.00,351822.00,277766.00,1210.00,229.00
1998.00,7.00,725700.00,6.00,11.00,1001726.00,810682.00,2724.00,297.00
1998.00,7.00,725730.00,2.00,2.00,337039.00,237032.00,1415.00,167.00
1998.00,7.00,735630.00,3.00,3.00,154720.00,117247.00,607.00,193.00
1998.00,7.00,735700.00,3.00,4.00,326896.00,256186.00,1386.00,184.00
1998.00,7.00,735730.00,1.00,1.00,282062.00,215315.00,720.00,299.00
1998.00,8.00,655500.00,4.00,4.00,548424.00,343011.00,2660.00,128.00
1998.00,8.00,655530.00,5.00,7.00,1012841.00,680316.00,4343.00,156.00
1998.00,8.00,665500.00,5.00,5.00,318162.00,198845.00,1993.00,99.00
1998.00,8.00,665530.00,11.00,14.00,1444920.00,1121496.00,4961.00,226.00
1998.00,8.00,665600.00,2.00,2.00,107134.00,70093.00,625.00,112.00
1998.00,8.00,675500.00,5.00,6.00,783731.00,500494.00,2752.00,181.00
1998.00,8.00,675530.00,11.00,14.00,1639538.00,1169119.00,6098.00,191.00
1998.00,8.00,675600.00,12.00,20.00,2439705.00,1727283.00,10705.00,161.00
1998.00,8.00,675630.00,3.00,3.00,71426.00,54054.00,577.00,93.00
1998.00,8.00,685500.00,2.00,2.00,34990.00,23333.00,103.00,226.00
1998.00,8.00,685530.00,7.00,7.00,323755.00,239831.00,1575.00,152.00
1998.00,8.00,685600.00,23.00,47.00,4194447.00,3368815.00,17577.00,191.00
1998.00,8.00,685630.00,18.00,29.00,3068033.00,2434705.00,12760.00,190.00
1998.00,8.00,685700.00,2.00,2.00,164030.00,131686.00,1038.00,126.00
1998.00,8.00,695600.00,15.00,19.00,898879.00,728243.00,4442.00,163.00
1998.00,8.00,695631.00,11.00,18.00,1955685.00,1558775.00,7130.00,218.00
1998.00,8.00,695632.00,2.00,3.00,96549.00,74539.00,362.00,205.00
1998.00,8.00,695730.00,1.00,1.00,82685.00,65623.00,340.00,193.00
1998.00,8.00,705600.00,6.00,7.00,378351.00,314191.00,2064.00,152.00
1998.00,8.00,705630.00,2.00,3.00,200384.00,162587.00,752.00,216.00
1998.00,8.00,705701.00,2.00,2.00,162572.00,132474.00,478.00,277.00
1998.00,8.00,715600.00,3.00,3.00,305282.00,253228.00,1421.00,178.00
1998.00,8.00,715630.00,8.00,13.00,927447.00,747402.00,5327.00,140.00
1998.00,8.00,715700.00,2.00,2.00,120422.00,102745.00,830.00,123.00
1998.00,8.00,725630.00,5.00,5.00,529208.00,416258.00,2705.00,153.00
1998.00,8.00,725700.00,7.00,12.00,1244493.00,987958.00,4371.00,226.00
1998.00,8.00,725730.00,2.00,2.00,67667.00,55299.00,184.00,300.00
1998.00,8.00,735530.00,1.00,1.00,352.00,291.00,18.00,16.00
1998.00,8.00,735700.00,4.00,4.00,201691.00,163514.00,1161.00,140.00
1998.00,8.00,735730.00,5.00,5.00,368240.00,290572.00,1264.00,229.00
1998.00,8.00,735800.00,1.00,1.00,126868.00,102313.00,716.00,142.00
1998.00,8.00,755700.00,1.00,1.00,103537.00,84866.00,250.00,339.00
1998.00,8.00,765830.00,1.00,1.00,68.00,56.00,28.00,2.00
1998.00,9.00,645501.00,3.00,3.00,278084.00,176891.00,1442.00,122.00
1998.00,9.00,645530.00,1.00,1.00,3491.00,2142.00,73.00,29.00
1998.00,9.00,655430.00,1.00,1.00,10.00,6.00,1.00,6.00
1998.00,9.00,655500.00,5.00,7.00,402599.00,250573.00,2527.00,99.00
1998.00,9.00,655530.00,8.00,8.00,365517.00,242348.00,2535.00,95.00
1998.00,9.00,655600.00,3.00,3.00,12624.00,8649.00,187.00,46.00
1998.00,9.00,665430.00,1.00,1.00,419.00,249.00,9.00,27.00
1998.00,9.00,665500.00,6.00,7.00,302237.00,206952.00,2348.00,88.00
1998.00,9.00,665530.00,11.00,13.00,1012238.00,707950.00,4828.00,146.00
1998.00,9.00,665600.00,5.00,7.00,395077.00,261091.00,2461.00,106.00
1998.00,9.00,675500.00,8.00,9.00,892943.00,606542.00,3625.00,167.00
1998.00,9.00,675530.00,14.00,22.00,1932459.00,1451624.00,9753.00,148.00
1998.00,9.00,675600.00,5.00,10.00,822210.00,595707.00,4447.00,133.00
1998.00,9.00,675630.00,6.00,7.00,830765.00,643559.00,3132.00,205.00
1998.00,9.00,685530.00,4.00,4.00,523269.00,310997.00,1495.00,208.00
1998.00,9.00,685600.00,12.00,22.00,2433064.00,1971103.00,11463.00,171.00
1998.00,9.00,685630.00,15.00,38.00,3410976.00,2707998.00,17375.00,155.00
1998.00,9.00,685700.00,6.00,8.00,785102.00,638212.00,3641.00,175.00
1998.00,9.00,685730.00,1.00,1.00,2798.00,2104.00,26.00,80.00
1998.00,9.00,695600.00,4.00,4.00,88575.00,71088.00,317.00,224.00
1998.00,9.00,695631.00,13.00,17.00,1765189.00,1404065.00,7747.00,181.00
1998.00,9.00,695700.00,9.00,9.00,421853.00,319776.00,3542.00,90.00
1998.00,9.00,705600.00,4.00,4.00,321920.00,244909.00,2017.00,121.00
1998.00,9.00,705630.00,3.00,3.00,37006.00,30935.00,462.00,66.00
1998.00,9.00,705701.00,1.00,1.00,181042.00,145601.00,554.00,262.00
1998.00,9.00,715630.00,7.00,12.00,1145484.00,957843.00,4805.00,199.00
1998.00,9.00,715700.00,4.00,5.00,539612.00,463543.00,2495.00,185.00
1998.00,9.00,715730.00,1.00,1.00,134188.00,111823.00,534.00,209.00
1998.00,9.00,725600.00,1.00,1.00,152249.00,127940.00,440.00,290.00
1998.00,9.00,725630.00,2.00,4.00,159936.00,133523.00,742.00,179.00
1998.00,9.00,725700.00,12.00,17.00,1794091.00,1489720.00,6551.00,227.00
1998.00,9.00,725730.00,3.00,4.00,431674.00,356882.00,954.00,374.00
1998.00,9.00,735700.00,2.00,2.00,42404.00,35297.00,247.00,142.00
1998.00,9.00,735730.00,5.00,6.00,620375.00,504057.00,1589.00,317.00
1998.00,9.00,745830.00,1.00,1.00,153334.00,133333.00,330.00,404.00
1998.00,10.00,645501.00,1.00,1.00,83350.00,52095.00,240.00,217.00
1998.00,10.00,645530.00,3.00,3.00,319814.00,199828.00,1202.00,166.00
1998.00,10.00,655500.00,4.00,5.00,586275.00,387770.00,2965.00,130.00
1998.00,10.00,655530.00,8.00,7.00,448316.00,284093.00,2141.00,132.00
1998.00,10.00,655600.00,2.00,2.00,10357.00,6465.00,173.00,37.00
1998.00,10.00,665500.00,4.00,3.00,165120.00,118900.00,1853.00,64.00
1998.00,10.00,665530.00,4.00,5.00,375860.00,255788.00,1606.00,159.00
1998.00,10.00,665600.00,7.00,9.00,621218.00,431097.00,4067.00,105.00
1998.00,10.00,665630.00,2.00,2.00,2079.00,1437.00,86.00,16.00
1998.00,10.00,675500.00,6.00,7.00,709339.00,513111.00,3130.00,163.00
1998.00,10.00,675530.00,7.00,9.00,1104746.00,771308.00,4707.00,163.00
1998.00,10.00,675600.00,11.00,14.00,1153694.00,894102.00,6884.00,129.00
1998.00,10.00,675630.00,10.00,11.00,797345.00,573068.00,4919.00,116.00
1998.00,10.00,675700.00,1.00,1.00,24377.00,19044.00,180.00,105.00
1998.00,10.00,675730.00,1.00,1.00,48970.00,40472.00,207.00,195.00
1998.00,10.00,685500.00,2.00,2.00,15498.00,11785.00,41.00,287.00
1998.00,10.00,685530.00,4.00,4.00,339793.00,201362.00,1034.00,194.00
1998.00,10.00,685600.00,11.00,14.00,1212970.00,1010727.00,7125.00,141.00
1998.00,10.00,685630.00,23.00,37.00,3234367.00,2541884.00,17869.00,142.00
1998.00,10.00,685700.00,9.00,11.00,714553.00,548124.00,3721.00,147.00
1998.00,10.00,685730.00,1.00,1.00,97345.00,67135.00,560.00,119.00
1998.00,10.00,695600.00,1.00,1.00,65761.00,52191.00,300.00,173.00
1998.00,10.00,695631.00,10.00,12.00,925575.00,750659.00,4718.00,159.00
1998.00,10.00,695632.00,1.00,1.00,53717.00,43672.00,356.00,122.00
1998.00,10.00,695700.00,7.00,12.00,855256.00,689630.00,4632.00,148.00
1998.00,10.00,705600.00,2.00,2.00,139495.00,117182.00,1097.00,106.00
1998.00,10.00,705630.00,3.00,3.00,477256.00,398022.00,1142.00,348.00
1998.00,10.00,705701.00,4.00,4.00,417865.00,349729.00,1315.00,265.00
1998.00,10.00,705702.00,1.00,1.00,286188.00,251042.00,1000.00,251.00
1998.00,10.00,705730.00,4.00,5.00,38735.00,33484.00,207.00,161.00
1998.00,10.00,705800.00,1.00,1.00,220104.00,180789.00,545.00,331.00
1998.00,10.00,715600.00,2.00,2.00,83752.00,72072.00,658.00,109.00
1998.00,10.00,715630.00,7.00,7.00,527848.00,431596.00,2094.00,206.00
1998.00,10.00,715700.00,18.00,27.00,2903027.00,2423826.00,11830.00,204.00
1998.00,10.00,715730.00,7.00,7.00,630863.00,566329.00,2156.00,262.00
1998.00,10.00,725630.00,3.00,4.00,245179.00,212920.00,955.00,222.00
1998.00,10.00,725700.00,12.00,13.00,1853750.00,1511479.00,5755.00,262.00
1998.00,10.00,725730.00,10.00,13.00,1548595.00,1318126.00,4447.00,296.00
1998.00,10.00,725800.00,2.00,2.00,134541.00,110075.00,465.00,236.00
1998.00,10.00,735700.00,4.00,4.00,516825.00,430225.00,1495.00,287.00
1998.00,10.00,735730.00,6.00,6.00,825637.00,713505.00,3037.00,234.00
1998.00,10.00,735800.00,3.00,3.00,259584.00,204869.00,693.00,295.00
1998.00,10.00,735830.00,2.00,2.00,257862.00,198438.00,724.00,274.00
1998.00,10.00,745800.00,1.00,1.00,145995.00,124782.00,545.00,228.00
1998.00,10.00,755830.00,1.00,1.00,13465.00,10201.00,315.00,32.00
1998.00,11.00,645501.00,2.00,3.00,295011.00,182835.00,1133.00,161.00
1998.00,11.00,645530.00,3.00,3.00,357696.00,235519.00,1628.00,144.00
1998.00,11.00,645600.00,1.00,1.00,254867.00,159292.00,1350.00,117.00
1998.00,11.00,645630.00,1.00,1.00,133.00,112.00,49.00,2.00
1998.00,11.00,655500.00,4.00,6.00,332306.00,206299.00,2432.00,84.00
1998.00,11.00,655530.00,6.00,7.00,588677.00,485249.00,3147.00,154.00
1998.00,11.00,655600.00,3.00,3.00,232680.00,177063.00,1465.00,120.00
1998.00,11.00,665500.00,2.00,2.00,123437.00,103747.00,630.00,164.00
1998.00,11.00,665530.00,6.00,6.00,376890.00,281685.00,2222.00,126.00
1998.00,11.00,665600.00,6.00,7.00,407333.00,275531.00,2888.00,95.00
1998.00,11.00,675500.00,3.00,5.00,349222.00,244034.00,2125.00,114.00
1998.00,11.00,675530.00,3.00,4.00,310341.00,221121.00,1789.00,123.00
1998.00,11.00,675600.00,8.00,9.00,919384.00,700072.00,5658.00,123.00
1998.00,11.00,675630.00,7.00,9.00,559945.00,458995.00,4109.00,111.00
1998.00,11.00,675700.00,1.00,1.00,4241.00,3594.00,24.00,149.00
1998.00,11.00,685500.00,1.00,1.00,107455.00,82026.00,660.00,124.00
1998.00,11.00,685530.00,1.00,1.00,159861.00,102475.00,483.00,212.00
1998.00,11.00,685600.00,10.00,14.00,1257638.00,1047134.00,8609.00,121.00
1998.00,11.00,685630.00,10.00,12.00,853064.00,725862.00,4556.00,159.00
1998.00,11.00,685700.00,4.00,4.00,148263.00,103124.00,1245.00,82.00
1998.00,11.00,695600.00,1.00,1.00,2816.00,2387.00,40.00,59.00
1998.00,11.00,695631.00,9.00,11.00,1000324.00,831483.00,5448.00,152.00
1998.00,11.00,695700.00,7.00,9.00,712564.00,585428.00,4966.00,117.00
1998.00,11.00,705600.00,1.00,1.00,104297.00,84785.00,700.00,121.00
1998.00,11.00,705630.00,1.00,1.00,102705.00,79616.00,781.00,101.00
1998.00,11.00,705701.00,7.00,6.00,872325.00,726698.00,3965.00,183.00
1998.00,11.00,715630.00,4.00,4.00,655911.00,528473.00,2850.00,185.00
1998.00,11.00,715700.00,17.00,27.00,2479466.00,2098314.00,12340.00,170.00
1998.00,11.00,715730.00,10.00,13.00,1036333.00,918995.00,4905.00,187.00
1998.00,11.00,715800.00,1.00,1.00,2681.00,2373.00,17.00,139.00
1998.00,11.00,725630.00,1.00,1.00,71141.00,60289.00,155.00,388.00
1998.00,11.00,725700.00,15.00,16.00,1671638.00,1398082.00,7035.00,198.00
1998.00,11.00,725730.00,13.00,20.00,1595985.00,1397599.00,7187.00,194.00
1998.00,11.00,725800.00,3.00,3.00,72999.00,62345.00,422.00,147.00
1998.00,11.00,725830.00,1.00,1.00,84267.00,76614.00,225.00,340.00
1998.00,11.00,735700.00,4.00,5.00,407418.00,335166.00,1601.00,209.00
1998.00,11.00,735730.00,6.00,5.00,534652.00,438198.00,1850.00,236.00
1998.00,11.00,735800.00,4.00,7.00,1450740.00,1142845.00,4033.00,283.00
1998.00,11.00,735830.00,4.00,4.00,540359.00,446735.00,1697.00,263.00
1998.00,11.00,735900.00,1.00,1.00,2121.00,1724.00,16.00,107.00
1998.00,11.00,745830.00,4.00,4.00,456611.00,357967.00,1788.00,200.00
1998.00,11.00,745900.00,1.00,1.00,16812.00,13668.00,233.00,58.00
1998.00,11.00,755830.00,1.00,1.00,8067.00,6559.00,69.00,95.00
1998.00,11.00,755900.00,1.00,1.00,10840.00,8813.00,100.00,88.00
1998.00,12.00,645501.00,2.00,2.00,134953.00,91007.00,594.00,153.00
1998.00,12.00,645530.00,4.00,4.00,386270.00,286495.00,1744.00,164.00
1998.00,12.00,655500.00,2.00,2.00,25530.00,15659.00,153.00,102.00
1998.00,12.00,655530.00,4.00,4.00,336684.00,226871.00,1436.00,157.00
1998.00,12.00,655600.00,2.00,2.00,115514.00,82504.00,637.00,129.00
1998.00,12.00,665500.00,1.00,1.00,16393.00,11688.00,312.00,37.00
1998.00,12.00,665530.00,3.00,3.00,376541.00,232115.00,1830.00,126.00
1998.00,12.00,665600.00,3.00,4.00,378423.00,301868.00,1966.00,153.00
1998.00,12.00,665630.00,2.00,2.00,85645.00,73482.00,690.00,106.00
1998.00,12.00,675500.00,1.00,2.00,194639.00,126696.00,916.00,138.00
1998.00,12.00,675530.00,7.00,7.00,646668.00,445596.00,3488.00,127.00
1998.00,12.00,675600.00,5.00,5.00,313366.00,239903.00,1916.00,125.00
1998.00,12.00,675630.00,3.00,3.00,79348.00,68603.00,535.00,128.00
1998.00,12.00,675700.00,1.00,1.00,67589.00,52395.00,375.00,139.00
1998.00,12.00,685500.00,1.00,1.00,1890.00,1286.00,9.00,142.00
1998.00,12.00,685530.00,1.00,1.00,108840.00,74040.00,416.00,177.00
1998.00,12.00,685600.00,7.00,9.00,526249.00,441536.00,3566.00,123.00
1998.00,12.00,685630.00,6.00,8.00,410877.00,352247.00,2776.00,126.00
1998.00,12.00,685700.00,1.00,1.00,22370.00,17754.00,320.00,55.00
1998.00,12.00,695631.00,4.00,4.00,185077.00,159186.00,1271.00,125.00
1998.00,12.00,695700.00,6.00,7.00,292339.00,228443.00,2161.00,105.00
1998.00,12.00,705701.00,5.00,8.00,638771.00,543252.00,2886.00,188.00
1998.00,12.00,715600.00,1.00,1.00,29435.00,25158.00,171.00,147.00
1998.00,12.00,715630.00,6.00,8.00,472802.00,394756.00,2299.00,171.00
1998.00,12.00,715700.00,17.00,21.00,1679537.00,1420481.00,8623.00,164.00
1998.00,12.00,715730.00,9.00,10.00,309191.00,272608.00,1863.00,146.00
1998.00,12.00,715800.00,1.00,1.00,81600.00,68000.00,270.00,251.00
1998.00,12.00,725630.00,2.00,2.00,5030.00,4577.00,59.00,77.00
1998.00,12.00,725700.00,8.00,11.00,723527.00,605179.00,3088.00,195.00
1998.00,12.00,725730.00,6.00,10.00,1117695.00,1004560.00,4457.00,225.00
1998.00,12.00,725800.00,1.00,1.00,35092.00,29488.00,122.00,241.00
1998.00,12.00,735700.00,3.00,3.00,158026.00,132694.00,378.00,351.00
1998.00,12.00,735730.00,4.00,4.00,79059.00,67607.00,226.00,299.00
1998.00,12.00,735800.00,5.00,5.00,729822.00,590307.00,2004.00,294.00
1998.00,12.00,735830.00,4.00,4.00,208973.00,168386.00,594.00,283.00
1998.00,12.00,745800.00,2.00,2.00,43507.00,35527.00,184.00,193.00
1998.00,12.00,745830.00,3.00,3.00,208560.00,168306.00,948.00,177.00
1998.00,13.00,665600.00,1.00,1.00,92202.00,61468.00,183.00,335.00
1998.00,13.00,675600.00,1.00,1.00,89198.00,79641.00,800.00,99.00
1998.00,13.00,685600.00,1.00,1.00,96400.00,83103.00,540.00,153.00
1998.00,13.00,685630.00,1.00,2.00,233140.00,175708.00,1600.00,109.00
1998.00,13.00,695631.00,1.00,1.00,49984.00,43091.00,280.00,153.00
1998.00,13.00,705701.00,1.00,1.00,85184.00,74073.00,595.00,124.00
1998.00,13.00,715630.00,2.00,2.00,81987.00,72555.00,372.00,195.00
1998.00,13.00,715700.00,4.00,6.00,581842.00,465312.00,3329.00,139.00
1998.00,13.00,715730.00,1.00,1.00,74895.00,45948.00,242.00,189.00
1998.00,13.00,725630.00,3.00,3.00,284143.00,254365.00,1195.00,212.00
1998.00,13.00,725700.00,2.00,2.00,268870.00,210672.00,852.00,247.00
1998.00,13.00,725730.00,1.00,1.00,69875.00,59722.00,208.00,287.00
1998.00,13.00,735800.00,1.00,1.00,292292.00,196170.00,1000.00,196.00
1998.00,13.00,735830.00,1.00,1.00,348412.00,283262.00,1081.00,262.00
1998.00,14.00,645530.00,1.00,1.00,10177.00,6131.00,35.00,175.00
1998.00,14.00,655530.00,2.00,2.00,61775.00,37657.00,310.00,121.00
1998.00,14.00,665530.00,1.00,1.00,7094.00,4274.00,59.00,72.00
1998.00,14.00,685500.00,1.00,1.00,301.00,248.00,15.00,16.00
1998.00,14.00,715700.00,1.00,1.00,11692.00,9744.00,65.00,149.00
1998.00,14.00,725700.00,1.00,1.00,27744.00,23120.00,164.00,140.00
1998.00,14.00,725730.00,1.00,1.00,17336.00,14447.00,94.00,153.00
1998.00,14.00,725800.00,1.00,1.00,46920.00,39100.00,159.00,245.00
1998.00,14.00,735800.00,2.00,3.00,225266.00,186164.00,853.00,218.00
1998.00,14.00,735830.00,3.00,3.00,395333.00,299532.00,1440.00,208.00
1998.00,14.00,745800.00,1.00,1.00,44062.00,36416.00,155.00,234.00
1998.00,14.00,745830.00,1.00,1.00,2257.00,1865.00,6.00,310.00
1998.00,15.00,645530.00,1.00,1.00,62838.00,39031.00,248.00,157.00
1998.00,15.00,655530.00,1.00,1.00,12205.00,7580.00,48.00,157.00
1998.00,15.00,665600.00,2.00,2.00,9556.00,6145.00,85.00,72.00
1998.00,15.00,665630.00,1.00,1.00,574.00,438.00,20.00,21.00
1998.00,15.00,675600.00,1.00,3.00,114816.00,83101.00,578.00,143.00
1998.00,15.00,675630.00,1.00,1.00,5457.00,4624.00,17.00,272.00
1998.00,15.00,685600.00,1.00,3.00,120202.00,91714.00,494.00,185.00
1998.00,15.00,685630.00,1.00,3.00,33326.00,22954.00,206.00,111.00
1998.00,15.00,695600.00,1.00,1.00,11472.00,8758.00,474.00,18.00
1998.00,15.00,695631.00,1.00,1.00,72.00,58.00,8.00,7.00
1998.00,15.00,715700.00,1.00,1.00,13158.00,11748.00,66.00,178.00
1998.00,15.00,715730.00,1.00,1.00,190468.00,170061.00,930.00,182.00
1998.00,15.00,725730.00,1.00,2.00,43308.00,35155.00,151.00,232.00
1998.00,15.00,725800.00,2.00,2.00,123752.00,101024.00,393.00,257.00
1998.00,15.00,735800.00,1.00,1.00,128126.00,103873.00,422.00,246.00
1998.00,16.00,645530.00,1.00,2.00,53735.00,34878.00,284.00,122.00
1998.00,16.00,655530.00,1.00,3.00,63263.00,41145.00,452.00,91.00
1998.00,16.00,665600.00,1.00,1.00,5172.00,3337.00,109.00,30.00
1998.00,16.00,675600.00,1.00,2.00,49314.00,36719.00,214.00,171.00
1998.00,16.00,675630.00,1.00,2.00,4932.00,3249.00,36.00,90.00
1998.00,16.00,685600.00,1.00,3.00,131842.00,99871.00,664.00,150.00
1998.00,16.00,685630.00,1.00,1.00,1430.00,1117.00,4.00,279.00
1998.00,16.00,695631.00,1.00,1.00,671.00,524.00,6.00,87.00
1998.00,16.00,705600.00,1.00,1.00,3913.00,3287.00,25.00,131.00
1998.00,16.00,705701.00,2.00,1.00,184178.00,150562.00,722.00,208.00
1998.00,16.00,715700.00,3.00,2.00,113511.00,91096.00,438.00,207.00
1998.00,16.00,715800.00,1.00,1.00,3841.00,3227.00,91.00,35.00
1998.00,16.00,725700.00,1.00,2.00,10630.00,8252.00,60.00,137.00
1998.00,16.00,725730.00,3.00,4.00,421891.00,338242.00,1770.00,191.00
1998.00,16.00,725800.00,2.00,6.00,409207.00,334906.00,1440.00,232.00
1998.00,16.00,735730.00,2.00,2.00,59443.00,48095.00,205.00,234.00
1998.00,16.00,735800.00,3.00,7.00,115634.00,92702.00,469.00,197.00
1998.00,16.00,735830.00,1.00,1.00,7663.00,6082.00,25.00,243.00
1998.00,16.00,745800.00,1.00,1.00,4943.00,3924.00,38.00,103.00
1998.00,17.00,645530.00,1.00,3.00,207257.00,131548.00,776.00,169.00
1998.00,17.00,655530.00,1.00,3.00,91832.00,59588.00,401.00,148.00
1998.00,17.00,655600.00,1.00,1.00,4889.00,2964.00,90.00,32.00
1998.00,17.00,665600.00,1.00,1.00,8178.00,6490.00,42.00,154.00
1998.00,17.00,675600.00,2.00,4.00,46203.00,36147.00,221.00,163.00
1998.00,17.00,675630.00,2.00,2.00,25272.00,19683.00,97.00,202.00
1998.00,17.00,685600.00,2.00,4.00,242142.00,189110.00,1079.00,175.00
1998.00,17.00,685630.00,1.00,1.00,17032.00,13518.00,89.00,151.00
1998.00,17.00,715700.00,1.00,1.00,158870.00,135786.00,969.00,140.00
1998.00,17.00,715730.00,1.00,1.00,24105.00,20603.00,120.00,171.00
1998.00,17.00,715800.00,1.00,1.00,1133.00,885.00,22.00,40.00
1998.00,17.00,725730.00,2.00,2.00,119921.00,94265.00,487.00,193.00
1998.00,17.00,725800.00,3.00,4.00,336000.00,264406.00,1683.00,157.00
1998.00,17.00,735730.00,1.00,1.00,22111.00,17274.00,60.00,287.00
1998.00,17.00,735800.00,1.00,1.00,58175.00,41852.00,300.00,139.00
1998.00,17.00,735830.00,1.00,1.00,204154.00,146873.00,744.00,197.00
1998.00,18.00,645530.00,1.00,1.00,77047.00,50800.00,269.00,188.00
1998.00,18.00,655530.00,1.00,1.00,19345.00,12727.00,45.00,282.00
1998.00,18.00,675600.00,2.00,2.00,21221.00,17197.00,54.00,318.00
1998.00,18.00,675630.00,2.00,4.00,55677.00,44818.00,231.00,194.00
1998.00,18.00,685600.00,2.00,4.00,174544.00,139491.00,593.00,235.00
1998.00,18.00,685630.00,2.00,4.00,113608.00,92063.00,336.00,273.00
1998.00,18.00,705630.00,1.00,1.00,11667.00,9804.00,40.00,245.00
1998.00,18.00,715700.00,1.00,1.00,97042.00,81548.00,421.00,193.00
1998.00,18.00,725700.00,1.00,2.00,15710.00,11315.00,272.00,41.00
1998.00,18.00,725730.00,3.00,4.00,178692.00,145677.00,807.00,180.00
1998.00,18.00,725800.00,3.00,6.00,402607.00,334281.00,2006.00,166.00
1998.00,18.00,725830.00,1.00,1.00,5169.00,4202.00,90.00,46.00
1998.00,18.00,735730.00,2.00,2.00,32759.00,26530.00,130.00,204.00
1998.00,18.00,735800.00,2.00,3.00,293215.00,236840.00,1434.00,165.00
1998.00,18.00,735830.00,1.00,1.00,31054.00,21566.00,375.00,57.00
1998.00,18.00,745830.00,1.00,1.00,1858.00,1290.00,25.00,51.00
1998.00,19.00,655630.00,1.00,1.00,42764.00,33410.00,205.00,162.00
1998.00,19.00,675600.00,1.00,1.00,5665.00,4533.00,20.00,226.00
1998.00,19.00,675630.00,2.00,2.00,11802.00,9357.00,40.00,233.00
1998.00,19.00,685600.00,2.00,5.00,297551.00,234569.00,1085.00,216.00
1998.00,19.00,685630.00,2.00,2.00,48373.00,38206.00,225.00,169.00
1998.00,19.00,705630.00,1.00,1.00,4628.00,3922.00,56.00,70.00
1998.00,19.00,715700.00,1.00,1.00,100280.00,84983.00,479.00,177.00
1998.00,19.00,725730.00,1.00,1.00,46569.00,38769.00,192.00,201.00
1998.00,19.00,725800.00,1.00,2.00,153481.00,127322.00,579.00,219.00
1998.00,19.00,725930.00,1.00,1.00,1041.00,846.00,3.00,282.00
1998.00,19.00,735800.00,1.00,1.00,417.00,338.00,1.00,338.00
1998.00,20.00,685600.00,3.00,3.00,352541.00,266911.00,1663.00,160.00
1998.00,20.00,685630.00,1.00,1.00,38633.00,31156.00,222.00,140.00
1998.00,20.00,705630.00,1.00,1.00,1399.00,1119.00,71.00,15.00
1998.00,20.00,715700.00,2.00,2.00,142854.00,124039.00,744.00,166.00
1998.00,20.00,715730.00,1.00,1.00,17441.00,13952.00,131.00,106.00
1998.00,20.00,715800.00,2.00,1.00,2974.00,2457.00,20.00,122.00
1998.00,20.00,725700.00,1.00,1.00,56.00,47.00,4.00,11.00
1998.00,20.00,725730.00,3.00,3.00,59539.00,48527.00,329.00,147.00
1998.00,20.00,725800.00,3.00,4.00,195189.00,158732.00,999.00,158.00
1998.00,20.00,725830.00,2.00,1.00,137845.00,113922.00,547.00,208.00
1998.00,20.00,735800.00,2.00,2.00,75567.00,61152.00,297.00,205.00
1998.00,20.00,735830.00,2.00,1.00,3470.00,2867.00,14.00,204.00
1998.00,21.00,685600.00,1.00,1.00,75169.00,57822.00,241.00,239.00
1998.00,21.00,685630.00,1.00,1.00,12358.00,9507.00,49.00,194.00
1998.00,21.00,725800.00,1.00,2.00,30297.00,25220.00,110.00,229.00
1998.00,21.00,725830.00,1.00,1.00,73113.00,60927.00,352.00,173.00
1998.00,21.00,735800.00,1.00,1.00,140683.00,115315.00,583.00,197.00
1998.00,21.00,735830.00,1.00,1.00,3019.00,2516.00,17.00,148.00
1998.00,22.00,685600.00,1.00,2.00,71980.00,55906.00,382.00,146.00
1998.00,22.00,685630.00,1.00,2.00,11863.00,9231.00,76.00,121.00
1998.00,22.00,705630.00,1.00,1.00,2668.00,2135.00,22.00,97.00
1998.00,22.00,715730.00,1.00,1.00,9620.00,7697.00,55.00,139.00
1998.00,22.00,725730.00,1.00,1.00,79093.00,63275.00,448.00,141.00
1998.00,22.00,725800.00,1.00,1.00,15607.00,12486.00,66.00,189.00
1998.00,22.00,735800.00,1.00,1.00,118439.00,94751.00,393.00,241.00
1999.00,3.00,665530.00,1.00,1.00,6673.00,4120.00,40.00,103.00
1999.00,3.00,675530.00,1.00,1.00,53047.00,46944.00,109.00,430.00
1999.00,3.00,675600.00,3.00,2.00,346161.00,238393.00,825.00,288.00
1999.00,3.00,675630.00,2.00,2.00,125615.00,86316.00,326.00,264.00
1999.00,3.00,685530.00,1.00,1.00,20031.00,17727.00,37.00,479.00
1999.00,3.00,685600.00,1.00,1.00,17495.00,13056.00,125.00,104.00
1999.00,3.00,685630.00,3.00,3.00,56592.00,43382.00,161.00,269.00
1999.00,3.00,715700.00,1.00,1.00,9552.00,7348.00,50.00,146.00
1999.00,3.00,715730.00,1.00,1.00,10575.00,8135.00,85.00,95.00
1999.00,3.00,735800.00,2.00,2.00,18674.00,15241.00,163.00,93.00
1999.00,3.00,735830.00,2.00,2.00,22571.00,17903.00,115.00,155.00
1999.00,3.00,745830.00,4.00,4.00,398603.00,287634.00,1600.00,179.00
1999.00,4.00,645530.00,1.00,1.00,24408.00,18215.00,55.00,331.00
1999.00,4.00,645600.00,1.00,1.00,24408.00,18215.00,55.00,331.00
1999.00,4.00,655500.00,1.00,1.00,24409.00,18215.00,55.00,331.00
1999.00,4.00,655530.00,1.00,1.00,24409.00,18215.00,55.00,331.00
1999.00,4.00,655600.00,3.00,3.00,42474.00,30588.00,167.00,183.00
1999.00,4.00,655630.00,1.00,1.00,105891.00,79617.00,650.00,122.00
1999.00,4.00,665500.00,3.00,3.00,174204.00,119563.00,1387.00,86.00
1999.00,4.00,665530.00,4.00,4.00,208061.00,143814.00,963.00,149.00
1999.00,4.00,665600.00,4.00,4.00,217904.00,152759.00,894.00,170.00
1999.00,4.00,675500.00,4.00,6.00,122303.00,85345.00,849.00,100.00
1999.00,4.00,675530.00,14.00,26.00,1819797.00,1266735.00,7362.00,172.00
1999.00,4.00,675600.00,18.00,41.00,3832294.00,2710503.00,13670.00,198.00
1999.00,4.00,675630.00,7.00,8.00,678374.00,480299.00,2095.00,229.00
1999.00,4.00,685500.00,2.00,2.00,219095.00,151222.00,821.00,184.00
1999.00,4.00,685530.00,9.00,11.00,1570949.00,1069951.00,5111.00,209.00
1999.00,4.00,685600.00,19.00,62.00,7685011.00,5756343.00,21864.00,263.00
1999.00,4.00,685630.00,19.00,53.00,6127391.00,4520021.00,18868.00,239.00
1999.00,4.00,685700.00,5.00,5.00,603454.00,461212.00,1975.00,233.00
1999.00,4.00,695600.00,4.00,3.00,242409.00,202597.00,695.00,291.00
1999.00,4.00,695631.00,7.00,11.00,544204.00,401967.00,1504.00,267.00
1999.00,4.00,695700.00,2.00,2.00,301329.00,229423.00,1025.00,223.00
1999.00,4.00,705630.00,1.00,1.00,2559.00,1896.00,83.00,22.00
1999.00,4.00,705701.00,3.00,4.00,342616.00,262101.00,1967.00,133.00
1999.00,4.00,705730.00,2.00,2.00,10122.00,7388.00,60.00,123.00
1999.00,4.00,715630.00,4.00,5.00,573867.00,471152.00,2025.00,232.00
1999.00,4.00,715700.00,10.00,23.00,2569756.00,2007100.00,11288.00,177.00
1999.00,4.00,715730.00,5.00,6.00,441683.00,356519.00,2064.00,172.00
1999.00,4.00,715830.00,1.00,1.00,337277.00,276457.00,790.00,349.00
1999.00,4.00,725630.00,3.00,4.00,515443.00,407347.00,1517.00,268.00
1999.00,4.00,725700.00,7.00,15.00,1683373.00,1324179.00,7556.00,175.00
1999.00,4.00,725730.00,4.00,4.00,491048.00,408056.00,1547.00,263.00
1999.00,4.00,725800.00,1.00,1.00,37148.00,30449.00,112.00,271.00
1999.00,4.00,735700.00,2.00,2.00,133989.00,103054.00,530.00,194.00
1999.00,4.00,735730.00,3.00,3.00,518739.00,415126.00,2118.00,195.00
1999.00,4.00,735800.00,2.00,2.00,72687.00,57800.00,386.00,149.00
1999.00,4.00,735830.00,4.00,4.00,281204.00,223817.00,1179.00,189.00
1999.00,4.00,745800.00,2.00,2.00,111829.00,88250.00,402.00,219.00
1999.00,4.00,745830.00,4.00,4.00,184679.00,155642.00,773.00,201.00
1999.00,5.00,655530.00,1.00,1.00,102265.00,65977.00,500.00,131.00
1999.00,5.00,665500.00,2.00,3.00,305423.00,207460.00,1570.00,132.00
1999.00,5.00,665530.00,2.00,2.00,30622.00,20557.00,136.00,151.00
1999.00,5.00,665600.00,4.00,5.00,429565.00,289470.00,2826.00,102.00
1999.00,5.00,665630.00,1.00,1.00,156134.00,100732.00,500.00,201.00
1999.00,5.00,675500.00,4.00,4.00,488911.00,336918.00,1730.00,194.00
1999.00,5.00,675530.00,9.00,13.00,772081.00,552920.00,3256.00,169.00
1999.00,5.00,675600.00,17.00,30.00,2135461.00,1538155.00,10444.00,147.00
1999.00,5.00,675630.00,7.00,9.00,396954.00,304726.00,1681.00,181.00
1999.00,5.00,675700.00,1.00,1.00,523.00,354.00,12.00,29.00
1999.00,5.00,685530.00,6.00,7.00,644598.00,459203.00,2136.00,214.00
1999.00,5.00,685600.00,16.00,32.00,2552762.00,1998265.00,11824.00,169.00
1999.00,5.00,685630.00,20.00,41.00,3668471.00,2777805.00,15867.00,175.00
1999.00,5.00,685700.00,9.00,10.00,618676.00,461429.00,2151.00,214.00
1999.00,5.00,685730.00,1.00,1.00,137931.00,102934.00,323.00,318.00
1999.00,5.00,685800.00,1.00,1.00,105373.00,69325.00,309.00,224.00
1999.00,5.00,695600.00,1.00,1.00,25114.00,18741.00,69.00,271.00
1999.00,5.00,695631.00,10.00,16.00,1362666.00,1004479.00,5098.00,197.00
1999.00,5.00,695632.00,1.00,1.00,165038.00,126954.00,750.00,169.00
1999.00,5.00,695700.00,4.00,6.00,762343.00,581034.00,2663.00,218.00
1999.00,5.00,705600.00,1.00,1.00,40487.00,31143.00,111.00,280.00
1999.00,5.00,705630.00,1.00,1.00,5568.00,4385.00,24.00,182.00
1999.00,5.00,705701.00,2.00,2.00,104748.00,84763.00,468.00,181.00
1999.00,5.00,705730.00,1.00,1.00,0.00,0.00,10.00,0.00
1999.00,5.00,715600.00,2.00,2.00,136473.00,107932.00,436.00,247.00
1999.00,5.00,715630.00,6.00,8.00,889508.00,705020.00,2596.00,271.00
1999.00,5.00,715700.00,7.00,12.00,960561.00,747022.00,4964.00,150.00
1999.00,5.00,715730.00,3.00,3.00,246810.00,201105.00,1255.00,160.00
1999.00,5.00,715830.00,1.00,1.00,101510.00,83892.00,250.00,335.00
1999.00,5.00,725600.00,1.00,1.00,120456.00,93377.00,511.00,182.00
1999.00,5.00,725630.00,4.00,6.00,725641.00,569846.00,2638.00,216.00
1999.00,5.00,725700.00,7.00,10.00,1026061.00,804145.00,3841.00,209.00
1999.00,5.00,725730.00,5.00,5.00,435964.00,328205.00,1875.00,175.00
1999.00,5.00,725800.00,1.00,1.00,57569.00,46054.00,200.00,230.00
1999.00,5.00,735630.00,1.00,1.00,106005.00,84804.00,300.00,282.00
1999.00,5.00,735700.00,2.00,2.00,60991.00,47862.00,212.00,225.00
1999.00,5.00,735730.00,8.00,8.00,1065006.00,833807.00,3354.00,248.00
1999.00,5.00,735800.00,5.00,7.00,701395.00,558413.00,2274.00,245.00
1999.00,5.00,735830.00,2.00,2.00,36828.00,29060.00,224.00,129.00
1999.00,5.00,745800.00,5.00,6.00,1156853.00,935862.00,3640.00,257.00
1999.00,5.00,745830.00,7.00,7.00,971022.00,791399.00,3151.00,251.00
1999.00,6.00,655630.00,1.00,1.00,15680.00,10740.00,100.00,107.00
1999.00,6.00,665500.00,2.00,2.00,147318.00,96056.00,480.00,200.00
1999.00,6.00,665530.00,3.00,2.00,93336.00,65096.00,516.00,126.00
1999.00,6.00,665600.00,6.00,7.00,379706.00,254566.00,2089.00,121.00
1999.00,6.00,665630.00,1.00,1.00,39618.00,27900.00,240.00,116.00
1999.00,6.00,675500.00,3.00,3.00,386272.00,262588.00,1601.00,164.00
1999.00,6.00,675530.00,6.00,9.00,619480.00,438916.00,2792.00,157.00
1999.00,6.00,675600.00,10.00,12.00,588668.00,416605.00,4004.00,104.00
1999.00,6.00,675630.00,5.00,7.00,740006.00,525630.00,3317.00,158.00
1999.00,6.00,675700.00,1.00,1.00,30116.00,20856.00,205.00,101.00
1999.00,6.00,685530.00,1.00,1.00,49604.00,37579.00,246.00,152.00
1999.00,6.00,685600.00,14.00,18.00,1302427.00,988637.00,7754.00,127.00
1999.00,6.00,685630.00,18.00,34.00,2155856.00,1647508.00,11570.00,142.00
1999.00,6.00,685700.00,7.00,16.00,1726022.00,1270975.00,7671.00,165.00
1999.00,6.00,685730.00,1.00,1.00,252962.00,181987.00,900.00,202.00
1999.00,6.00,695600.00,1.00,1.00,25846.00,19434.00,125.00,155.00
1999.00,6.00,695631.00,11.00,19.00,1606355.00,1225578.00,7447.00,164.00
1999.00,6.00,695700.00,12.00,17.00,1870845.00,1434337.00,8983.00,159.00
1999.00,6.00,695730.00,2.00,2.00,153834.00,117177.00,1245.00,94.00
1999.00,6.00,705630.00,3.00,3.00,117886.00,91288.00,440.00,207.00
1999.00,6.00,705701.00,2.00,2.00,244797.00,193268.00,988.00,195.00
1999.00,6.00,705730.00,1.00,1.00,19290.00,16076.00,160.00,100.00
1999.00,6.00,715600.00,1.00,1.00,61691.00,44704.00,622.00,71.00
1999.00,6.00,715630.00,7.00,10.00,875320.00,700991.00,3697.00,189.00
1999.00,6.00,715700.00,8.00,12.00,1055181.00,836659.00,5148.00,162.00
1999.00,6.00,715730.00,3.00,3.00,104026.00,85917.00,806.00,106.00
1999.00,6.00,715800.00,3.00,3.00,88098.00,72364.00,405.00,178.00
1999.00,6.00,725630.00,7.00,10.00,1016458.00,821282.00,3894.00,210.00
1999.00,6.00,725700.00,6.00,9.00,559516.00,440392.00,2995.00,147.00
1999.00,6.00,725730.00,6.00,6.00,586160.00,453677.00,2445.00,185.00
1999.00,6.00,725800.00,2.00,2.00,17141.00,12035.00,160.00,75.00
1999.00,6.00,735630.00,1.00,1.00,87140.00,58878.00,1200.00,49.00
1999.00,6.00,735700.00,3.00,3.00,512694.00,418442.00,1843.00,227.00
1999.00,6.00,735730.00,11.00,12.00,1700827.00,1361199.00,6062.00,224.00
1999.00,6.00,735800.00,5.00,6.00,431162.00,337325.00,1779.00,189.00
1999.00,6.00,735830.00,3.00,3.00,448535.00,348599.00,1452.00,240.00
1999.00,6.00,745800.00,3.00,3.00,107053.00,82063.00,449.00,182.00
1999.00,6.00,745830.00,6.00,6.00,993889.00,810832.00,2600.00,311.00
1999.00,6.00,755830.00,3.00,3.00,186399.00,153902.00,860.00,178.00
1999.00,7.00,655500.00,1.00,1.00,100217.00,71583.00,400.00,178.00
1999.00,7.00,665500.00,2.00,2.00,292600.00,192192.00,1411.00,136.00
1999.00,7.00,665530.00,4.00,4.00,208864.00,136800.00,1188.00,115.00
1999.00,7.00,665600.00,3.00,3.00,83776.00,54048.00,725.00,74.00
1999.00,7.00,675500.00,1.00,1.00,87517.00,59943.00,460.00,130.00
1999.00,7.00,675530.00,2.00,2.00,231362.00,150769.00,1417.00,106.00
1999.00,7.00,675600.00,4.00,4.00,217160.00,148357.00,1376.00,107.00
1999.00,7.00,675630.00,3.00,3.00,187069.00,122411.00,976.00,125.00
1999.00,7.00,675700.00,2.00,2.00,28839.00,23384.00,383.00,61.00
1999.00,7.00,685530.00,4.00,4.00,828780.00,544249.00,3742.00,145.00
1999.00,7.00,685600.00,7.00,11.00,803193.00,636469.00,3978.00,159.00
1999.00,7.00,685630.00,14.00,21.00,1281337.00,1014173.00,6404.00,158.00
1999.00,7.00,685700.00,6.00,6.00,513002.00,383769.00,2536.00,151.00
1999.00,7.00,685730.00,3.00,3.00,197796.00,154531.00,953.00,162.00
1999.00,7.00,695631.00,11.00,15.00,564982.00,434424.00,3434.00,126.00
1999.00,7.00,695632.00,1.00,1.00,84835.00,63785.00,530.00,120.00
1999.00,7.00,695700.00,8.00,13.00,684686.00,515925.00,3610.00,142.00
1999.00,7.00,695730.00,1.00,1.00,11340.00,8791.00,100.00,87.00
1999.00,7.00,705630.00,2.00,2.00,128026.00,97034.00,867.00,111.00
1999.00,7.00,705701.00,3.00,3.00,183853.00,142087.00,1018.00,139.00
1999.00,7.00,715630.00,7.00,8.00,1181111.00,955195.00,4681.00,204.00
1999.00,7.00,715700.00,9.00,12.00,1341094.00,1051911.00,6505.00,161.00
1999.00,7.00,715730.00,3.00,3.00,200926.00,163675.00,1098.00,149.00
1999.00,7.00,725600.00,1.00,1.00,117018.00,95917.00,340.00,282.00
1999.00,7.00,725630.00,15.00,21.00,3086970.00,2554509.00,12712.00,200.00
1999.00,7.00,725700.00,8.00,10.00,798581.00,631435.00,4165.00,151.00
1999.00,7.00,725730.00,5.00,6.00,448619.00,355132.00,2138.00,166.00
1999.00,7.00,725800.00,2.00,2.00,75161.00,56945.00,414.00,137.00
1999.00,7.00,735700.00,5.00,6.00,831396.00,681761.00,2537.00,268.00
1999.00,7.00,735730.00,9.00,13.00,1458867.00,1193156.00,6707.00,177.00
1999.00,7.00,735800.00,7.00,9.00,1001575.00,816452.00,3852.00,211.00
1999.00,7.00,735830.00,5.00,5.00,317049.00,233087.00,1397.00,166.00
1999.00,7.00,745800.00,5.00,5.00,347334.00,271915.00,1178.00,230.00
1999.00,7.00,745830.00,13.00,15.00,1966637.00,1581036.00,7506.00,210.00
1999.00,7.00,745900.00,3.00,3.00,138637.00,111128.00,639.00,173.00
1999.00,7.00,755800.00,1.00,1.00,17643.00,11097.00,100.00,110.00
1999.00,7.00,755830.00,6.00,6.00,479801.00,382039.00,2286.00,167.00
1999.00,7.00,755900.00,2.00,2.00,18134.00,11446.00,121.00,94.00
1999.00,7.00,765830.00,2.00,2.00,5020.00,3851.00,117.00,32.00
1999.00,8.00,665500.00,2.00,2.00,80201.00,55896.00,311.00,179.00
1999.00,8.00,665530.00,5.00,6.00,484555.00,327063.00,3024.00,108.00
1999.00,8.00,665630.00,1.00,1.00,89536.00,65332.00,554.00,117.00
1999.00,8.00,675430.00,1.00,1.00,99760.00,71257.00,600.00,118.00
1999.00,8.00,675500.00,4.00,4.00,122875.00,86743.00,535.00,162.00
1999.00,8.00,675530.00,6.00,7.00,678172.00,462310.00,3465.00,133.00
1999.00,8.00,675600.00,2.00,3.00,278905.00,195428.00,1898.00,102.00
1999.00,8.00,675630.00,4.00,4.00,268956.00,214866.00,846.00,253.00
1999.00,8.00,675700.00,2.00,2.00,153071.00,113765.00,978.00,116.00
1999.00,8.00,685530.00,4.00,4.00,401119.00,312250.00,1781.00,175.00
1999.00,8.00,685600.00,8.00,10.00,493848.00,382961.00,3337.00,114.00
1999.00,8.00,685630.00,11.00,17.00,750913.00,607077.00,4031.00,150.00
1999.00,8.00,685700.00,5.00,8.00,717830.00,535207.00,2871.00,186.00
1999.00,8.00,685730.00,3.00,3.00,381623.00,278045.00,1524.00,182.00
1999.00,8.00,685830.00,1.00,1.00,27706.00,23479.00,51.00,460.00
1999.00,8.00,695600.00,1.00,1.00,35407.00,29023.00,175.00,165.00
1999.00,8.00,695631.00,3.00,3.00,24564.00,20369.00,244.00,83.00
1999.00,8.00,695700.00,9.00,11.00,838176.00,640919.00,4704.00,136.00
1999.00,8.00,695730.00,4.00,3.00,227989.00,175263.00,1124.00,155.00
1999.00,8.00,695800.00,1.00,1.00,11542.00,8948.00,48.00,186.00
1999.00,8.00,705630.00,2.00,2.00,54146.00,43267.00,375.00,115.00
1999.00,8.00,705701.00,4.00,5.00,380769.00,303764.00,2169.00,140.00
1999.00,8.00,705730.00,1.00,1.00,53721.00,43676.00,310.00,140.00
1999.00,8.00,715600.00,4.00,4.00,314544.00,247395.00,1130.00,218.00
1999.00,8.00,715630.00,7.00,9.00,396398.00,314981.00,1658.00,189.00
1999.00,8.00,715700.00,8.00,8.00,801769.00,642153.00,4335.00,148.00
1999.00,8.00,715730.00,2.00,2.00,99835.00,82508.00,514.00,160.00
1999.00,8.00,725530.00,2.00,1.00,61293.00,51871.00,340.00,152.00
1999.00,8.00,725630.00,10.00,17.00,1480866.00,1213414.00,6669.00,181.00
1999.00,8.00,725700.00,10.00,13.00,864186.00,702599.00,4983.00,140.00
1999.00,8.00,725730.00,5.00,7.00,570950.00,460612.00,2649.00,173.00
1999.00,8.00,725800.00,4.00,3.00,356543.00,303980.00,1904.00,159.00
1999.00,8.00,725830.00,1.00,1.00,12562.00,10213.00,360.00,28.00
1999.00,8.00,735600.00,1.00,1.00,13406.00,11361.00,20.00,568.00
1999.00,8.00,735630.00,2.00,3.00,354374.00,301374.00,1127.00,267.00
1999.00,8.00,735700.00,10.00,16.00,2438373.00,2012802.00,11258.00,178.00
1999.00,8.00,735730.00,9.00,11.00,1544237.00,1264776.00,7090.00,178.00
1999.00,8.00,735800.00,10.00,14.00,1694737.00,1394421.00,7439.00,187.00
1999.00,8.00,735830.00,5.00,5.00,517375.00,444663.00,2575.00,172.00
1999.00,8.00,735900.00,2.00,2.00,342908.00,290242.00,1565.00,185.00
1999.00,8.00,745800.00,7.00,8.00,654148.00,542523.00,3525.00,153.00
1999.00,8.00,745830.00,13.00,15.00,1237200.00,1005970.00,5956.00,168.00
1999.00,8.00,745900.00,5.00,5.00,376731.00,326247.00,1400.00,233.00
1999.00,8.00,745930.00,3.00,3.00,207274.00,169302.00,631.00,268.00
1999.00,8.00,755830.00,12.00,12.00,748514.00,618548.00,3951.00,156.00
1999.00,8.00,755900.00,8.00,8.00,321345.00,268935.00,2098.00,128.00
1999.00,8.00,755930.00,4.00,4.00,58922.00,49487.00,790.00,62.00
1999.00,8.00,765830.00,2.00,2.00,39920.00,29514.00,240.00,122.00
1999.00,8.00,765930.00,5.00,5.00,10358.00,8746.00,343.00,25.00
1999.00,8.00,775900.00,1.00,1.00,83475.00,67866.00,307.00,221.00
1999.00,8.00,775930.00,2.00,2.00,347999.00,262555.00,1160.00,226.00
1999.00,9.00,655500.00,1.00,1.00,167502.00,108768.00,720.00,151.00
1999.00,9.00,665500.00,2.00,3.00,251657.00,173154.00,1497.00,115.00
1999.00,9.00,665530.00,3.00,3.00,112755.00,80842.00,772.00,104.00
1999.00,9.00,665600.00,3.00,3.00,79365.00,56919.00,803.00,70.00
1999.00,9.00,675500.00,3.00,3.00,254652.00,164086.00,1339.00,122.00
1999.00,9.00,675530.00,9.00,11.00,967388.00,659198.00,6119.00,107.00
1999.00,9.00,675600.00,3.00,4.00,218544.00,159481.00,1519.00,104.00
1999.00,9.00,675630.00,3.00,4.00,432274.00,332218.00,1994.00,166.00
1999.00,9.00,675700.00,1.00,1.00,89966.00,62913.00,411.00,153.00
1999.00,9.00,685530.00,5.00,4.00,515145.00,361572.00,2901.00,124.00
1999.00,9.00,685600.00,9.00,11.00,650174.00,514135.00,4304.00,119.00
1999.00,9.00,685630.00,5.00,8.00,526177.00,409643.00,3019.00,135.00
1999.00,9.00,685700.00,11.00,11.00,1359887.00,997974.00,5771.00,172.00
1999.00,9.00,685730.00,4.00,4.00,575717.00,408333.00,2144.00,190.00
1999.00,9.00,695631.00,4.00,4.00,66201.00,53721.00,647.00,83.00
1999.00,9.00,695700.00,7.00,7.00,583453.00,440291.00,3308.00,133.00
1999.00,9.00,695730.00,2.00,2.00,299606.00,244888.00,1414.00,173.00
1999.00,9.00,705600.00,1.00,1.00,53625.00,43597.00,367.00,118.00
1999.00,9.00,705630.00,1.00,1.00,20241.00,16728.00,118.00,141.00
1999.00,9.00,705701.00,3.00,4.00,378990.00,297966.00,2286.00,130.00
1999.00,9.00,705730.00,2.00,2.00,99856.00,75927.00,467.00,162.00
1999.00,9.00,715600.00,3.00,3.00,173581.00,138535.00,904.00,153.00
1999.00,9.00,715630.00,8.00,10.00,687169.00,555357.00,3007.00,184.00
1999.00,9.00,715700.00,8.00,12.00,1485790.00,1196926.00,7381.00,162.00
1999.00,9.00,715730.00,6.00,6.00,436994.00,364618.00,2935.00,124.00
1999.00,9.00,715800.00,1.00,1.00,1347.00,1095.00,10.00,109.00
1999.00,9.00,715830.00,1.00,1.00,1415.00,1160.00,19.00,61.00
1999.00,9.00,725600.00,1.00,1.00,9672.00,8060.00,40.00,201.00
1999.00,9.00,725630.00,10.00,11.00,707999.00,605917.00,4101.00,147.00
1999.00,9.00,725700.00,8.00,13.00,1067029.00,884662.00,5550.00,159.00
1999.00,9.00,725730.00,6.00,7.00,585210.00,468371.00,2709.00,172.00
1999.00,9.00,725800.00,5.00,7.00,607289.00,525216.00,3311.00,158.00
1999.00,9.00,725830.00,2.00,2.00,20817.00,18244.00,178.00,102.00
1999.00,9.00,725900.00,1.00,1.00,77631.00,53910.00,850.00,63.00
1999.00,9.00,735630.00,2.00,2.00,61933.00,49998.00,310.00,161.00
1999.00,9.00,735700.00,12.00,12.00,1024991.00,832697.00,5554.00,149.00
1999.00,9.00,735730.00,8.00,11.00,860247.00,727070.00,4417.00,164.00
1999.00,9.00,735800.00,11.00,16.00,1828857.00,1475593.00,8339.00,176.00
1999.00,9.00,735830.00,7.00,7.00,372273.00,304625.00,2480.00,122.00
1999.00,9.00,735900.00,6.00,6.00,278589.00,229585.00,1697.00,135.00
1999.00,9.00,735930.00,1.00,1.00,2322.00,1800.00,25.00,72.00
1999.00,9.00,745800.00,6.00,6.00,363663.00,303775.00,1492.00,203.00
1999.00,9.00,745830.00,8.00,9.00,631669.00,526367.00,2804.00,187.00
1999.00,9.00,745900.00,7.00,7.00,638567.00,545366.00,3690.00,147.00
1999.00,9.00,745930.00,1.00,1.00,136364.00,106535.00,495.00,215.00
1999.00,9.00,755830.00,6.00,6.00,695752.00,558919.00,3659.00,152.00
1999.00,9.00,755900.00,3.00,3.00,178501.00,143331.00,1135.00,126.00
1999.00,9.00,765830.00,1.00,1.00,23535.00,17695.00,70.00,252.00
1999.00,9.00,765930.00,2.00,2.00,2398.00,1902.00,187.00,10.00
1999.00,9.00,775900.00,1.00,1.00,59.00,50.00,18.00,2.00
1999.00,9.00,775930.00,3.00,3.00,1732.00,1428.00,229.00,6.00
1999.00,9.00,776000.00,1.00,1.00,885.00,725.00,61.00,11.00
1999.00,10.00,655500.00,2.00,2.00,153216.00,102364.00,1007.00,101.00
1999.00,10.00,655530.00,1.00,1.00,111367.00,70486.00,454.00,155.00
1999.00,10.00,665500.00,3.00,5.00,441894.00,284828.00,2960.00,96.00
1999.00,10.00,665530.00,2.00,2.00,33423.00,23207.00,565.00,41.00
1999.00,10.00,665600.00,2.00,2.00,200939.00,146697.00,1536.00,95.00
1999.00,10.00,675500.00,1.00,1.00,547.00,464.00,10.00,46.00
1999.00,10.00,675530.00,6.00,8.00,805467.00,547734.00,5602.00,97.00
1999.00,10.00,675600.00,5.00,5.00,398126.00,275800.00,2433.00,113.00
1999.00,10.00,675700.00,3.00,3.00,250430.00,181091.00,1138.00,159.00
1999.00,10.00,685530.00,2.00,2.00,189168.00,130546.00,1710.00,76.00
1999.00,10.00,685600.00,4.00,7.00,441719.00,339776.00,2667.00,127.00
1999.00,10.00,685630.00,6.00,8.00,356046.00,274262.00,2593.00,105.00
1999.00,10.00,685700.00,7.00,10.00,731700.00,541063.00,3536.00,153.00
1999.00,10.00,685730.00,5.00,7.00,467421.00,340008.00,2239.00,151.00
1999.00,10.00,695600.00,1.00,1.00,18482.00,13590.00,135.00,100.00
1999.00,10.00,695700.00,4.00,5.00,340113.00,261040.00,2363.00,110.00
1999.00,10.00,705600.00,1.00,1.00,115930.00,95024.00,527.00,180.00
1999.00,10.00,705630.00,1.00,1.00,42243.00,31524.00,182.00,173.00
1999.00,10.00,705701.00,4.00,4.00,196640.00,154026.00,1234.00,124.00
1999.00,10.00,705730.00,3.00,3.00,117374.00,93098.00,668.00,139.00
1999.00,10.00,705800.00,1.00,1.00,10371.00,7202.00,60.00,120.00
1999.00,10.00,715600.00,3.00,4.00,183050.00,147202.00,912.00,161.00
1999.00,10.00,715630.00,6.00,6.00,546727.00,459372.00,2856.00,160.00
1999.00,10.00,715700.00,10.00,17.00,1575413.00,1287180.00,7487.00,171.00
1999.00,10.00,715730.00,7.00,7.00,453479.00,381415.00,2534.00,150.00
1999.00,10.00,725600.00,1.00,1.00,75806.00,58312.00,568.00,102.00
1999.00,10.00,725630.00,7.00,11.00,921426.00,767696.00,5090.00,150.00
1999.00,10.00,725700.00,8.00,14.00,824387.00,674613.00,4297.00,156.00
1999.00,10.00,725730.00,11.00,14.00,957030.00,780221.00,5451.00,143.00
1999.00,10.00,725800.00,5.00,5.00,115497.00,95091.00,1261.00,75.00
1999.00,10.00,725830.00,2.00,2.00,50096.00,41755.00,249.00,167.00
1999.00,10.00,735630.00,1.00,1.00,27829.00,23584.00,160.00,147.00
1999.00,10.00,735700.00,9.00,10.00,672004.00,568241.00,4856.00,117.00
1999.00,10.00,735730.00,8.00,9.00,578410.00,487515.00,3204.00,152.00
1999.00,10.00,735800.00,12.00,15.00,1131365.00,954617.00,8289.00,115.00
1999.00,10.00,735830.00,6.00,5.00,406346.00,316797.00,2393.00,132.00
1999.00,10.00,735900.00,1.00,1.00,104042.00,89691.00,365.00,245.00
1999.00,10.00,745800.00,3.00,3.00,483783.00,412382.00,2712.00,152.00
1999.00,10.00,745830.00,9.00,11.00,1511135.00,1202768.00,8131.00,147.00
1999.00,10.00,745900.00,6.00,6.00,577072.00,487985.00,3625.00,134.00
1999.00,10.00,745930.00,5.00,5.00,393095.00,341862.00,1961.00,174.00
1999.00,10.00,755830.00,8.00,8.00,523897.00,433042.00,3379.00,128.00
1999.00,10.00,755900.00,5.00,5.00,307395.00,252243.00,3208.00,78.00
1999.00,10.00,755930.00,1.00,1.00,10696.00,9221.00,195.00,47.00
1999.00,10.00,756000.00,1.00,1.00,2091.00,1802.00,60.00,30.00
1999.00,10.00,765830.00,2.00,2.00,41455.00,32960.00,260.00,126.00
1999.00,10.00,765900.00,2.00,2.00,15879.00,12949.00,319.00,40.00
1999.00,10.00,765930.00,3.00,3.00,11757.00,9982.00,286.00,34.00
1999.00,10.00,766030.00,1.00,1.00,55.00,46.00,38.00,1.00
1999.00,10.00,775830.00,3.00,3.00,236942.00,191081.00,1377.00,138.00
1999.00,10.00,775900.00,1.00,1.00,291.00,249.00,12.00,20.00
1999.00,10.00,775930.00,3.00,4.00,492043.00,386237.00,2509.00,153.00
1999.00,10.00,785900.00,1.00,1.00,116456.00,102154.00,707.00,144.00
1999.00,10.00,785930.00,1.00,1.00,86679.00,73457.00,410.00,179.00
1999.00,11.00,655600.00,1.00,1.00,71221.00,47799.00,750.00,63.00
1999.00,11.00,665500.00,3.00,3.00,214945.00,134010.00,1527.00,87.00
1999.00,11.00,665530.00,3.00,3.00,141615.00,94090.00,851.00,110.00
1999.00,11.00,665600.00,1.00,1.00,84946.00,60676.00,500.00,121.00
1999.00,11.00,675500.00,1.00,1.00,22125.00,16889.00,120.00,140.00
1999.00,11.00,675530.00,6.00,8.00,477424.00,330132.00,3717.00,88.00
1999.00,11.00,675600.00,5.00,6.00,616023.00,436260.00,3727.00,117.00
1999.00,11.00,675630.00,2.00,2.00,31651.00,22820.00,424.00,53.00
1999.00,11.00,675700.00,4.00,4.00,151789.00,110685.00,1088.00,101.00
1999.00,11.00,675730.00,2.00,2.00,75510.00,54776.00,462.00,118.00
1999.00,11.00,685530.00,3.00,3.00,99360.00,76960.00,838.00,91.00
1999.00,11.00,685600.00,6.00,8.00,571016.00,439812.00,3872.00,113.00
1999.00,11.00,685630.00,11.00,13.00,618758.00,465040.00,4117.00,112.00
1999.00,11.00,685700.00,9.00,10.00,606014.00,457867.00,4114.00,111.00
1999.00,11.00,685730.00,4.00,4.00,235819.00,172582.00,1182.00,146.00
1999.00,11.00,695700.00,6.00,7.00,546550.00,399589.00,3298.00,121.00
1999.00,11.00,705600.00,2.00,2.00,108854.00,89097.00,1270.00,70.00
1999.00,11.00,705630.00,1.00,1.00,88767.00,73972.00,455.00,162.00
1999.00,11.00,705701.00,5.00,6.00,333446.00,258406.00,2439.00,105.00
1999.00,11.00,705730.00,2.00,2.00,145898.00,109775.00,723.00,151.00
1999.00,11.00,715600.00,1.00,2.00,128822.00,99552.00,978.00,101.00
1999.00,11.00,715630.00,6.00,6.00,400209.00,340848.00,2929.00,116.00
1999.00,11.00,715700.00,10.00,23.00,1554017.00,1267345.00,12678.00,99.00
1999.00,11.00,715730.00,9.00,11.00,663695.00,552489.00,4997.00,110.00
1999.00,11.00,725630.00,3.00,4.00,468844.00,408194.00,2312.00,176.00
1999.00,11.00,725700.00,6.00,8.00,515780.00,424865.00,3306.00,128.00
1999.00,11.00,725730.00,12.00,20.00,1826563.00,1522610.00,13115.00,116.00
1999.00,11.00,725800.00,3.00,3.00,57260.00,48777.00,639.00,76.00
1999.00,11.00,735700.00,2.00,2.00,10058.00,8504.00,137.00,62.00
1999.00,11.00,735730.00,11.00,10.00,517136.00,437626.00,3613.00,121.00
1999.00,11.00,735800.00,5.00,6.00,485015.00,436720.00,3383.00,129.00
1999.00,11.00,735830.00,3.00,3.00,179690.00,155775.00,850.00,183.00
1999.00,11.00,735900.00,1.00,1.00,42456.00,36599.00,202.00,181.00
1999.00,11.00,735930.00,1.00,1.00,26503.00,22271.00,120.00,185.00
1999.00,11.00,745800.00,6.00,6.00,321328.00,278827.00,2220.00,125.00
1999.00,11.00,745830.00,5.00,5.00,515066.00,438974.00,3178.00,138.00
1999.00,11.00,745900.00,3.00,3.00,180113.00,152305.00,913.00,166.00
1999.00,11.00,745930.00,1.00,1.00,104563.00,102513.00,700.00,146.00
1999.00,11.00,755830.00,7.00,7.00,262180.00,214406.00,1928.00,111.00
1999.00,11.00,755900.00,6.00,5.00,384309.00,311845.00,2882.00,108.00
1999.00,11.00,765930.00,1.00,1.00,105246.00,80340.00,500.00,160.00
1999.00,11.00,775800.00,1.00,1.00,19.00,15.00,14.00,1.00
1999.00,11.00,775900.00,2.00,2.00,13124.00,10595.00,161.00,65.00
1999.00,11.00,775930.00,3.00,3.00,377019.00,301786.00,1460.00,206.00
1999.00,11.00,785930.00,1.00,1.00,136736.00,109388.00,1000.00,109.00
1999.00,11.00,786000.00,1.00,1.00,94435.00,62957.00,350.00,179.00
1999.00,11.00,786030.00,1.00,1.00,28271.00,18847.00,118.00,159.00
1999.00,12.00,655500.00,1.00,1.00,31698.00,22641.00,370.00,61.00
1999.00,12.00,655530.00,1.00,1.00,34776.00,22437.00,294.00,76.00
1999.00,12.00,665500.00,3.00,3.00,156329.00,106838.00,857.00,124.00
1999.00,12.00,665530.00,3.00,3.00,154599.00,96908.00,1485.00,65.00
1999.00,12.00,665600.00,1.00,1.00,58338.00,41084.00,363.00,113.00
1999.00,12.00,675530.00,5.00,5.00,136458.00,94761.00,1135.00,83.00
1999.00,12.00,675600.00,10.00,10.00,580436.00,421945.00,3621.00,116.00
1999.00,12.00,675630.00,3.00,3.00,66500.00,49687.00,350.00,141.00
1999.00,12.00,675700.00,2.00,2.00,28678.00,20539.00,139.00,147.00
1999.00,12.00,685530.00,3.00,3.00,105593.00,76189.00,1260.00,60.00
1999.00,12.00,685600.00,6.00,8.00,286706.00,214687.00,1863.00,115.00
1999.00,12.00,685630.00,7.00,11.00,319931.00,249271.00,2212.00,112.00
1999.00,12.00,685700.00,6.00,9.00,383032.00,291268.00,1881.00,154.00
1999.00,12.00,685730.00,4.00,4.00,176115.00,137679.00,1072.00,128.00
1999.00,12.00,695600.00,1.00,1.00,43848.00,30752.00,461.00,66.00
1999.00,12.00,695631.00,2.00,2.00,220426.00,165216.00,1245.00,132.00
1999.00,12.00,695700.00,6.00,8.00,244565.00,184605.00,2062.00,89.00
1999.00,12.00,695730.00,1.00,1.00,10697.00,8423.00,187.00,45.00
1999.00,12.00,705600.00,3.00,4.00,251408.00,207790.00,1840.00,112.00
1999.00,12.00,705630.00,2.00,2.00,124860.00,93582.00,745.00,125.00
1999.00,12.00,705701.00,3.00,3.00,75699.00,64941.00,389.00,166.00
1999.00,12.00,715600.00,1.00,1.00,10541.00,7800.00,103.00,75.00
1999.00,12.00,715630.00,5.00,6.00,178954.00,152581.00,1088.00,140.00
1999.00,12.00,715700.00,10.00,14.00,481867.00,393338.00,3916.00,100.00
1999.00,12.00,715730.00,4.00,4.00,120004.00,99759.00,990.00,100.00
1999.00,12.00,725600.00,1.00,1.00,23054.00,18592.00,194.00,95.00
1999.00,12.00,725630.00,4.00,4.00,167522.00,145134.00,882.00,164.00
1999.00,12.00,725700.00,5.00,7.00,168822.00,136481.00,1729.00,78.00
1999.00,12.00,725730.00,9.00,11.00,271953.00,226697.00,1910.00,118.00
1999.00,12.00,725800.00,3.00,3.00,40142.00,33060.00,514.00,64.00
1999.00,12.00,725830.00,1.00,1.00,41907.00,36760.00,199.00,184.00
1999.00,12.00,735630.00,1.00,1.00,16604.00,14314.00,120.00,119.00
1999.00,12.00,735700.00,5.00,4.00,224491.00,190829.00,1802.00,105.00
1999.00,12.00,735730.00,7.00,9.00,310328.00,256617.00,2485.00,103.00
1999.00,12.00,735800.00,5.00,6.00,295581.00,259833.00,1828.00,142.00
1999.00,12.00,735830.00,2.00,2.00,65783.00,49969.00,353.00,141.00
1999.00,12.00,745800.00,1.00,1.00,61184.00,54629.00,361.00,151.00
1999.00,12.00,745830.00,4.00,6.00,249566.00,205261.00,1494.00,137.00
1999.00,12.00,745900.00,2.00,2.00,56608.00,45394.00,221.00,205.00
1999.00,12.00,745930.00,2.00,2.00,108348.00,91820.00,573.00,160.00
1999.00,12.00,755830.00,1.00,1.00,28142.00,21320.00,285.00,74.00
1999.00,12.00,755900.00,1.00,1.00,108592.00,96957.00,690.00,140.00
1999.00,12.00,775930.00,5.00,6.00,140745.00,108018.00,1318.00,81.00
1999.00,12.00,785930.00,2.00,2.00,10021.00,7597.00,165.00,46.00
1999.00,12.00,786000.00,1.00,1.00,51666.00,36904.00,221.00,166.00
1999.00,12.00,786030.00,1.00,1.00,4906.00,3504.00,20.00,175.00
1999.00,13.00,665530.00,1.00,1.00,28900.00,19795.00,193.00,102.00
1999.00,13.00,675530.00,1.00,1.00,4375.00,3125.00,100.00,31.00
1999.00,13.00,675600.00,2.00,2.00,41970.00,30201.00,342.00,88.00
1999.00,13.00,685600.00,1.00,1.00,18997.00,13378.00,100.00,133.00
1999.00,13.00,685630.00,1.00,1.00,33311.00,26650.00,173.00,154.00
1999.00,13.00,695600.00,1.00,1.00,3950.00,2814.00,65.00,43.00
1999.00,13.00,695631.00,2.00,2.00,76360.00,56339.00,571.00,98.00
1999.00,13.00,695632.00,1.00,1.00,56971.00,44508.00,417.00,106.00
1999.00,13.00,715600.00,1.00,1.00,26380.00,18193.00,250.00,72.00
1999.00,13.00,715630.00,1.00,1.00,16540.00,14509.00,97.00,149.00
1999.00,13.00,715700.00,4.00,6.00,93851.00,75089.00,931.00,80.00
1999.00,13.00,725730.00,1.00,1.00,77950.00,68378.00,450.00,151.00
1999.00,13.00,735730.00,2.00,2.00,160882.00,131866.00,1054.00,125.00
1999.00,13.00,735800.00,1.00,2.00,289654.00,210205.00,1920.00,109.00
1999.00,13.00,745800.00,1.00,1.00,35626.00,28501.00,221.00,128.00
1999.00,13.00,745830.00,1.00,3.00,317187.00,250414.00,2072.00,120.00
1999.00,13.00,755830.00,1.00,1.00,56971.00,44508.00,416.00,106.00
1999.00,13.00,755900.00,1.00,1.00,75077.00,60206.00,720.00,83.00
1999.00,13.00,755930.00,1.00,1.00,114473.00,88242.00,1000.00,88.00
1999.00,14.00,675600.00,2.00,2.00,201270.00,136043.00,655.00,207.00
1999.00,14.00,685600.00,2.00,3.00,184886.00,138559.00,786.00,176.00
1999.00,14.00,685630.00,1.00,1.00,97280.00,72058.00,400.00,180.00
1999.00,14.00,695600.00,1.00,1.00,7108.00,5361.00,31.00,172.00
1999.00,14.00,715700.00,1.00,1.00,35969.00,28775.00,192.00,149.00
1999.00,14.00,715730.00,1.00,1.00,91750.00,73400.00,432.00,169.00
1999.00,14.00,725700.00,2.00,2.00,85690.00,78854.00,728.00,108.00
1999.00,14.00,725730.00,2.00,2.00,43591.00,36816.00,422.00,87.00
1999.00,14.00,735700.00,1.00,1.00,31744.00,25395.00,276.00,92.00
1999.00,14.00,735730.00,2.00,2.00,8749.00,7183.00,185.00,38.00
1999.00,15.00,665600.00,1.00,1.00,4013.00,2657.00,15.00,177.00
1999.00,15.00,675600.00,1.00,1.00,66574.00,44088.00,267.00,165.00
1999.00,15.00,675630.00,1.00,1.00,10702.00,7087.00,36.00,196.00
1999.00,15.00,685600.00,1.00,1.00,101794.00,74302.00,576.00,128.00
1999.00,15.00,685630.00,3.00,3.00,135278.00,101164.00,482.00,209.00
1999.00,15.00,705701.00,1.00,1.00,8396.00,6084.00,48.00,126.00
1999.00,15.00,705730.00,1.00,1.00,3090.00,2239.00,24.00,93.00
1999.00,15.00,715630.00,2.00,2.00,154720.00,122794.00,919.00,133.00
1999.00,15.00,715700.00,2.00,3.00,236288.00,181094.00,1051.00,172.00
1999.00,15.00,715730.00,2.00,2.00,18304.00,15624.00,109.00,143.00
1999.00,15.00,715800.00,1.00,1.00,14395.00,13086.00,63.00,207.00
1999.00,15.00,725700.00,1.00,1.00,176770.00,156434.00,899.00,174.00
1999.00,15.00,725730.00,2.00,2.00,142771.00,129327.00,619.00,208.00
1999.00,15.00,725800.00,1.00,1.00,8797.00,7997.00,35.00,228.00
1999.00,16.00,675530.00,1.00,1.00,30498.00,19425.00,370.00,52.00
1999.00,16.00,675600.00,2.00,2.00,11527.00,8544.00,129.00,66.00
1999.00,16.00,685530.00,1.00,1.00,9069.00,7255.00,50.00,145.00
1999.00,16.00,685600.00,2.00,2.00,16507.00,11993.00,80.00,149.00
1999.00,16.00,685630.00,2.00,4.00,440509.00,318777.00,1351.00,235.00
1999.00,16.00,695700.00,1.00,1.00,47794.00,36484.00,160.00,228.00
1999.00,16.00,705701.00,2.00,2.00,201971.00,165077.00,581.00,284.00
1999.00,16.00,715630.00,3.00,4.00,238398.00,199649.00,1320.00,151.00
1999.00,16.00,715700.00,4.00,9.00,870742.00,732762.00,3530.00,207.00
1999.00,16.00,715730.00,1.00,1.00,104131.00,88246.00,464.00,190.00
1999.00,16.00,725630.00,3.00,3.00,97270.00,78884.00,522.00,151.00
1999.00,16.00,725700.00,1.00,1.00,158542.00,129952.00,900.00,144.00
1999.00,16.00,725730.00,2.00,3.00,233407.00,201476.00,1194.00,168.00
1999.00,16.00,735730.00,1.00,1.00,,0.00,10.00,0.00
1999.00,16.00,745700.00,1.00,1.00,,0.00,13.00,0.00
1999.00,17.00,685600.00,1.00,1.00,97285.00,71010.00,400.00,177.00
1999.00,17.00,685630.00,3.00,5.00,292139.00,216613.00,991.00,218.00
1999.00,17.00,705630.00,1.00,1.00,32284.00,28074.00,158.00,177.00
1999.00,17.00,705701.00,1.00,1.00,73278.00,60560.00,210.00,288.00
1999.00,17.00,715630.00,1.00,1.00,99712.00,86706.00,331.00,261.00
1999.00,17.00,715700.00,4.00,8.00,843838.00,685458.00,4142.00,165.00
1999.00,17.00,715730.00,1.00,1.00,6025.00,5064.00,24.00,211.00
1999.00,17.00,725700.00,1.00,2.00,236969.00,203661.00,1534.00,132.00
1999.00,17.00,725730.00,2.00,2.00,181860.00,151435.00,1014.00,149.00
1999.00,18.00,685600.00,1.00,1.00,145830.00,103446.00,398.00,259.00
1999.00,18.00,685630.00,3.00,3.00,215624.00,163307.00,761.00,214.00
1999.00,18.00,685700.00,1.00,1.00,27812.00,20911.00,70.00,298.00
1999.00,18.00,695600.00,1.00,1.00,33896.00,28970.00,177.00,163.00
1999.00,18.00,715600.00,1.00,1.00,3852.00,3350.00,25.00,134.00
1999.00,18.00,715630.00,4.00,4.00,178561.00,143955.00,875.00,164.00
1999.00,18.00,715700.00,4.00,9.00,522080.00,441044.00,2639.00,167.00
1999.00,18.00,715730.00,4.00,5.00,362052.00,297810.00,2206.00,135.00
1999.00,18.00,715800.00,1.00,1.00,66949.00,53560.00,299.00,179.00
1999.00,18.00,725630.00,1.00,1.00,78236.00,65744.00,550.00,119.00
1999.00,18.00,725700.00,2.00,2.00,36204.00,28949.00,221.00,130.00
1999.00,18.00,725730.00,2.00,2.00,17706.00,14389.00,151.00,95.00
1999.00,18.00,725800.00,1.00,1.00,2361.00,1889.00,20.00,94.00
1999.00,19.00,685630.00,2.00,3.00,250758.00,183402.00,841.00,218.00
1999.00,19.00,705630.00,1.00,1.00,11082.00,8658.00,40.00,216.00
1999.00,19.00,705701.00,2.00,2.00,99484.00,79475.00,654.00,121.00
1999.00,19.00,705730.00,1.00,1.00,144782.00,123746.00,814.00,152.00
1999.00,19.00,715630.00,1.00,1.00,30547.00,26796.00,171.00,156.00
1999.00,19.00,715700.00,3.00,3.00,120318.00,108014.00,885.00,122.00
1999.00,19.00,715730.00,2.00,3.00,119624.00,102083.00,635.00,160.00
1999.00,19.00,715800.00,1.00,1.00,65435.00,54988.00,340.00,161.00
1999.00,20.00,685630.00,1.00,1.00,94847.00,68729.00,475.00,144.00
1999.00,20.00,705701.00,1.00,1.00,60483.00,48386.00,329.00,147.00
1999.00,20.00,705730.00,1.00,2.00,126226.00,103806.00,794.00,130.00
1999.00,20.00,715700.00,1.00,3.00,66737.00,53992.00,433.00,124.00
1999.00,20.00,715730.00,1.00,2.00,85271.00,70779.00,498.00,142.00
1999.00,21.00,685630.00,1.00,2.00,263341.00,181999.00,1190.00,152.00
1999.00,21.00,695730.00,1.00,1.00,10343.00,7776.00,52.00,149.00
1999.00,21.00,705730.00,1.00,2.00,67076.00,47531.00,309.00,153.00
1999.00,21.00,715730.00,1.00,1.00,17074.00,11233.00,60.00,187.00
1999.00,22.00,705701.00,1.00,1.00,36929.00,28627.00,200.00,143.00
1999.00,22.00,715700.00,1.00,1.00,36930.00,28628.00,200.00,143.00
2000.00,14.00,635530.00,1.00,1.00,2249.00,1490.00,53.00,28.00
2000.00,14.00,645630.00,1.00,1.00,38527.00,25516.00,518.00,49.00
2000.00,14.00,655430.00,1.00,1.00,57078.00,36355.00,548.00,66.00
2000.00,14.00,655500.00,1.00,1.00,10253.00,6790.00,75.00,90.00
2000.00,14.00,665430.00,1.00,1.00,74416.00,53114.00,700.00,75.00
2000.00,14.00,665500.00,1.00,1.00,19622.00,12498.00,169.00,73.00
2000.00,14.00,665530.00,2.00,2.00,127417.00,85880.00,467.00,183.00
2000.00,14.00,665600.00,5.00,6.00,417028.00,295360.00,1449.00,203.00
2000.00,14.00,665630.00,3.00,3.00,145031.00,102474.00,436.00,235.00
2000.00,14.00,675530.00,4.00,4.00,269301.00,180384.00,1197.00,150.00
2000.00,14.00,675600.00,11.00,16.00,1675037.00,1208750.00,6435.00,187.00
2000.00,14.00,675630.00,6.00,7.00,284680.00,190445.00,2074.00,91.00
2000.00,14.00,675700.00,1.00,1.00,3066.00,2144.00,30.00,71.00
2000.00,14.00,685530.00,3.00,3.00,204621.00,143041.00,817.00,175.00
2000.00,14.00,685600.00,12.00,27.00,2741722.00,1905994.00,11930.00,159.00
2000.00,14.00,685630.00,9.00,12.00,405973.00,278126.00,3061.00,90.00
2000.00,14.00,685700.00,4.00,4.00,22175.00,15087.00,551.00,27.00
2000.00,14.00,695600.00,1.00,1.00,128374.00,91695.00,1120.00,81.00
2000.00,14.00,695631.00,3.00,4.00,102035.00,76108.00,850.00,89.00
2000.00,14.00,695700.00,3.00,3.00,9307.00,6572.00,604.00,10.00
2000.00,14.00,695730.00,1.00,1.00,222.00,186.00,100.00,1.00
2000.00,14.00,705600.00,4.00,5.00,252164.00,180026.00,1134.00,158.00
2000.00,14.00,705630.00,7.00,8.00,492395.00,358115.00,2536.00,141.00
2000.00,14.00,705701.00,4.00,4.00,193554.00,145380.00,1365.00,106.00
2000.00,14.00,705730.00,4.00,5.00,687.00,561.00,548.00,1.00
2000.00,14.00,705800.00,3.00,3.00,438.00,313.00,346.00,0.00
2000.00,14.00,715600.00,3.00,3.00,192271.00,148585.00,1018.00,145.00
2000.00,14.00,715630.00,9.00,17.00,1467913.00,1070446.00,7964.00,134.00
2000.00,14.00,715700.00,7.00,16.00,1188698.00,884620.00,7320.00,120.00
2000.00,14.00,715730.00,3.00,3.00,75065.00,56363.00,691.00,81.00
2000.00,14.00,715800.00,1.00,1.00,3582.00,2889.00,60.00,48.00
2000.00,14.00,725600.00,3.00,3.00,211162.00,160777.00,1080.00,148.00
2000.00,14.00,725630.00,8.00,14.00,1478299.00,1114040.00,8448.00,131.00
2000.00,14.00,725700.00,10.00,20.00,1580872.00,1204771.00,9040.00,133.00
2000.00,14.00,725730.00,8.00,10.00,434337.00,340106.00,4178.00,81.00
2000.00,14.00,725800.00,3.00,3.00,149612.00,115410.00,1174.00,98.00
2000.00,14.00,725830.00,3.00,3.00,172234.00,148467.00,1122.00,132.00
2000.00,14.00,725900.00,1.00,1.00,134206.00,104036.00,713.00,145.00
2000.00,14.00,735600.00,1.00,1.00,51262.00,41676.00,116.00,359.00
2000.00,14.00,735700.00,8.00,10.00,878550.00,720270.00,4301.00,167.00
2000.00,14.00,735730.00,9.00,12.00,801100.00,640898.00,6517.00,98.00
2000.00,14.00,735800.00,13.00,24.00,2483784.00,1996642.00,14171.00,140.00
2000.00,14.00,735830.00,17.00,26.00,2590070.00,2139118.00,15094.00,141.00
2000.00,14.00,735900.00,3.00,3.00,175416.00,145217.00,1361.00,106.00
2000.00,14.00,745800.00,2.00,2.00,49.00,41.00,224.00,0.00
2000.00,14.00,745830.00,12.00,18.00,853742.00,714121.00,5763.00,123.00
2000.00,14.00,745900.00,3.00,3.00,27411.00,21824.00,307.00,71.00
2000.00,14.00,745930.00,7.00,6.00,360303.00,297421.00,2068.00,143.00
2000.00,14.00,755830.00,3.00,2.00,9038.00,7752.00,392.00,19.00
2000.00,14.00,755900.00,4.00,4.00,389345.00,323801.00,2193.00,147.00
2000.00,14.00,755930.00,2.00,2.00,139835.00,120470.00,820.00,146.00
2000.00,15.00,665630.00,1.00,1.00,40571.00,27788.00,219.00,126.00
2000.00,15.00,675530.00,3.00,3.00,291487.00,208227.00,976.00,213.00
2000.00,15.00,675600.00,7.00,13.00,1549070.00,1091147.00,5109.00,213.00
2000.00,15.00,675630.00,2.00,2.00,48052.00,36426.00,152.00,239.00
2000.00,15.00,685530.00,1.00,1.00,10990.00,7632.00,34.00,224.00
2000.00,15.00,685600.00,10.00,15.00,933751.00,674480.00,4225.00,159.00
2000.00,15.00,685630.00,2.00,3.00,164383.00,117984.00,458.00,257.00
2000.00,15.00,695600.00,1.00,1.00,67179.00,46978.00,305.00,154.00
2000.00,15.00,695631.00,1.00,1.00,16756.00,12694.00,240.00,52.00
2000.00,15.00,695730.00,1.00,1.00,0.00,0.00,50.00,0.00
2000.00,15.00,705600.00,2.00,2.00,262708.00,191406.00,695.00,275.00
2000.00,15.00,705630.00,3.00,4.00,143095.00,102851.00,781.00,131.00
2000.00,15.00,705730.00,1.00,1.00,3275.00,2558.00,60.00,42.00
2000.00,15.00,715600.00,1.00,1.00,71566.00,50399.00,494.00,102.00
2000.00,15.00,715630.00,7.00,9.00,990641.00,743125.00,4858.00,152.00
2000.00,15.00,715700.00,5.00,5.00,330630.00,236148.00,2026.00,116.00
2000.00,15.00,715730.00,1.00,1.00,93464.00,66759.00,500.00,133.00
2000.00,15.00,725630.00,4.00,4.00,290958.00,217661.00,1768.00,123.00
2000.00,15.00,725700.00,4.00,5.00,669822.00,515111.00,3687.00,139.00
2000.00,15.00,725730.00,2.00,2.00,88569.00,68810.00,662.00,103.00
2000.00,15.00,725900.00,1.00,1.00,24.00,19.00,23.00,0.00
2000.00,15.00,725930.00,1.00,1.00,34.00,27.00,30.00,0.00
2000.00,15.00,735630.00,1.00,1.00,97692.00,70790.00,798.00,88.00
2000.00,15.00,735730.00,2.00,2.00,260099.00,199786.00,1017.00,196.00
2000.00,15.00,735800.00,3.00,3.00,306473.00,225733.00,1791.00,126.00
2000.00,15.00,735830.00,5.00,5.00,293927.00,238394.00,1956.00,121.00
2000.00,15.00,735900.00,1.00,1.00,40775.00,31608.00,531.00,59.00
2000.00,15.00,735930.00,1.00,1.00,589.00,456.00,28.00,16.00
2000.00,15.00,745800.00,2.00,2.00,18948.00,15303.00,109.00,140.00
2000.00,15.00,745830.00,3.00,3.00,55041.00,45372.00,380.00,119.00
2000.00,16.00,675530.00,1.00,1.00,7834.00,5188.00,38.00,136.00
2000.00,16.00,675600.00,1.00,1.00,70500.00,46689.00,347.00,134.00
2000.00,16.00,715630.00,1.00,1.00,64902.00,47374.00,402.00,117.00
2000.00,16.00,715700.00,1.00,1.00,108741.00,97965.00,854.00,114.00
2000.00,17.00,665530.00,1.00,1.00,10640.00,7493.00,99.00,75.00
2000.00,17.00,675500.00,1.00,1.00,6352.00,4473.00,55.00,81.00
2000.00,17.00,675530.00,2.00,3.00,354159.00,239624.00,1770.00,135.00
2000.00,17.00,675600.00,3.00,4.00,211945.00,142147.00,880.00,161.00
2000.00,17.00,705600.00,1.00,1.00,29516.00,21976.00,133.00,165.00
2000.00,17.00,705630.00,2.00,2.00,43758.00,32224.00,189.00,170.00
2000.00,17.00,715630.00,3.00,3.00,305357.00,223846.00,1587.00,141.00
2000.00,17.00,725630.00,1.00,1.00,1355.00,1067.00,7.00,152.00
2000.00,17.00,725700.00,1.00,1.00,60457.00,47603.00,540.00,88.00
2000.00,17.00,735730.00,1.00,1.00,7596.00,5888.00,39.00,150.00
2000.00,17.00,735800.00,2.00,2.00,151234.00,115860.00,586.00,197.00
2000.00,17.00,735830.00,1.00,1.00,581.00,457.00,5.00,91.00
2000.00,17.00,745830.00,1.00,1.00,5927.00,4667.00,73.00,63.00
2000.00,17.00,755830.00,1.00,1.00,22946.00,18067.00,114.00,158.00
2000.00,17.00,755900.00,1.00,1.00,31439.00,24757.00,198.00,125.00
2000.00,18.00,675530.00,1.00,1.00,33644.00,22733.00,217.00,104.00
2000.00,18.00,675600.00,3.00,3.00,127948.00,84576.00,483.00,175.00
2000.00,18.00,705630.00,1.00,1.00,38878.00,26812.00,200.00,134.00
2000.00,18.00,715630.00,2.00,2.00,159433.00,112512.00,1099.00,102.00
2000.00,18.00,735800.00,1.00,2.00,226578.00,176640.00,754.00,234.00
2000.00,19.00,675530.00,1.00,2.00,6936.00,4867.00,28.00,173.00
2000.00,19.00,675600.00,1.00,2.00,136189.00,96223.00,505.00,190.00
2000.00,19.00,685600.00,1.00,2.00,166217.00,123783.00,826.00,149.00
2000.00,19.00,705630.00,1.00,1.00,13022.00,9301.00,72.00,129.00
2000.00,19.00,705800.00,1.00,1.00,95.00,77.00,12.00,6.00
2000.00,19.00,715630.00,2.00,2.00,70537.00,50266.00,417.00,120.00
2000.00,19.00,715700.00,1.00,1.00,2226.00,1810.00,16.00,113.00
2000.00,19.00,725630.00,1.00,1.00,6332.00,4909.00,53.00,92.00
2000.00,19.00,725700.00,1.00,1.00,31805.00,24656.00,285.00,86.00
2000.00,19.00,725800.00,1.00,1.00,8.00,6.00,1.00,6.00
2000.00,19.00,735800.00,1.00,1.00,80459.00,65448.00,372.00,175.00
2000.00,20.00,705701.00,1.00,1.00,1633.00,1201.00,10.00,120.00
2000.00,20.00,715700.00,1.00,1.00,28068.00,20659.00,158.00,130.00
2001.00,3.00,675530.00,1.00,1.00,9555.00,6086.00,45.00,135.00
2001.00,3.00,675600.00,2.00,2.00,271327.00,176738.00,1063.00,166.00
2001.00,3.00,685600.00,2.00,2.00,12473.00,8225.00,129.00,63.00
2001.00,3.00,685700.00,1.00,1.00,10921.00,7281.00,282.00,25.00
2001.00,3.00,685730.00,1.00,1.00,1095.00,730.00,266.00,2.00
2001.00,3.00,715630.00,1.00,1.00,20251.00,15226.00,116.00,131.00
2001.00,3.00,725630.00,1.00,1.00,135303.00,101732.00,457.00,222.00
2001.00,3.00,735800.00,1.00,1.00,46071.00,36452.00,219.00,166.00
2001.00,3.00,735830.00,1.00,1.00,126986.00,100604.00,491.00,204.00
2001.00,3.00,745800.00,1.00,1.00,16170.00,12839.00,95.00,135.00
2001.00,3.00,745830.00,1.00,1.00,105745.00,83349.00,414.00,201.00
2001.00,3.00,776000.00,1.00,1.00,201.00,138.00,50.00,2.00
2001.00,3.00,786000.00,1.00,1.00,13217.00,9052.00,155.00,58.00
2001.00,4.00,675530.00,1.00,1.00,859.00,551.00,12.00,45.00
2001.00,4.00,675600.00,3.00,3.00,162611.00,105417.00,879.00,119.00
2001.00,4.00,675630.00,1.00,1.00,4804.00,2860.00,91.00,31.00
2001.00,4.00,685600.00,3.00,3.00,166661.00,106215.00,945.00,112.00
2001.00,4.00,715630.00,2.00,2.00,44062.00,30940.00,228.00,135.00
2001.00,4.00,725630.00,2.00,2.00,340983.00,243108.00,1210.00,200.00
2001.00,4.00,776000.00,1.00,1.00,620.00,456.00,50.00,9.00
2001.00,4.00,786000.00,1.00,1.00,80076.00,58879.00,398.00,147.00
2001.00,5.00,665430.00,1.00,1.00,16663.00,11902.00,375.00,31.00
2001.00,5.00,665500.00,2.00,2.00,46176.00,31192.00,525.00,59.00
2001.00,5.00,665530.00,2.00,2.00,27417.00,18252.00,691.00,26.00
2001.00,5.00,665600.00,2.00,2.00,35872.00,23819.00,180.00,132.00
2001.00,5.00,665630.00,1.00,1.00,23205.00,15068.00,265.00,56.00
2001.00,5.00,675430.00,1.00,1.00,51412.00,31933.00,802.00,39.00
2001.00,5.00,675500.00,2.00,3.00,125711.00,85395.00,1371.00,62.00
2001.00,5.00,675530.00,6.00,12.00,427270.00,294650.00,4822.00,61.00
2001.00,5.00,675600.00,9.00,17.00,500907.00,344113.00,7196.00,47.00
2001.00,5.00,675630.00,2.00,3.00,53079.00,35676.00,527.00,67.00
2001.00,5.00,685530.00,2.00,4.00,117573.00,82171.00,808.00,101.00
2001.00,5.00,685600.00,6.00,13.00,637240.00,429704.00,7105.00,60.00
2001.00,5.00,685630.00,5.00,5.00,81405.00,57211.00,979.00,58.00
2001.00,5.00,695600.00,1.00,1.00,677.00,473.00,75.00,6.00
2001.00,5.00,705600.00,4.00,4.00,9188.00,6252.00,259.00,24.00
2001.00,5.00,705630.00,3.00,3.00,33298.00,23269.00,406.00,57.00
2001.00,5.00,715600.00,2.00,2.00,36378.00,27149.00,535.00,50.00
2001.00,5.00,715630.00,9.00,12.00,445530.00,329049.00,4074.00,80.00
2001.00,5.00,715700.00,5.00,6.00,140903.00,101275.00,1220.00,83.00
2001.00,5.00,725600.00,4.00,4.00,149489.00,108297.00,1565.00,69.00
2001.00,5.00,725630.00,11.00,17.00,1590289.00,1155875.00,10168.00,113.00
2001.00,5.00,725700.00,9.00,13.00,442146.00,322385.00,3544.00,90.00
2001.00,5.00,725730.00,2.00,2.00,44870.00,34715.00,283.00,122.00
2001.00,5.00,725800.00,2.00,2.00,33060.00,26235.00,140.00,187.00
2001.00,5.00,735600.00,1.00,1.00,23920.00,18260.00,149.00,122.00
2001.00,5.00,735630.00,2.00,2.00,168397.00,129518.00,1226.00,105.00
2001.00,5.00,735700.00,5.00,7.00,700001.00,513961.00,2975.00,172.00
2001.00,5.00,735730.00,8.00,10.00,703546.00,530975.00,4469.00,118.00
2001.00,5.00,735800.00,11.00,20.00,1433900.00,1101001.00,8876.00,124.00
2001.00,5.00,735830.00,6.00,6.00,193332.00,149739.00,1009.00,148.00
2001.00,5.00,745800.00,8.00,9.00,304190.00,234029.00,2313.00,101.00
2001.00,5.00,745830.00,5.00,5.00,172340.00,137870.00,1008.00,136.00
2001.00,5.00,745900.00,1.00,3.00,399555.00,341330.00,1876.00,181.00
2001.00,5.00,745930.00,2.00,3.00,351533.00,261918.00,1429.00,183.00
2001.00,5.00,755900.00,2.00,3.00,89069.00,69610.00,560.00,124.00
2001.00,5.00,755930.00,3.00,4.00,439800.00,393775.00,2902.00,135.00
2001.00,5.00,765830.00,1.00,1.00,0.00,0.00,33.00,0.00
2001.00,5.00,786000.00,1.00,1.00,14751.00,11175.00,280.00,39.00
2001.00,6.00,665500.00,1.00,1.00,64150.00,41928.00,340.00,123.00
2001.00,6.00,665530.00,3.00,3.00,146035.00,103056.00,1424.00,72.00
2001.00,6.00,665600.00,1.00,1.00,40882.00,27254.00,550.00,49.00
2001.00,6.00,675500.00,1.00,1.00,911.00,599.00,11.00,54.00
2001.00,6.00,675530.00,5.00,13.00,586956.00,401853.00,5884.00,68.00
2001.00,6.00,675600.00,6.00,14.00,388066.00,266173.00,5495.00,48.00
2001.00,6.00,675630.00,3.00,3.00,85020.00,57171.00,1235.00,46.00
2001.00,6.00,685530.00,1.00,1.00,71411.00,43811.00,720.00,60.00
2001.00,6.00,685600.00,9.00,20.00,983595.00,676987.00,12108.00,55.00
2001.00,6.00,685630.00,3.00,3.00,98277.00,65057.00,1277.00,50.00
2001.00,6.00,685700.00,2.00,2.00,12962.00,9544.00,170.00,56.00
2001.00,6.00,695600.00,1.00,1.00,37801.00,25370.00,450.00,56.00
2001.00,6.00,705630.00,1.00,1.00,46404.00,32451.00,246.00,131.00
2001.00,6.00,705800.00,1.00,1.00,5247.00,4164.00,125.00,33.00
2001.00,6.00,715600.00,2.00,4.00,231155.00,165707.00,1893.00,87.00
2001.00,6.00,715630.00,7.00,10.00,288301.00,213109.00,2925.00,72.00
2001.00,6.00,715700.00,3.00,3.00,111907.00,80495.00,1223.00,65.00
2001.00,6.00,715730.00,1.00,1.00,47824.00,36497.00,225.00,162.00
2001.00,6.00,715800.00,1.00,1.00,47823.00,36497.00,225.00,162.00
2001.00,6.00,725600.00,1.00,1.00,76162.00,54401.00,515.00,105.00
2001.00,6.00,725630.00,11.00,21.00,1588984.00,1157423.00,11930.00,97.00
2001.00,6.00,725700.00,5.00,11.00,554614.00,412000.00,4218.00,97.00
2001.00,6.00,725730.00,3.00,3.00,133522.00,99960.00,891.00,112.00
2001.00,6.00,725830.00,1.00,1.00,68982.00,49273.00,300.00,164.00
2001.00,6.00,726300.00,1.00,1.00,15023.00,9948.00,191.00,52.00
2001.00,6.00,735600.00,1.00,1.00,56732.00,42338.00,560.00,75.00
2001.00,6.00,735630.00,2.00,2.00,59897.00,44212.00,594.00,74.00
2001.00,6.00,735700.00,5.00,7.00,449185.00,337172.00,2750.00,122.00
2001.00,6.00,735730.00,11.00,16.00,875537.00,663000.00,5860.00,113.00
2001.00,6.00,735800.00,11.00,24.00,2131393.00,1566154.00,10212.00,153.00
2001.00,6.00,735830.00,5.00,6.00,218239.00,167624.00,1258.00,133.00
2001.00,6.00,735900.00,1.00,1.00,5367.00,3779.00,90.00,41.00
2001.00,6.00,745730.00,1.00,1.00,10109.00,8153.00,32.00,254.00
2001.00,6.00,745800.00,6.00,8.00,632244.00,493009.00,3691.00,133.00
2001.00,6.00,745830.00,4.00,5.00,259085.00,211950.00,1359.00,155.00
2001.00,6.00,755800.00,2.00,2.00,73538.00,56940.00,966.00,58.00
2001.00,6.00,755930.00,3.00,3.00,94307.00,79945.00,897.00,89.00
2001.00,6.00,765930.00,2.00,2.00,3617.00,2576.00,78.00,33.00
2001.00,6.00,766000.00,1.00,1.00,5457.00,4331.00,70.00,61.00
2001.00,6.00,766030.00,1.00,1.00,138.00,110.00,21.00,5.00
2001.00,6.00,776000.00,1.00,1.00,101.00,72.00,65.00,1.00
2001.00,6.00,776030.00,1.00,1.00,2671.00,1908.00,65.00,29.00
2001.00,6.00,786000.00,2.00,2.00,34619.00,27470.00,123.00,223.00
2001.00,7.00,665500.00,1.00,1.00,35698.00,23332.00,180.00,129.00
2001.00,7.00,665530.00,1.00,1.00,938.00,670.00,50.00,13.00
2001.00,7.00,665600.00,2.00,2.00,10615.00,7219.00,135.00,53.00
2001.00,7.00,675530.00,3.00,4.00,48412.00,32359.00,600.00,53.00
2001.00,7.00,675600.00,3.00,5.00,120281.00,79266.00,1170.00,67.00
2001.00,7.00,685530.00,1.00,1.00,5031.00,3594.00,60.00,59.00
2001.00,7.00,685600.00,2.00,3.00,76859.00,52013.00,740.00,70.00
2001.00,7.00,685630.00,2.00,2.00,19202.00,11555.00,197.00,58.00
2001.00,7.00,715600.00,1.00,1.00,18471.00,13194.00,118.00,111.00
2001.00,7.00,715630.00,2.00,2.00,61446.00,43607.00,520.00,83.00
2001.00,7.00,715700.00,1.00,1.00,25076.00,17294.00,230.00,75.00
2001.00,7.00,725630.00,1.00,1.00,15882.00,11942.00,130.00,91.00
2001.00,7.00,725700.00,3.00,5.00,137200.00,96555.00,1615.00,59.00
2001.00,7.00,735700.00,2.00,2.00,57904.00,42893.00,501.00,85.00
2001.00,7.00,735730.00,3.00,3.00,43077.00,33499.00,316.00,106.00
2001.00,7.00,735800.00,6.00,6.00,212492.00,173153.00,1203.00,143.00
2001.00,7.00,735830.00,1.00,1.00,19264.00,16381.00,148.00,110.00
2001.00,7.00,745800.00,3.00,3.00,105881.00,85211.00,573.00,148.00
2001.00,7.00,755930.00,1.00,1.00,85291.00,60064.00,406.00,147.00
2001.00,7.00,766030.00,1.00,1.00,2332.00,2063.00,80.00,25.00
2001.00,7.00,776000.00,1.00,1.00,146.00,129.00,5.00,25.00
2001.00,7.00,776030.00,1.00,1.00,2215.00,1960.00,76.00,25.00
2001.00,8.00,715630.00,1.00,2.00,50318.00,36922.00,355.00,104.00
2001.00,8.00,725630.00,1.00,1.00,2704.00,1974.00,16.00,123.00
2001.00,8.00,725730.00,1.00,1.00,1717.00,1331.00,20.00,66.00
2001.00,8.00,725800.00,1.00,2.00,1411.00,1084.00,42.00,25.00
2001.00,8.00,725830.00,1.00,1.00,1193.00,911.00,32.00,28.00
2001.00,8.00,735730.00,1.00,5.00,216388.00,159279.00,1782.00,89.00
2001.00,8.00,735800.00,2.00,6.00,137400.00,105217.00,1193.00,88.00
2001.00,8.00,735830.00,1.00,1.00,91276.00,69677.00,508.00,137.00
2001.00,8.00,735930.00,1.00,1.00,16.00,13.00,0.00,
2001.00,8.00,745800.00,2.00,4.00,62678.00,46650.00,503.00,92.00
2001.00,8.00,745830.00,1.00,1.00,506.00,383.00,8.00,47.00
2001.00,8.00,745900.00,1.00,1.00,30097.00,23332.00,252.00,92.00
2001.00,8.00,745930.00,1.00,1.00,10560.00,8186.00,101.00,81.00
2001.00,8.00,755900.00,1.00,1.00,1229.00,953.00,8.00,119.00
2001.00,8.00,755930.00,1.00,1.00,1229.00,953.00,8.00,119.00
2001.00,9.00,715630.00,2.00,2.00,105851.00,78433.00,1000.00,78.00
2001.00,9.00,715700.00,1.00,1.00,4693.00,3425.00,53.00,64.00
2001.00,9.00,725630.00,1.00,1.00,58695.00,43803.00,399.00,109.00
2001.00,9.00,735730.00,1.00,1.00,47943.00,35779.00,400.00,89.00
2001.00,9.00,735800.00,1.00,3.00,115420.00,89719.00,607.00,147.00
2001.00,9.00,745800.00,1.00,2.00,31805.00,24433.00,241.00,101.00
2001.00,9.00,745830.00,1.00,1.00,690.00,514.00,12.00,42.00
2001.00,9.00,745900.00,1.00,1.00,10916.00,9097.00,57.00,159.00
2001.00,9.00,745930.00,1.00,1.00,21998.00,18332.00,110.00,166.00
2001.00,9.00,755900.00,1.00,1.00,1984.00,1654.00,25.00,66.00
2001.00,9.00,755930.00,1.00,1.00,19550.00,16292.00,132.00,123.00
2001.00,10.00,715630.00,2.00,3.00,34117.00,24526.00,265.00,92.00
2001.00,10.00,725630.00,2.00,3.00,76802.00,55063.00,649.00,84.00
2001.00,10.00,735730.00,2.00,2.00,104242.00,78150.00,1137.00,68.00
2001.00,10.00,735800.00,1.00,2.00,57476.00,44046.00,192.00,229.00
2001.00,10.00,735830.00,2.00,5.00,204142.00,161145.00,915.00,176.00
2001.00,10.00,745800.00,2.00,2.00,12392.00,9203.00,110.00,83.00
2001.00,10.00,745830.00,1.00,3.00,5944.00,4830.00,160.00,30.00
2001.00,10.00,745900.00,1.00,3.00,164131.00,132603.00,1116.00,118.00
2001.00,10.00,755900.00,1.00,1.00,7536.00,6127.00,38.00,161.00
2001.00,10.00,755930.00,1.00,1.00,4397.00,3574.00,30.00,119.00
2001.00,11.00,725630.00,1.00,1.00,55784.00,41321.00,698.00,59.00
2001.00,11.00,735830.00,1.00,1.00,26696.00,19629.00,158.00,124.00
2001.00,12.00,715630.00,1.00,1.00,40650.00,30336.00,465.00,65.00
2001.00,12.00,725630.00,1.00,1.00,13541.00,10105.00,265.00,38.00
2001.00,12.00,725700.00,1.00,1.00,1065.00,795.00,26.00,30.00
2001.00,12.00,735830.00,1.00,1.00,27207.00,19859.00,110.00,180.00
2001.00,13.00,715630.00,1.00,1.00,9949.00,7424.00,72.00,103.00
2002.00,3.00,645501.00,1.00,1.00,2232.00,1519.00,90.00,16.00
2002.00,3.00,655530.00,2.00,2.00,26743.00,20572.00,511.00,40.00
2002.00,3.00,655600.00,1.00,1.00,921.00,626.00,100.00,6.00
2002.00,3.00,655630.00,1.00,1.00,1371.00,932.00,100.00,9.00
2002.00,3.00,665500.00,4.00,4.00,150207.00,106335.00,1810.00,58.00
2002.00,3.00,665530.00,3.00,3.00,71298.00,53015.00,751.00,70.00
2002.00,3.00,665600.00,4.00,3.00,49093.00,36850.00,662.00,55.00
2002.00,3.00,665800.00,1.00,1.00,29303.00,19934.00,410.00,48.00
2002.00,3.00,675500.00,2.00,2.00,4945.00,3497.00,167.00,20.00
2002.00,3.00,675530.00,6.00,10.00,438797.00,316953.00,4912.00,64.00
2002.00,3.00,675600.00,10.00,22.00,956736.00,691563.00,11295.00,61.00
2002.00,3.00,675630.00,2.00,4.00,124544.00,86972.00,1455.00,59.00
2002.00,3.00,675800.00,1.00,1.00,58629.00,42179.00,656.00,64.00
2002.00,3.00,685530.00,4.00,5.00,99750.00,72442.00,1404.00,51.00
2002.00,3.00,685600.00,9.00,17.00,511243.00,376323.00,6976.00,53.00
2002.00,3.00,685630.00,6.00,9.00,153999.00,113488.00,2486.00,45.00
2002.00,3.00,695800.00,1.00,1.00,14348.00,9827.00,240.00,40.00
2002.00,3.00,705600.00,2.00,3.00,47535.00,34976.00,665.00,52.00
2002.00,3.00,705630.00,6.00,7.00,268539.00,214469.00,4100.00,52.00
2002.00,3.00,705800.00,1.00,1.00,0.00,0.00,22.00,0.00
2002.00,3.00,705830.00,2.00,2.00,134838.00,101936.00,1659.00,61.00
2002.00,3.00,715600.00,4.00,5.00,217524.00,163104.00,2523.00,64.00
2002.00,3.00,715630.00,12.00,32.00,1615812.00,1274037.00,15768.00,80.00
2002.00,3.00,715700.00,5.00,7.00,319068.00,252283.00,3655.00,69.00
2002.00,3.00,715730.00,1.00,1.00,31273.00,25018.00,558.00,44.00
2002.00,3.00,725630.00,10.00,22.00,673396.00,531876.00,6394.00,83.00
2002.00,3.00,725700.00,5.00,16.00,667463.00,515431.00,8102.00,63.00
2002.00,3.00,725730.00,4.00,5.00,78732.00,64172.00,694.00,92.00
2002.00,3.00,725800.00,2.00,5.00,275383.00,242528.00,1940.00,125.00
2002.00,3.00,725830.00,2.00,2.00,192141.00,164217.00,1884.00,87.00
2002.00,3.00,735530.00,2.00,1.00,5287.00,4263.00,28.00,152.00
2002.00,3.00,735600.00,1.00,1.00,12888.00,10563.00,113.00,93.00
2002.00,3.00,735630.00,4.00,3.00,101978.00,81402.00,1012.00,80.00
2002.00,3.00,735700.00,8.00,14.00,690537.00,541011.00,6012.00,89.00
2002.00,3.00,735730.00,10.00,30.00,2242190.00,1738848.00,16174.00,107.00
2002.00,3.00,735800.00,14.00,45.00,3287374.00,2517895.00,28915.00,87.00
2002.00,3.00,735830.00,9.00,13.00,719401.00,573966.00,5795.00,99.00
2002.00,3.00,745730.00,1.00,1.00,30658.00,22879.00,180.00,127.00
2002.00,3.00,745800.00,13.00,20.00,1270034.00,1013297.00,11794.00,85.00
2002.00,3.00,745830.00,10.00,15.00,1110627.00,876204.00,8994.00,97.00
2002.00,3.00,745900.00,1.00,1.00,64055.00,52504.00,277.00,189.00
2002.00,3.00,755700.00,1.00,1.00,44426.00,34174.00,92.00,371.00
2002.00,3.00,755800.00,2.00,2.00,3290.00,2697.00,32.00,84.00
2002.00,3.00,755830.00,2.00,2.00,3257.00,2585.00,118.00,21.00
2002.00,3.00,755900.00,3.00,4.00,75108.00,56126.00,467.00,120.00
2002.00,3.00,755930.00,1.00,1.00,776.00,583.00,64.00,9.00
2002.00,3.00,765530.00,1.00,1.00,4755.00,3835.00,27.00,142.00
2002.00,3.00,765800.00,1.00,1.00,151747.00,122377.00,1048.00,116.00
2002.00,3.00,765830.00,1.00,1.00,276.00,207.00,65.00,3.00
2002.00,3.00,766000.00,1.00,1.00,227.00,174.00,10.00,17.00
2002.00,3.00,775900.00,1.00,1.00,233.00,175.00,30.00,5.00
2002.00,3.00,775930.00,2.00,2.00,68570.00,53570.00,537.00,99.00
2002.00,3.00,776000.00,1.00,1.00,1.00,1.00,4.00,0.00
2002.00,3.00,786000.00,1.00,1.00,1712.00,1286.00,42.00,30.00
2002.00,3.00,796000.00,1.00,1.00,200966.00,164726.00,500.00,329.00
2002.00,4.00,665500.00,1.00,1.00,59394.00,44324.00,600.00,73.00
2002.00,4.00,675530.00,3.00,3.00,90323.00,61649.00,1516.00,40.00
2002.00,4.00,675600.00,2.00,2.00,62173.00,43137.00,909.00,47.00
2002.00,4.00,675630.00,1.00,1.00,88518.00,65569.00,1550.00,42.00
2002.00,4.00,675700.00,1.00,1.00,35009.00,28007.00,419.00,66.00
2002.00,4.00,685530.00,1.00,1.00,34600.00,27904.00,1300.00,21.00
2002.00,4.00,685600.00,3.00,4.00,101774.00,72772.00,1477.00,49.00
2002.00,4.00,685630.00,1.00,1.00,9344.00,7244.00,200.00,36.00
2002.00,4.00,705630.00,3.00,3.00,106558.00,82343.00,1792.00,45.00
2002.00,4.00,715630.00,7.00,11.00,570829.00,436630.00,4532.00,96.00
2002.00,4.00,715700.00,4.00,6.00,372224.00,297429.00,5016.00,59.00
2002.00,4.00,715800.00,1.00,1.00,43938.00,35435.00,659.00,53.00
2002.00,4.00,715830.00,1.00,1.00,23444.00,17113.00,241.00,71.00
2002.00,4.00,725630.00,6.00,8.00,248930.00,191881.00,2871.00,66.00
2002.00,4.00,725700.00,8.00,10.00,734777.00,578998.00,9079.00,63.00
2002.00,4.00,725730.00,2.00,2.00,64461.00,48406.00,691.00,70.00
2002.00,4.00,725800.00,2.00,2.00,72481.00,54648.00,405.00,134.00
2002.00,4.00,725830.00,1.00,1.00,35166.00,25668.00,361.00,71.00
2002.00,4.00,735700.00,3.00,3.00,153747.00,117678.00,1980.00,59.00
2002.00,4.00,735730.00,10.00,11.00,774010.00,589613.00,8745.00,67.00
2002.00,4.00,735800.00,12.00,17.00,1296957.00,1109604.00,12802.00,86.00
2002.00,4.00,735830.00,4.00,4.00,91404.00,72247.00,968.00,74.00
2002.00,4.00,745800.00,2.00,2.00,80783.00,73800.00,610.00,120.00
2002.00,4.00,745830.00,2.00,2.00,48626.00,44443.00,361.00,123.00
2002.00,4.00,745900.00,1.00,1.00,27183.00,21573.00,407.00,53.00
2002.00,4.00,755900.00,1.00,1.00,433.00,346.00,35.00,9.00
2002.00,4.00,765600.00,1.00,1.00,0.00,1.00,1.00,1.00
2002.00,4.00,765830.00,1.00,1.00,7.00,6.00,50.00,0.00
2002.00,4.00,765900.00,1.00,1.00,1830.00,1464.00,97.00,15.00
2002.00,4.00,765930.00,1.00,1.00,710.00,568.00,7.00,81.00
2002.00,4.00,766000.00,1.00,1.00,18334.00,14666.00,202.00,72.00
2002.00,4.00,999999.00,1.00,1.00,30919.00,25765.00,600.00,42.00
2002.00,5.00,665530.00,1.00,1.00,15723.00,36031.00,628.00,57.00
2002.00,5.00,665630.00,1.00,1.00,10177.00,7710.00,180.00,42.00
2002.00,5.00,675530.00,2.00,3.00,78424.00,59063.00,3450.00,17.00
2002.00,5.00,675600.00,2.00,4.00,186587.00,139805.00,2661.00,52.00
2002.00,5.00,685600.00,5.00,6.00,170300.00,125594.00,2558.00,49.00
2002.00,5.00,685630.00,2.00,2.00,22715.00,18872.00,370.00,51.00
2002.00,5.00,705600.00,1.00,1.00,30124.00,21364.00,771.00,27.00
2002.00,5.00,705630.00,4.00,6.00,193473.00,150101.00,3072.00,48.00
2002.00,5.00,715630.00,7.00,7.00,315462.00,228023.00,3250.00,70.00
2002.00,5.00,715700.00,5.00,6.00,93200.00,71584.00,1510.00,47.00
2002.00,5.00,715730.00,1.00,1.00,3295.00,2637.00,54.00,48.00
2002.00,5.00,715800.00,1.00,1.00,42615.00,33034.00,700.00,47.00
2002.00,5.00,725600.00,2.00,2.00,83514.00,64443.00,989.00,65.00
2002.00,5.00,725630.00,7.00,10.00,424314.00,334679.00,5319.00,62.00
2002.00,5.00,725700.00,8.00,14.00,349822.00,266150.00,3745.00,71.00
2002.00,5.00,725730.00,7.00,9.00,275839.00,214663.00,2650.00,81.00
2002.00,5.00,725800.00,2.00,2.00,40502.00,31279.00,394.00,79.00
2002.00,5.00,735630.00,2.00,2.00,19805.00,15612.00,717.00,21.00
2002.00,5.00,735700.00,3.00,5.00,117645.00,91341.00,1278.00,71.00
2002.00,5.00,735730.00,9.00,11.00,582067.00,449451.00,5376.00,83.00
2002.00,5.00,735800.00,10.00,19.00,909060.00,705553.00,7595.00,92.00
2002.00,5.00,735830.00,5.00,5.00,196567.00,151421.00,1869.00,81.00
2002.00,5.00,745800.00,7.00,8.00,176753.00,140367.00,1634.00,85.00
2002.00,5.00,745830.00,5.00,5.00,160409.00,133523.00,1820.00,73.00
2002.00,5.00,755830.00,1.00,1.00,3132.00,2286.00,174.00,13.00
2002.00,5.00,755900.00,2.00,2.00,10377.00,8017.00,204.00,39.00
2002.00,5.00,755930.00,1.00,1.00,19056.00,15243.00,121.00,125.00
2002.00,5.00,765830.00,1.00,1.00,1879.00,1371.00,120.00,11.00
2002.00,5.00,775900.00,1.00,1.00,184801.00,132000.00,1040.00,126.00
2002.00,5.00,775930.00,1.00,1.00,73426.00,56050.00,534.00,104.00
2002.00,6.00,675530.00,1.00,1.00,7914.00,6087.00,267.00,22.00
2002.00,6.00,685530.00,1.00,1.00,3758.00,2826.00,90.00,31.00
2002.00,6.00,685600.00,2.00,2.00,4124.00,3380.00,220.00,15.00
2002.00,6.00,705600.00,1.00,1.00,11076.00,7911.00,378.00,20.00
2002.00,6.00,705630.00,1.00,1.00,10331.00,8071.00,140.00,57.00
2002.00,6.00,715630.00,6.00,9.00,171352.00,132016.00,2484.00,53.00
2002.00,6.00,715700.00,4.00,6.00,203778.00,154455.00,1920.00,80.00
2002.00,6.00,725600.00,1.00,1.00,24360.00,18739.00,170.00,110.00
2002.00,6.00,725630.00,5.00,6.00,59949.00,47287.00,922.00,51.00
2002.00,6.00,725700.00,2.00,3.00,50893.00,37793.00,733.00,51.00
2002.00,6.00,725730.00,3.00,3.00,91723.00,68730.00,515.00,133.00
2002.00,6.00,725800.00,1.00,1.00,14423.00,10527.00,274.00,38.00
2002.00,6.00,735700.00,2.00,2.00,90683.00,68961.00,1145.00,60.00
2002.00,6.00,735730.00,4.00,5.00,130786.00,103464.00,1335.00,77.00
2002.00,6.00,735800.00,8.00,13.00,583015.00,459458.00,5553.00,82.00
2002.00,6.00,735830.00,2.00,4.00,100106.00,77317.00,993.00,77.00
2002.00,6.00,745800.00,4.00,4.00,87571.00,69233.00,960.00,72.00
2002.00,6.00,745830.00,2.00,2.00,42673.00,34434.00,386.00,89.00
2002.00,6.00,755900.00,1.00,1.00,2120.00,1695.00,108.00,15.00
2002.00,6.00,775930.00,1.00,1.00,333839.00,37072.00,755.00,49.00
2002.00,7.00,675500.00,1.00,1.00,56071.00,38405.00,0.00,
2002.00,7.00,675530.00,1.00,1.00,5041.00,3762.00,77.00,48.00
2002.00,7.00,675600.00,2.00,2.00,50264.00,36435.00,1006.00,36.00
2002.00,7.00,685630.00,1.00,1.00,11053.00,8248.00,154.00,53.00
2002.00,7.00,715630.00,3.00,5.00,351845.00,265850.00,4444.00,59.00
2002.00,7.00,715700.00,1.00,1.00,19291.00,15071.00,160.00,94.00
2002.00,7.00,725630.00,1.00,1.00,22656.00,16418.00,232.00,70.00
2002.00,7.00,725700.00,1.00,1.00,52240.00,40186.00,500.00,80.00
2002.00,7.00,725730.00,1.00,1.00,26003.00,19699.00,135.00,145.00
2002.00,7.00,735730.00,1.00,1.00,55478.00,42029.00,300.00,140.00
2002.00,7.00,735800.00,1.00,2.00,142216.00,105324.00,1440.00,73.00
2002.00,7.00,745800.00,2.00,2.00,27835.00,20216.00,391.00,51.00
2002.00,7.00,745830.00,1.00,1.00,12842.00,9722.00,360.00,27.00
2002.00,8.00,715600.00,1.00,1.00,1137.00,881.00,72.00,12.00
2002.00,8.00,715630.00,1.00,1.00,4550.00,3527.00,144.00,24.00
2002.00,8.00,715700.00,1.00,3.00,13370.00,9796.00,397.00,24.00
2002.00,8.00,725630.00,1.00,2.00,2045.00,1580.00,92.00,17.00
2002.00,8.00,725700.00,1.00,2.00,3803.00,2923.00,146.00,20.00
2002.00,8.00,725730.00,1.00,1.00,8908.00,6800.00,127.00,53.00
2002.00,8.00,735630.00,1.00,1.00,1245.00,950.00,129.00,7.00
2002.00,8.00,735700.00,1.00,1.00,859.00,656.00,67.00,9.00
2002.00,9.00,715630.00,1.00,1.00,99855.00,76225.00,817.00,93.00
2002.00,9.00,715700.00,1.00,1.00,2008.00,1557.00,49.00,31.00
2002.00,9.00,735830.00,1.00,1.00,16231.00,12582.00,191.00,65.00
2002.00,9.00,775930.00,1.00,1.00,92985.00,72081.00,274.00,263.00
2002.00,9.00,785930.00,1.00,1.00,88115.00,68306.00,217.00,314.00
2002.00,10.00,715630.00,1.00,1.00,100383.00,85070.00,984.00,86.00
2002.00,10.00,725700.00,1.00,1.00,3510.00,2639.00,80.00,32.00
2002.00,10.00,725730.00,1.00,2.00,9189.00,6992.00,214.00,32.00
2002.00,10.00,725800.00,1.00,2.00,30523.00,22103.00,675.00,32.00
2002.00,10.00,725830.00,1.00,1.00,657.00,494.00,60.00,8.00
2002.00,10.00,735730.00,1.00,1.00,587.00,459.00,24.00,19.00
2002.00,10.00,735800.00,1.00,3.00,36456.00,26578.00,709.00,37.00
2002.00,10.00,735830.00,1.00,1.00,3418.00,2570.00,130.00,19.00
2002.00,10.00,745800.00,1.00,1.00,5985.00,4676.00,107.00,43.00
2002.00,10.00,775930.00,1.00,1.00,80861.00,63173.00,215.00,293.00
2002.00,10.00,785930.00,1.00,1.00,1972.00,1483.00,5.00,296.00
2002.00,11.00,715700.00,1.00,1.00,74.00,59.00,4.00,14.00
2002.00,11.00,735830.00,1.00,1.00,696.00,545.00,22.00,24.00
2002.00,11.00,735900.00,1.00,1.00,637.00,498.00,28.00,17.00
2002.00,11.00,745830.00,1.00,1.00,4446.00,3474.00,75.00,46.00
2002.00,11.00,745900.00,1.00,1.00,1037.00,810.00,13.00,62.00
2002.00,11.00,755830.00,1.00,1.00,0.00,0.00,16.00,0.00
2002.00,11.00,755900.00,1.00,1.00,20.00,16.00,43.00,0.00
2002.00,11.00,755930.00,1.00,1.00,889.00,695.00,16.00,43.00
2002.00,11.00,765930.00,1.00,1.00,140.00,109.00,11.00,9.00
2002.00,11.00,775900.00,1.00,1.00,0.00,0.00,20.00,0.00
2002.00,11.00,775930.00,1.00,1.00,40620.00,31735.00,205.00,154.00
2002.00,11.00,785900.00,1.00,1.00,0.00,0.00,20.00,0.00
2002.00,11.00,786000.00,1.00,1.00,46596.00,36402.00,206.00,176.00
2002.00,11.00,786030.00,1.00,1.00,45234.00,35339.00,254.00,139.00
2002.00,12.00,735800.00,1.00,1.00,73858.00,58156.00,523.00,111.00
2002.00,12.00,735830.00,1.00,1.00,23347.00,18387.00,115.00,159.00
2002.00,12.00,755830.00,1.00,1.00,82951.00,65834.00,405.00,162.00
2002.00,12.00,775830.00,1.00,1.00,2465.00,1881.00,34.00,55.00
2002.00,12.00,775930.00,1.00,2.00,156144.00,118576.00,686.00,172.00
2002.00,13.00,705701.00,1.00,1.00,0.00,0.00,5.00,0.00
2002.00,13.00,735800.00,2.00,3.00,68083.00,55220.00,513.00,107.00
2002.00,13.00,735830.00,2.00,3.00,37382.00,29762.00,232.00,128.00
2002.00,13.00,735900.00,1.00,1.00,2159.00,1520.00,60.00,25.00
2002.00,13.00,745900.00,1.00,2.00,5714.00,4292.00,84.00,51.00
2002.00,13.00,745930.00,1.00,2.00,122938.00,96271.00,774.00,124.00
2002.00,13.00,746000.00,1.00,1.00,0.00,0.00,6.00,0.00
2002.00,13.00,755900.00,1.00,1.00,116.00,82.00,3.00,27.00
2002.00,13.00,755930.00,1.00,2.00,66755.00,48120.00,348.00,138.00
2002.00,13.00,756000.00,1.00,1.00,0.00,0.00,14.00,0.00
2002.00,13.00,775930.00,1.00,3.00,59556.00,45852.00,393.00,116.00
2002.00,13.00,785930.00,1.00,2.00,183411.00,139765.00,769.00,181.00
2002.00,14.00,735800.00,1.00,1.00,21976.00,17441.00,98.00,177.00
2002.00,14.00,735830.00,1.00,1.00,6001.00,4763.00,35.00,136.00
2002.00,14.00,755900.00,1.00,1.00,11637.00,9162.00,65.00,140.00
2002.00,14.00,755930.00,1.00,1.00,17507.00,13785.00,100.00,137.00
2002.00,14.00,765930.00,1.00,1.00,595.00,468.00,20.00,23.00
2002.00,14.00,775930.00,1.00,1.00,73863.00,58160.00,491.00,118.00
2002.00,15.00,705630.00,1.00,1.00,2118.00,1557.00,127.00,12.00
2002.00,15.00,725700.00,1.00,1.00,1660.00,1221.00,125.00,9.00
2002.00,15.00,735800.00,1.00,1.00,3043.00,2360.00,76.00,31.00
2002.00,15.00,745930.00,1.00,1.00,12467.00,9373.00,121.00,77.00
2002.00,15.00,755930.00,2.00,2.00,89673.00,69968.00,798.00,87.00
2002.00,15.00,775930.00,2.00,3.00,29457.00,23130.00,362.00,63.00
2002.00,15.00,776000.00,1.00,1.00,1042.00,808.00,27.00,29.00
2002.00,15.00,776030.00,1.00,1.00,449.00,348.00,18.00,19.00
2002.00,15.00,785930.00,2.00,2.00,53311.00,39475.00,306.00,129.00
2002.00,15.00,786000.00,1.00,1.00,7364.00,5708.00,91.00,62.00
2002.00,15.00,786030.00,1.00,1.00,5088.00,3946.00,61.00,64.00
2002.00,16.00,705600.00,1.00,1.00,15836.00,11997.00,154.00,77.00
2002.00,16.00,705630.00,1.00,1.00,1757.00,1331.00,75.00,17.00
2002.00,16.00,715700.00,1.00,1.00,602.00,456.00,50.00,9.00
2002.00,16.00,775930.00,1.00,1.00,0.00,0.00,5.00,0.00
2002.00,16.00,786000.00,1.00,1.00,1194.00,933.00,46.00,20.00
2002.00,16.00,786030.00,1.00,1.00,48907.00,38208.00,420.00,90.00
2002.00,17.00,695700.00,1.00,1.00,289.00,235.00,13.00,18.00
2002.00,17.00,695730.00,1.00,1.00,44.00,36.00,2.00,18.00
2002.00,17.00,715800.00,1.00,1.00,229.00,186.00,11.00,16.00
2002.00,17.00,725800.00,1.00,1.00,413.00,335.00,11.00,30.00
2002.00,17.00,725830.00,1.00,1.00,444.00,361.00,7.00,51.00
2002.00,17.00,735800.00,1.00,2.00,1631.00,1261.00,49.00,25.00
2002.00,17.00,735830.00,1.00,2.00,1356.00,1072.00,72.00,14.00
2002.00,17.00,745800.00,1.00,1.00,,0.00,20.00,0.00
2002.00,17.00,745830.00,1.00,1.00,,0.00,10.00,0.00
2002.00,17.00,745900.00,1.00,1.00,3.00,3.00,5.00,0.00
2002.00,17.00,745930.00,2.00,2.00,175.00,143.00,27.00,5.00
2002.00,17.00,755900.00,1.00,1.00,4054.00,3026.00,59.00,51.00
2002.00,17.00,755930.00,2.00,2.00,26969.00,19939.00,440.00,45.00
2002.00,17.00,756000.00,1.00,1.00,710.00,577.00,14.00,41.00
2002.00,17.00,756030.00,1.00,1.00,31.00,25.00,13.00,1.00
2002.00,17.00,766000.00,1.00,1.00,4570.00,3714.00,162.00,22.00
2002.00,17.00,766030.00,1.00,1.00,122.00,99.00,12.00,8.00
2002.00,17.00,775930.00,1.00,1.00,,0.00,32.00,0.00
2002.00,17.00,776000.00,1.00,1.00,27.00,21.00,15.00,1.00
2002.00,17.00,776030.00,1.00,1.00,365.00,296.00,12.00,24.00
2002.00,17.00,786000.00,1.00,1.00,118.00,95.00,21.00,4.00
2002.00,17.00,786030.00,1.00,1.00,114.00,92.00,45.00,2.00
2002.00,18.00,675530.00,1.00,1.00,71.00,56.00,7.00,8.00
2002.00,18.00,675600.00,1.00,1.00,356.00,281.00,43.00,6.00
2002.00,18.00,725730.00,1.00,1.00,179.00,140.00,58.00,2.00
2002.00,18.00,735700.00,1.00,1.00,107.00,85.00,83.00,1.00
2002.00,18.00,735730.00,1.00,1.00,65.00,51.00,78.00,0.00
2002.00,18.00,745930.00,1.00,1.00,13.00,11.00,16.00,0.00
2002.00,18.00,746000.00,1.00,1.00,151.00,119.00,114.00,1.00
2002.00,18.00,746030.00,1.00,1.00,0.00,0.00,15.00,0.00
2002.00,18.00,746100.00,1.00,1.00,0.00,0.00,15.00,0.00
2002.00,18.00,755900.00,1.00,1.00,129.00,101.00,9.00,11.00
2002.00,18.00,755930.00,1.00,1.00,92861.00,73118.00,395.00,185.00
2002.00,18.00,756000.00,1.00,1.00,62633.00,49317.00,399.00,123.00
2002.00,18.00,765830.00,1.00,1.00,4.00,3.00,17.00,0.00
2002.00,18.00,765900.00,1.00,1.00,143.00,112.00,16.00,7.00
2002.00,18.00,765930.00,1.00,1.00,0.00,0.00,1.00,0.00
2002.00,18.00,766000.00,1.00,1.00,6281.00,4946.00,220.00,22.00
2002.00,18.00,775900.00,1.00,1.00,7.00,5.00,11.00,0.00
2002.00,18.00,775930.00,1.00,1.00,71.00,56.00,22.00,2.00
2002.00,18.00,786030.00,1.00,1.00,213.00,168.00,19.00,8.00
2002.00,18.00,796030.00,1.00,1.00,286.00,225.00,8.00,28.00
2002.00,20.00,665430.00,1.00,1.00,0.00,0.00,4.00,0.00
2002.00,20.00,675430.00,1.00,1.00,0.00,0.00,2.00,0.00
2002.00,20.00,675500.00,1.00,1.00,0.00,0.00,3.00,0.00
2002.00,20.00,685700.00,1.00,1.00,0.00,0.00,8.00,0.00
2002.00,20.00,685830.00,1.00,1.00,0.00,0.00,8.00,0.00
2002.00,20.00,715830.00,1.00,1.00,0.00,0.00,7.00,0.00
2002.00,20.00,715930.00,1.00,1.00,23.00,20.00,4.00,5.00
2002.00,20.00,725830.00,1.00,1.00,0.00,0.00,6.00,0.00
2002.00,20.00,725930.00,1.00,1.00,29.00,24.00,8.00,3.00
2002.00,20.00,755930.00,1.00,1.00,52822.00,44766.00,188.00,238.00
2002.00,20.00,756000.00,1.00,1.00,62215.00,52725.00,263.00,200.00
2002.00,20.00,766000.00,1.00,1.00,39926.00,33836.00,253.00,133.00
2003.00,3.00,675530.00,1.00,1.00,18356.00,15425.00,100.00,154.00
2003.00,3.00,675630.00,1.00,1.00,15350.00,11629.00,277.00,41.00
2003.00,3.00,685600.00,1.00,1.00,78640.00,63419.00,900.00,70.00
2003.00,3.00,685630.00,1.00,1.00,19192.00,14539.00,281.00,51.00
2003.00,3.00,705600.00,1.00,1.00,10858.00,8900.00,352.00,25.00
2003.00,3.00,705630.00,1.00,1.00,296.00,246.00,50.00,4.00
2003.00,3.00,705900.00,1.00,1.00,112.00,93.00,120.00,0.00
2003.00,3.00,715600.00,2.00,2.00,2212.00,1714.00,115.00,14.00
2003.00,3.00,715630.00,10.00,17.00,637925.00,501198.00,6453.00,77.00
2003.00,3.00,715700.00,3.00,3.00,67231.00,54305.00,520.00,104.00
2003.00,3.00,715800.00,2.00,1.00,250681.00,190169.00,800.00,237.00
2003.00,3.00,715830.00,1.00,1.00,0.00,0.00,85.00,0.00
2003.00,3.00,715900.00,1.00,1.00,0.00,0.00,30.00,0.00
2003.00,3.00,725600.00,1.00,1.00,1968.00,1513.00,15.00,100.00
2003.00,3.00,725630.00,11.00,17.00,1648025.00,1326985.00,7860.00,168.00
2003.00,3.00,725700.00,9.00,16.00,1302247.00,1072010.00,6317.00,169.00
2003.00,3.00,725730.00,6.00,8.00,299903.00,251920.00,1546.00,162.00
2003.00,3.00,725800.00,4.00,5.00,235922.00,191789.00,2117.00,90.00
2003.00,3.00,725930.00,1.00,1.00,458.00,369.00,50.00,7.00
2003.00,3.00,735630.00,2.00,2.00,47480.00,37853.00,500.00,75.00
2003.00,3.00,735700.00,9.00,14.00,1329873.00,1100355.00,5019.00,219.00
2003.00,3.00,735730.00,13.00,32.00,3070314.00,2532695.00,14412.00,175.00
2003.00,3.00,735800.00,16.00,59.00,5139566.00,4156747.00,25858.00,160.00
2003.00,3.00,735830.00,11.00,22.00,1609513.00,1343353.00,9169.00,146.00
2003.00,3.00,735900.00,3.00,3.00,184061.00,153008.00,766.00,199.00
2003.00,3.00,745730.00,1.00,1.00,61072.00,51756.00,180.00,287.00
2003.00,3.00,745800.00,14.00,19.00,865983.00,718745.00,5680.00,126.00
2003.00,3.00,745830.00,10.00,14.00,894956.00,763068.00,5661.00,134.00
2003.00,3.00,745900.00,7.00,10.00,123293.00,97636.00,1044.00,93.00
2003.00,3.00,745930.00,9.00,10.00,145520.00,116299.00,886.00,131.00
2003.00,3.00,755800.00,1.00,1.00,1219.00,991.00,40.00,24.00
2003.00,3.00,755900.00,8.00,12.00,799870.00,663271.00,3689.00,179.00
2003.00,3.00,755930.00,11.00,13.00,644952.00,560327.00,3736.00,149.00
2003.00,3.00,756000.00,2.00,2.00,2989.00,2919.00,140.00,20.00
2003.00,3.00,765900.00,2.00,2.00,11651.00,9567.00,82.00,116.00
2003.00,3.00,765930.00,2.00,2.00,4127.00,3405.00,78.00,43.00
2003.00,3.00,766000.00,4.00,4.00,48898.00,40421.00,491.00,82.00
2003.00,3.00,766100.00,2.00,2.00,227.00,202.00,40.00,5.00
2003.00,3.00,775830.00,1.00,1.00,227005.00,184557.00,820.00,225.00
2003.00,3.00,775900.00,6.00,6.00,329861.00,277803.00,2278.00,121.00
2003.00,3.00,775930.00,13.00,24.00,2103897.00,1752751.00,12619.00,138.00
2003.00,3.00,776000.00,4.00,3.00,91281.00,72215.00,707.00,102.00
2003.00,3.00,776030.00,2.00,3.00,23316.00,27295.00,110.00,248.00
2003.00,3.00,776100.00,1.00,1.00,30.00,24.00,60.00,0.00
2003.00,3.00,785900.00,1.00,1.00,158222.00,132960.00,867.00,153.00
2003.00,3.00,785930.00,4.00,3.00,177967.00,143593.00,754.00,190.00
2003.00,3.00,786000.00,6.00,7.00,580623.00,479548.00,2457.00,195.00
2003.00,3.00,786030.00,7.00,12.00,1291122.00,973778.00,5333.00,182.00
2003.00,3.00,786100.00,1.00,1.00,1986.00,1601.00,114.00,14.00
2003.00,3.00,795900.00,1.00,1.00,6222.00,5058.00,61.00,82.00
2003.00,3.00,796000.00,1.00,1.00,39700.00,30539.00,160.00,190.00
2003.00,4.00,715600.00,1.00,1.00,4579.00,3633.00,70.00,51.00
2003.00,4.00,725630.00,2.00,2.00,129198.00,112054.00,579.00,193.00
2003.00,4.00,725700.00,1.00,1.00,5466.00,4671.00,25.00,186.00
2003.00,4.00,725730.00,3.00,3.00,116888.00,95712.00,598.00,160.00
2003.00,4.00,725800.00,2.00,2.00,11100.00,9031.00,45.00,200.00
2003.00,4.00,735700.00,1.00,1.00,39785.00,33716.00,92.00,366.00
2003.00,4.00,735730.00,5.00,7.00,557857.00,488750.00,2024.00,241.00
2003.00,4.00,735800.00,11.00,12.00,506900.00,424352.00,2497.00,169.00
2003.00,4.00,745800.00,4.00,3.00,24918.00,22165.00,601.00,36.00
2003.00,4.00,745900.00,1.00,1.00,7587.00,6960.00,24.00,290.00
2003.00,4.00,745930.00,2.00,2.00,61992.00,55254.00,185.00,298.00
2003.00,4.00,755930.00,2.00,2.00,73984.00,65006.00,263.00,247.00
2003.00,4.00,756000.00,1.00,1.00,205.00,171.00,11.00,15.00
2003.00,4.00,765800.00,1.00,1.00,288.00,272.00,60.00,4.00
2003.00,4.00,765900.00,1.00,1.00,653.00,615.00,160.00,3.00
2003.00,4.00,766000.00,1.00,1.00,1251.00,1043.00,41.00,25.00
2003.00,4.00,786000.00,1.00,1.00,49201.00,41001.00,205.00,200.00
2003.00,5.00,725700.00,2.00,3.00,83273.00,69023.00,689.00,100.00
2003.00,5.00,725730.00,2.00,3.00,37469.00,31079.00,260.00,119.00
2003.00,5.00,735700.00,1.00,2.00,76087.00,64006.00,569.00,112.00
2003.00,5.00,735730.00,2.00,3.00,63560.00,52001.00,479.00,108.00
2003.00,5.00,735800.00,1.00,1.00,3844.00,3204.00,50.00,64.00
2003.00,5.00,745800.00,1.00,1.00,872.00,727.00,35.00,20.00
2003.00,5.00,745830.00,1.00,1.00,927.00,773.00,10.00,77.00
2003.00,5.00,786000.00,1.00,1.00,5704.00,4754.00,47.00,101.00
2003.00,5.00,786030.00,1.00,1.00,6857.00,5715.00,36.00,158.00
2003.00,6.00,715700.00,1.00,1.00,262.00,202.00,28.00,7.00
2003.00,6.00,725630.00,1.00,2.00,284028.00,231740.00,1893.00,122.00
2003.00,6.00,725700.00,3.00,4.00,121409.00,96591.00,825.00,117.00
2003.00,6.00,725730.00,3.00,3.00,58773.00,45861.00,580.00,79.00
2003.00,6.00,735700.00,3.00,3.00,38083.00,30352.00,253.00,119.00
2003.00,6.00,735730.00,3.00,3.00,29184.00,22974.00,357.00,64.00
2003.00,7.00,715630.00,2.00,2.00,64324.00,53393.00,639.00,83.00
2003.00,7.00,715700.00,1.00,1.00,2322.00,2019.00,58.00,34.00
2003.00,7.00,725630.00,2.00,2.00,121701.00,101283.00,804.00,125.00
2003.00,7.00,725700.00,2.00,2.00,81074.00,69815.00,820.00,85.00
2003.00,7.00,725730.00,2.00,2.00,101485.00,88248.00,571.00,154.00
2003.00,7.00,735700.00,2.00,2.00,11370.00,9131.00,50.00,182.00
2003.00,8.00,715630.00,1.00,2.00,27717.00,22829.00,160.00,142.00
2003.00,8.00,725630.00,1.00,3.00,261267.00,217038.00,1401.00,154.00
2003.00,8.00,725700.00,1.00,1.00,52745.00,46676.00,250.00,186.00
2003.00,9.00,715630.00,2.00,4.00,22522.00,17978.00,273.00,65.00
2003.00,9.00,725600.00,1.00,1.00,498.00,402.00,15.00,26.00
2003.00,9.00,725630.00,2.00,4.00,161417.00,131716.00,1014.00,129.00
2003.00,9.00,725700.00,2.00,3.00,85267.00,70079.00,525.00,133.00
2003.00,9.00,735700.00,1.00,2.00,66901.00,54727.00,465.00,117.00
2003.00,10.00,725630.00,1.00,1.00,59688.00,49329.00,276.00,178.00
2003.00,10.00,725700.00,1.00,1.00,83260.00,68810.00,349.00,197.00
2003.00,10.00,725730.00,1.00,1.00,41788.00,34535.00,202.00,170.00
2003.00,10.00,735700.00,1.00,1.00,16445.00,13591.00,76.00,178.00
2003.00,10.00,735730.00,1.00,1.00,11554.00,9549.00,52.00,183.00
2003.00,11.00,725630.00,1.00,1.00,30515.00,24219.00,361.00,67.00
2003.00,12.00,725630.00,1.00,1.00,4707.00,3566.00,111.00,32.00
2004.00,2.00,735800.00,1.00,1.00,118385.00,82787.00,650.00,127.00
2004.00,3.00,715600.00,2.00,1.00,97216.00,76363.00,338.00,225.00
2004.00,3.00,715630.00,7.00,7.00,348797.00,273538.00,1633.00,167.00
2004.00,3.00,715700.00,1.00,1.00,1270.00,907.00,24.00,37.00
2004.00,3.00,715830.00,1.00,2.00,78473.00,59479.00,498.00,119.00
2004.00,3.00,725600.00,1.00,1.00,2296.00,1752.00,90.00,19.00
2004.00,3.00,725630.00,9.00,13.00,566695.00,444256.00,3978.00,111.00
2004.00,3.00,725700.00,12.00,19.00,648735.00,486732.00,4206.00,115.00
2004.00,3.00,725730.00,11.00,17.00,632444.00,484388.00,3604.00,134.00
2004.00,3.00,725800.00,8.00,9.00,296959.00,230383.00,1745.00,132.00
2004.00,3.00,735630.00,4.00,4.00,166290.00,130404.00,1040.00,125.00
2004.00,3.00,735700.00,13.00,33.00,1784462.00,1406474.00,10037.00,140.00
2004.00,3.00,735730.00,17.00,47.00,2653633.00,2092524.00,13816.00,151.00
2004.00,3.00,735800.00,19.00,92.00,8619380.00,6839122.00,42970.00,159.00
2004.00,3.00,735830.00,14.00,19.00,1220218.00,962461.00,5998.00,160.00
2004.00,3.00,745730.00,1.00,1.00,147859.00,113738.00,576.00,197.00
2004.00,3.00,745800.00,10.00,13.00,659907.00,538959.00,3035.00,177.00
2004.00,3.00,745830.00,7.00,8.00,357402.00,292033.00,1569.00,186.00
2004.00,3.00,745900.00,1.00,1.00,14793.00,12535.00,195.00,64.00
2004.00,3.00,745930.00,1.00,1.00,162907.00,123415.00,401.00,307.00
2004.00,3.00,755800.00,1.00,1.00,5789.00,4385.00,38.00,115.00
2004.00,3.00,755830.00,3.00,3.00,226269.00,167559.00,765.00,219.00
2004.00,3.00,755930.00,1.00,1.00,144124.00,116230.00,311.00,373.00
2004.00,3.00,766100.00,3.00,2.00,10888.00,7661.00,92.00,83.00
2004.00,3.00,766130.00,2.00,1.00,85284.00,60060.00,296.00,202.00
2004.00,3.00,775830.00,1.00,1.00,115383.00,92306.00,628.00,146.00
2004.00,3.00,775930.00,3.00,3.00,746903.00,616908.00,1646.00,374.00
2004.00,3.00,776000.00,3.00,2.00,112765.00,80545.00,827.00,97.00
2004.00,3.00,776030.00,3.00,3.00,328640.00,232353.00,1098.00,211.00
2004.00,3.00,776100.00,4.00,3.00,24382.00,16824.00,128.00,131.00
2004.00,3.00,786000.00,4.00,4.00,275598.00,194601.00,1272.00,152.00
2004.00,3.00,786030.00,8.00,10.00,1002900.00,692633.00,4062.00,170.00
2004.00,3.00,796000.00,1.00,1.00,45603.00,30812.00,199.00,154.00
2004.00,4.00,715630.00,1.00,1.00,52704.00,39040.00,177.00,220.00
2004.00,4.00,725630.00,1.00,1.00,10246.00,8263.00,136.00,60.00
2004.00,4.00,725730.00,1.00,1.00,710.00,538.00,3.00,179.00
2004.00,4.00,725800.00,1.00,1.00,28150.00,21992.00,107.00,205.00
2004.00,4.00,735700.00,1.00,1.00,14494.00,11412.00,94.00,121.00
2004.00,4.00,735730.00,2.00,2.00,33534.00,25495.00,180.00,141.00
2004.00,4.00,735800.00,4.00,5.00,327663.00,259647.00,1625.00,159.00
2004.00,6.00,715630.00,1.00,1.00,43308.00,30714.00,279.00,110.00
2004.00,6.00,715700.00,1.00,2.00,20464.00,14553.00,198.00,73.00
2004.00,6.00,725630.00,1.00,2.00,4582.00,3260.00,51.00,63.00
2004.00,6.00,725700.00,2.00,3.00,74317.00,56277.00,556.00,101.00
2004.00,6.00,725730.00,2.00,2.00,54126.00,40267.00,413.00,97.00
2004.00,6.00,725800.00,1.00,1.00,2098.00,1626.00,13.00,125.00
2004.00,6.00,735700.00,1.00,1.00,33516.00,25585.00,483.00,52.00
2004.00,6.00,735730.00,2.00,2.00,3844.00,2959.00,60.00,49.00
2004.00,6.00,735800.00,1.00,1.00,75298.00,58370.00,555.00,105.00
2004.00,6.00,735830.00,1.00,1.00,5835.00,4524.00,76.00,59.00
2004.00,6.00,745800.00,1.00,1.00,6931.00,5373.00,58.00,92.00
2004.00,6.00,745830.00,1.00,1.00,1419.00,1100.00,43.00,25.00
2004.00,6.00,775930.00,1.00,1.00,84363.00,61132.00,203.00,301.00
2004.00,7.00,705600.00,1.00,1.00,65.00,51.00,21.00,2.00
2004.00,7.00,715630.00,1.00,1.00,116468.00,91903.00,688.00,133.00
2004.00,7.00,715700.00,1.00,1.00,1188.00,921.00,19.00,48.00
2004.00,7.00,725630.00,1.00,1.00,3831.00,2970.00,20.00,148.00
2004.00,7.00,725700.00,2.00,2.00,38106.00,29014.00,388.00,74.00
2004.00,7.00,725730.00,1.00,1.00,3818.00,2893.00,96.00,30.00
2004.00,7.00,735700.00,1.00,1.00,2688.00,2036.00,62.00,32.00
2004.00,7.00,735730.00,1.00,1.00,10876.00,8239.00,161.00,51.00
2004.00,7.00,735800.00,1.00,1.00,68303.00,52948.00,438.00,120.00
2004.00,7.00,735830.00,1.00,1.00,28999.00,22480.00,226.00,99.00
2004.00,7.00,745800.00,1.00,1.00,0.00,0.00,30.00,0.00
2004.00,7.00,775930.00,1.00,1.00,172276.00,124838.00,376.00,332.00
2004.00,8.00,705630.00,1.00,1.00,1201.00,952.00,7.00,136.00
2004.00,8.00,715630.00,2.00,3.00,156377.00,121104.00,1019.00,118.00
2004.00,8.00,725630.00,1.00,1.00,1689.00,1215.00,15.00,81.00
2004.00,8.00,725700.00,1.00,1.00,7790.00,6039.00,154.00,39.00
2004.00,8.00,725730.00,1.00,1.00,15653.00,12134.00,264.00,45.00
2004.00,8.00,725800.00,1.00,1.00,34622.00,26839.00,200.00,134.00
2004.00,8.00,735800.00,2.00,3.00,176331.00,134716.00,1269.00,106.00
2004.00,9.00,705630.00,1.00,1.00,48122.00,37891.00,400.00,94.00
2004.00,9.00,715630.00,2.00,2.00,54695.00,43067.00,665.00,64.00
2004.00,9.00,725630.00,1.00,1.00,679.00,495.00,17.00,29.00
2004.00,9.00,725700.00,1.00,1.00,679.00,495.00,15.00,33.00
2004.00,9.00,725730.00,1.00,1.00,6786.00,4954.00,61.00,81.00
2004.00,9.00,735700.00,1.00,1.00,127.00,92.00,16.00,5.00
2004.00,9.00,735800.00,1.00,1.00,45955.00,33544.00,329.00,101.00
2004.00,9.00,745830.00,1.00,1.00,0.00,0.00,13.00,0.00
2004.00,9.00,755830.00,1.00,1.00,0.00,0.00,88.00,0.00
2004.00,9.00,775930.00,2.00,2.00,93746.00,68427.00,468.00,146.00
2004.00,9.00,785930.00,1.00,1.00,0.00,0.00,28.00,0.00
2004.00,9.00,786000.00,1.00,1.00,4495.00,3281.00,66.00,49.00
2004.00,10.00,705630.00,1.00,1.00,6727.00,5215.00,67.00,77.00
2004.00,10.00,715630.00,1.00,1.00,19871.00,14940.00,186.00,80.00
2004.00,10.00,715700.00,1.00,1.00,3518.00,2460.00,49.00,50.00
2004.00,10.00,725700.00,1.00,1.00,641.00,482.00,15.00,32.00
2004.00,10.00,725730.00,1.00,1.00,2599.00,1954.00,28.00,69.00
2004.00,10.00,725800.00,1.00,1.00,4080.00,3103.00,41.00,75.00
2004.00,10.00,735800.00,3.00,3.00,102170.00,75827.00,926.00,81.00
2004.00,10.00,735830.00,1.00,1.00,10704.00,8048.00,80.00,100.00
2004.00,10.00,745830.00,1.00,1.00,0.00,0.00,75.00,0.00
2004.00,10.00,745900.00,1.00,1.00,0.00,0.00,28.00,0.00
2004.00,10.00,755830.00,1.00,1.00,0.00,0.00,16.00,0.00
2004.00,11.00,735800.00,1.00,1.00,31261.00,23504.00,368.00,63.00
2004.00,11.00,735830.00,1.00,1.00,33191.00,24956.00,270.00,92.00
2004.00,12.00,725830.00,1.00,1.00,3646.00,2644.00,30.00,88.00
2004.00,12.00,735830.00,1.00,1.00,48149.00,35666.00,836.00,42.00
2005.00,3.00,695600.00,1.00,1.00,0.00,0.00,4.00,0.00
2005.00,3.00,705600.00,1.00,1.00,16297.00,12531.00,95.00,131.00
2005.00,3.00,705630.00,1.00,1.00,92598.00,64304.00,210.00,306.00
2005.00,3.00,715600.00,6.00,5.00,781184.00,542429.00,1797.00,301.00
2005.00,3.00,715630.00,8.00,12.00,1710148.00,1191465.00,3126.00,381.00
2005.00,3.00,715700.00,1.00,1.00,280259.00,203086.00,586.00,346.00
2005.00,3.00,715730.00,1.00,2.00,263688.00,198302.00,665.00,298.00
2005.00,3.00,715800.00,1.00,1.00,89640.00,71712.00,280.00,256.00
2005.00,3.00,715830.00,1.00,1.00,76590.00,58023.00,210.00,276.00
2005.00,3.00,725600.00,2.00,2.00,71729.00,47189.00,288.00,163.00
2005.00,3.00,725630.00,4.00,6.00,762779.00,534618.00,1618.00,330.00
2005.00,3.00,725700.00,10.00,16.00,1993628.00,1378335.00,5389.00,255.00
2005.00,3.00,725730.00,7.00,9.00,1024657.00,740921.00,2739.00,270.00
2005.00,3.00,725800.00,4.00,7.00,259175.00,192867.00,877.00,219.00
2005.00,3.00,725830.00,1.00,1.00,56611.00,43885.00,225.00,195.00
2005.00,3.00,735700.00,7.00,12.00,1060973.00,768117.00,2766.00,277.00
2005.00,3.00,735730.00,12.00,26.00,2024137.00,1465039.00,7933.00,184.00
2005.00,3.00,735800.00,16.00,64.00,6467287.00,4889797.00,21723.00,225.00
2005.00,3.00,735830.00,13.00,23.00,1839708.00,1391509.00,6700.00,207.00
2005.00,3.00,745630.00,1.00,1.00,58378.00,42612.00,138.00,308.00
2005.00,3.00,745730.00,1.00,1.00,20638.00,15287.00,15.00,1019.00
2005.00,3.00,745800.00,5.00,5.00,201772.00,143754.00,545.00,263.00
2005.00,3.00,745830.00,9.00,15.00,1546061.00,1133093.00,4462.00,253.00
2005.00,3.00,745900.00,1.00,1.00,29309.00,20640.00,85.00,242.00
2005.00,3.00,755830.00,1.00,1.00,69258.00,47115.00,170.00,277.00
2005.00,3.00,755900.00,2.00,2.00,1503.00,1105.00,158.00,6.00
2005.00,3.00,765900.00,1.00,1.00,9383.00,6655.00,88.00,75.00
2005.00,3.00,766000.00,1.00,1.00,75.00,61.00,3.00,20.00
2005.00,3.00,766030.00,3.00,3.00,43840.00,31177.00,224.00,139.00
2005.00,3.00,766130.00,1.00,1.00,67034.00,48575.00,225.00,215.00
2005.00,3.00,775830.00,2.00,1.00,117105.00,73360.00,420.00,174.00
2005.00,3.00,775900.00,1.00,1.00,4775.00,3590.00,70.00,51.00
2005.00,3.00,775930.00,5.00,6.00,966049.00,583976.00,2328.00,250.00
2005.00,3.00,776000.00,3.00,3.00,576.00,407.00,38.00,10.00
2005.00,3.00,776030.00,4.00,5.00,18031.00,12916.00,482.00,26.00
2005.00,3.00,776100.00,2.00,2.00,76418.00,55230.00,314.00,175.00
2005.00,3.00,786000.00,2.00,2.00,203442.00,144710.00,532.00,272.00
2005.00,3.00,786030.00,2.00,2.00,666.00,438.00,51.00,8.00
2005.00,3.00,796000.00,1.00,1.00,0.00,0.00,70.00,0.00
2005.00,4.00,715630.00,1.00,1.00,127816.00,91954.00,181.00,508.00
2005.00,4.00,725700.00,1.00,1.00,105895.00,75639.00,250.00,302.00
2005.00,4.00,725800.00,1.00,1.00,22966.00,16522.00,64.00,258.00
2005.00,4.00,735800.00,3.00,3.00,172001.00,124630.00,628.00,198.00
2005.00,4.00,766030.00,1.00,1.00,390.00,258.00,20.00,12.00
2005.00,4.00,775930.00,1.00,1.00,159200.00,112113.00,579.00,193.00
2005.00,4.00,786030.00,1.00,1.00,1168.00,768.00,58.00,13.00
2005.00,5.00,705630.00,1.00,1.00,62595.00,41454.00,210.00,197.00
2005.00,5.00,715630.00,2.00,2.00,96787.00,70309.00,181.00,388.00
2005.00,5.00,725630.00,2.00,3.00,340617.00,247001.00,591.00,417.00
2005.00,5.00,725830.00,1.00,1.00,374.00,296.00,8.00,37.00
2005.00,5.00,735800.00,1.00,1.00,56981.00,45224.00,142.00,318.00
2005.00,5.00,735830.00,1.00,1.00,21500.00,17063.00,74.00,230.00
2005.00,6.00,715630.00,2.00,2.00,301981.00,206726.00,549.00,376.00
2005.00,6.00,725630.00,2.00,4.00,243634.00,171536.00,392.00,437.00
2005.00,7.00,715630.00,2.00,3.00,84567.00,60428.00,128.00,472.00
2005.00,7.00,715700.00,1.00,1.00,10347.00,7185.00,17.00,422.00
2005.00,7.00,725630.00,2.00,5.00,492174.00,343867.00,827.00,415.00
2005.00,7.00,725700.00,1.00,1.00,13329.00,9256.00,43.00,215.00
2005.00,7.00,735630.00,1.00,1.00,559.00,388.00,8.00,48.00
2005.00,7.00,775930.00,1.00,1.00,22340.00,14993.00,133.00,112.00
2005.00,8.00,715630.00,2.00,3.00,155179.00,105198.00,327.00,321.00
2005.00,8.00,725630.00,2.00,3.00,92411.00,62804.00,146.00,430.00
2005.00,9.00,715630.00,1.00,1.00,1916.00,1303.00,3.00,434.00
2005/06,1.00,705600.00,1.00,1.00,62.00,38.00,30.00,1.00
2005/06,1.00,705630.00,1.00,1.00,420.00,253.00,110.00,2.00
2005/06,1.00,715600.00,1.00,1.00,1352.00,814.00,30.00,27.00
2005/06,1.00,715630.00,4.00,6.00,768603.00,498499.00,1966.00,253.00
2005/06,1.00,715700.00,1.00,1.00,19564.00,10991.00,74.00,148.00
2005/06,1.00,725630.00,5.00,5.00,85759.00,52278.00,252.00,207.00
2005/06,1.00,725700.00,3.00,3.00,89401.00,50984.00,277.00,184.00
2005/06,1.00,725730.00,1.00,1.00,9793.00,5899.00,35.00,168.00
2005/06,1.00,735700.00,1.00,1.00,22359.00,12562.00,86.00,146.00
2005/06,1.00,735730.00,1.00,1.00,3726.00,2258.00,33.00,68.00
2005/06,1.00,735800.00,1.00,1.00,8693.00,5269.00,31.00,169.00
2005/06,1.00,745830.00,1.00,1.00,81967.00,49677.00,117.00,424.00
2005/06,1.00,745900.00,1.00,1.00,1242.00,753.00,3.00,251.00
2005/06,1.00,755830.00,1.00,1.00,8693.00,5269.00,20.00,263.00
2005/06,2.00,675530.00,2.00,1.00,2486.00,1471.00,114.00,12.00
2005/06,2.00,675600.00,3.00,2.00,752.00,456.00,83.00,5.00
2005/06,2.00,685630.00,1.00,1.00,32759.00,21272.00,270.00,78.00
2005/06,2.00,705630.00,2.00,2.00,350.00,230.00,63.00,3.00
2005/06,2.00,705701.00,1.00,2.00,60255.00,35779.00,241.00,148.00
2005/06,2.00,705703.00,1.00,1.00,0.00,,3.00,
2005/06,2.00,715630.00,4.00,11.00,1032916.00,674096.00,3248.00,207.00
2005/06,2.00,715700.00,3.00,6.00,207423.00,131306.00,635.00,206.00
2005/06,2.00,715730.00,1.00,1.00,3709.00,2594.00,16.00,162.00
2005/06,2.00,725630.00,4.00,8.00,366746.00,243020.00,1340.00,181.00
2005/06,2.00,725700.00,4.00,7.00,341318.00,225050.00,1467.00,153.00
2005/06,2.00,725730.00,5.00,7.00,304700.00,201823.00,1088.00,185.00
2005/06,2.00,725800.00,2.00,2.00,58667.00,40161.00,233.00,172.00
2005/06,2.00,735730.00,2.00,3.00,100084.00,65934.00,489.00,134.00
2005/06,2.00,735800.00,4.00,4.00,484846.00,334031.00,1365.00,244.00
2005/06,2.00,735830.00,1.00,1.00,26663.00,18262.00,77.00,237.00
2005/06,2.00,745800.00,1.00,1.00,0.00,,28.00,
2005/06,3.00,695631.00,1.00,1.00,7611.00,5074.00,609.00,8.00
2005/06,3.00,705600.00,1.00,1.00,2478.00,1619.00,16.00,101.00
2005/06,3.00,705630.00,1.00,1.00,634.00,423.00,261.00,1.00
2005/06,3.00,705701.00,1.00,2.00,10200.00,6703.00,144.00,46.00
2005/06,3.00,715630.00,8.00,14.00,999011.00,646511.00,3580.00,180.00
2005/06,3.00,715700.00,5.00,6.00,272555.00,175857.00,982.00,179.00
2005/06,3.00,715730.00,1.00,1.00,19526.00,12204.00,47.00,259.00
2005/06,3.00,725600.00,1.00,1.00,13.00,8.00,60.00,0.00
2005/06,3.00,725630.00,8.00,12.00,702980.00,460320.00,3064.00,150.00
2005/06,3.00,725700.00,4.00,6.00,69365.00,42980.00,329.00,130.00
2005/06,3.00,725730.00,4.00,4.00,84017.00,52641.00,339.00,155.00
2005/06,3.00,735630.00,1.00,1.00,0.00,,18.00,
2005/06,3.00,735700.00,2.00,3.00,13355.00,8039.00,94.00,85.00
2005/06,3.00,735730.00,3.00,3.00,41638.00,25507.00,246.00,103.00
2005/06,3.00,745830.00,2.00,2.00,296104.00,202631.00,544.00,372.00
2005/06,4.00,685600.00,1.00,1.00,2095.00,1366.00,85.00,16.00
2005/06,4.00,685630.00,2.00,2.00,66322.00,43466.00,456.00,95.00
2005/06,4.00,705600.00,1.00,1.00,109285.00,74343.00,533.00,139.00
2005/06,4.00,705630.00,1.00,1.00,745.00,491.00,40.00,12.00
2005/06,4.00,705701.00,1.00,1.00,102622.00,62992.00,312.00,201.00
2005/06,4.00,715600.00,2.00,2.00,59173.00,39509.00,176.00,224.00
2005/06,4.00,715630.00,7.00,15.00,1150554.00,758355.00,3699.00,205.00
2005/06,4.00,715700.00,5.00,11.00,547931.00,342698.00,1738.00,197.00
2005/06,4.00,715730.00,1.00,1.00,26279.00,15643.00,71.00,220.00
2005/06,4.00,725630.00,8.00,15.00,898252.00,599312.00,3979.00,150.00
2005/06,4.00,725700.00,6.00,12.00,404936.00,258629.00,1820.00,142.00
2005/06,4.00,725730.00,2.00,2.00,11231.00,6815.00,38.00,179.00
2005/06,4.00,735800.00,1.00,1.00,32785.00,22303.00,160.00,139.00
2005/06,4.00,745630.00,1.00,1.00,52775.00,33830.00,127.00,266.00
2005/06,5.00,675530.00,1.00,1.00,0.00,,18.00,
2005/06,5.00,685600.00,2.00,3.00,0.00,,99.00,
2005/06,5.00,685630.00,2.00,2.00,4416.00,2730.00,44.00,62.00
2005/06,5.00,705630.00,1.00,1.00,4703.00,2734.00,96.00,28.00
2005/06,5.00,705701.00,2.00,2.00,62711.00,39003.00,201.00,194.00
2005/06,5.00,715600.00,1.00,1.00,2236.00,1442.00,20.00,72.00
2005/06,5.00,715630.00,5.00,8.00,246419.00,156423.00,1011.00,154.00
2005/06,5.00,715700.00,6.00,10.00,508486.00,326774.00,1667.00,196.00
2005/06,5.00,715730.00,4.00,5.00,244712.00,160482.00,551.00,291.00
2005/06,5.00,725630.00,5.00,8.00,317263.00,211879.00,1244.00,170.00
2005/06,5.00,725700.00,5.00,7.00,301070.00,196433.00,1020.00,192.00
2005/06,5.00,725730.00,1.00,2.00,40596.00,27421.00,142.00,193.00
2005/06,5.00,735630.00,1.00,1.00,161.00,102.00,5.00,20.00
2005/06,5.00,745830.00,1.00,1.00,27665.00,18692.00,66.00,283.00
2005/06,6.00,675530.00,1.00,1.00,0.00,,25.00,
2005/06,6.00,695631.00,2.00,2.00,9580.00,5486.00,736.00,7.00
2005/06,6.00,705600.00,3.00,3.00,15175.00,9924.00,198.00,50.00
2005/06,6.00,705630.00,4.00,4.00,25621.00,16382.00,410.00,39.00
2005/06,6.00,715600.00,3.00,3.00,27868.00,18674.00,89.00,209.00
2005/06,6.00,715630.00,7.00,13.00,405151.00,255004.00,1678.00,151.00
2005/06,6.00,715700.00,4.00,4.00,158021.00,95737.00,648.00,147.00
2005/06,6.00,715730.00,3.00,3.00,224236.00,148918.00,533.00,279.00
2005/06,6.00,725600.00,1.00,1.00,35243.00,23495.00,165.00,142.00
2005/06,6.00,725630.00,5.00,7.00,212493.00,140098.00,1038.00,134.00
2005/06,6.00,725700.00,2.00,2.00,54619.00,33582.00,337.00,99.00
2005/06,6.00,725730.00,1.00,1.00,150585.00,100389.00,206.00,487.00
2005/06,6.00,735730.00,1.00,1.00,17210.00,11473.00,105.00,109.00
2005/06,6.00,735800.00,2.00,2.00,30606.00,20173.00,130.00,155.00
2005/06,7.00,685530.00,1.00,1.00,1662.00,1138.00,171.00,6.00
2005/06,7.00,705600.00,3.00,3.00,66607.00,46153.00,236.00,195.00
2005/06,7.00,715600.00,2.00,1.00,81342.00,56487.00,170.00,332.00
2005/06,7.00,715630.00,2.00,2.00,36770.00,23545.00,172.00,136.00
2005/06,7.00,715700.00,6.00,8.00,389977.00,253307.00,1160.00,218.00
2005/06,7.00,715730.00,6.00,7.00,603742.00,397851.00,1302.00,305.00
2005/06,7.00,725630.00,2.00,2.00,47086.00,30386.00,250.00,121.00
2005/06,7.00,725700.00,2.00,2.00,25356.00,15046.00,258.00,58.00
2005/06,7.00,725730.00,4.00,5.00,192942.00,126728.00,628.00,201.00
2005/06,7.00,725800.00,1.00,1.00,9204.00,6347.00,31.00,204.00
2005/06,7.00,735700.00,1.00,1.00,2584.00,1635.00,27.00,60.00
2005/06,7.00,735730.00,2.00,2.00,23779.00,14388.00,203.00,70.00
2005/06,7.00,735800.00,5.00,5.00,535454.00,351798.00,1349.00,260.00
2005/06,7.00,735830.00,2.00,2.00,79087.00,54542.00,168.00,324.00
2005/06,7.00,745830.00,1.00,1.00,48674.00,33568.00,73.00,459.00
2005/06,8.00,695631.00,1.00,1.00,51704.00,34701.00,208.00,166.00
2005/06,8.00,705630.00,1.00,1.00,7404.00,4840.00,300.00,16.00
2005/06,8.00,715700.00,2.00,2.00,55448.00,38334.00,146.00,262.00
2005/06,8.00,715730.00,6.00,8.00,381899.00,256924.00,903.00,284.00
2005/06,8.00,725700.00,1.00,1.00,3916.00,2664.00,21.00,126.00
2005/06,8.00,725730.00,7.00,10.00,1002471.00,663471.00,2686.00,247.00
2005/06,8.00,725800.00,3.00,3.00,12036.00,7719.00,33.00,233.00
2005/06,8.00,735730.00,2.00,2.00,39057.00,26237.00,107.00,245.00
2005/06,8.00,735800.00,3.00,3.00,207784.00,146131.00,412.00,354.00
2005/06,8.00,735830.00,2.00,3.00,176314.00,125448.00,409.00,306.00
2005/06,8.00,745830.00,2.00,3.00,362682.00,246365.00,546.00,451.00
2005/06,9.00,715630.00,2.00,2.00,7164.00,4787.00,104.00,46.00
2005/06,9.00,715700.00,1.00,1.00,30246.00,19023.00,70.00,271.00
2005/06,9.00,715730.00,3.00,4.00,228294.00,152142.00,481.00,316.00
2005/06,9.00,725700.00,1.00,1.00,33606.00,21136.00,64.00,330.00
2005/06,9.00,725730.00,6.00,10.00,1107843.00,747560.00,2880.00,259.00
2005/06,9.00,725800.00,5.00,5.00,108151.00,73093.00,218.00,335.00
2005/06,9.00,735730.00,3.00,3.00,36854.00,23625.00,121.00,195.00
2005/06,9.00,735800.00,4.00,5.00,606671.00,399058.00,1180.00,338.00
2005/06,9.00,735830.00,2.00,3.00,132845.00,89760.00,275.00,326.00
2005/06,9.00,745830.00,3.00,5.00,459085.00,308171.00,864.00,356.00
2005/06,10.00,695631.00,5.00,5.00,29254.00,18231.00,1074.00,16.00
2005/06,10.00,705600.00,1.00,1.00,1074.00,757.00,27.00,28.00
2005/06,10.00,705630.00,3.00,3.00,5013.00,3123.00,284.00,10.00
2005/06,10.00,705701.00,2.00,2.00,1621.00,1007.00,29.00,34.00
2005/06,10.00,715600.00,1.00,2.00,270.00,189.00,32.00,5.00
2005/06,10.00,715630.00,1.00,1.00,810.00,503.00,9.00,55.00
2005/06,10.00,715730.00,2.00,2.00,272761.00,184594.00,437.00,422.00
2005/06,10.00,725730.00,6.00,10.00,249694.00,167847.00,853.00,196.00
2005/06,10.00,725800.00,5.00,6.00,280699.00,183133.00,802.00,228.00
2005/06,10.00,725830.00,1.00,1.00,6090.00,3830.00,13.00,294.00
2005/06,10.00,735730.00,3.00,3.00,46408.00,32579.00,144.00,226.00
2005/06,10.00,735800.00,3.00,6.00,586725.00,405629.00,1635.00,248.00
2005/06,10.00,735830.00,5.00,6.00,475199.00,327908.00,914.00,358.00
2005/06,10.00,745830.00,6.00,9.00,996455.00,685443.00,2280.00,300.00
2005/06,10.00,745900.00,1.00,1.00,98058.00,67627.00,170.00,397.00
2005/06,11.00,665500.00,1.00,1.00,2321.00,1623.00,66.00,24.00
2005/06,11.00,665530.00,1.00,1.00,11604.00,8116.00,78.00,104.00
2005/06,11.00,665600.00,1.00,1.00,22049.00,15419.00,208.00,74.00
2005/06,11.00,665630.00,1.00,1.00,5803.00,4057.00,39.00,104.00
2005/06,11.00,695631.00,3.00,4.00,4367.00,2878.00,717.00,4.00
2005/06,11.00,705600.00,1.00,2.00,8882.00,5911.00,61.00,96.00
2005/06,11.00,705630.00,2.00,2.00,34.00,22.00,20.00,1.00
2005/06,11.00,715630.00,1.00,1.00,5051.00,3412.00,25.00,136.00
2005/06,11.00,715700.00,3.00,3.00,47157.00,29831.00,107.00,278.00
2005/06,11.00,715730.00,3.00,3.00,301511.00,193678.00,673.00,287.00
2005/06,11.00,725730.00,8.00,13.00,631462.00,417064.00,1798.00,231.00
2005/06,11.00,725800.00,6.00,7.00,353088.00,239401.00,1002.00,238.00
2005/06,11.00,725830.00,1.00,1.00,25.00,16.00,39.00,0.00
2005/06,11.00,735730.00,3.00,3.00,16617.00,11494.00,240.00,47.00
2005/06,11.00,735800.00,6.00,8.00,348246.00,242575.00,1197.00,202.00
2005/06,11.00,735830.00,8.00,14.00,1214645.00,845125.00,3501.00,241.00
2005/06,11.00,735900.00,2.00,1.00,14543.00,9568.00,27.00,354.00
2005/06,11.00,745800.00,1.00,1.00,20704.00,14478.00,40.00,361.00
2005/06,11.00,745830.00,5.00,12.00,610775.00,434704.00,1316.00,330.00
2005/06,11.00,745900.00,3.00,7.00,676465.00,471352.00,1425.00,330.00
2005/06,11.00,755830.00,1.00,1.00,4561.00,3235.00,14.00,231.00
2005/06,11.00,755900.00,1.00,1.00,2281.00,1618.00,23.00,70.00
2005/06,12.00,695631.00,2.00,2.00,518.00,324.00,280.00,1.00
2005/06,12.00,705600.00,1.00,1.00,318.00,200.00,33.00,6.00
2005/06,12.00,705630.00,2.00,2.00,1135.00,713.00,144.00,4.00
2005/06,12.00,715600.00,1.00,1.00,5288.00,3326.00,20.00,166.00
2005/06,12.00,715630.00,2.00,2.00,101085.00,63553.00,386.00,164.00
2005/06,12.00,715700.00,1.00,1.00,50891.00,35341.00,161.00,219.00
2005/06,12.00,715730.00,2.00,2.00,212303.00,143293.00,444.00,322.00
2005/06,12.00,715800.00,1.00,1.00,53200.00,35466.00,277.00,128.00
2005/06,12.00,725700.00,1.00,1.00,9930.00,6896.00,101.00,68.00
2005/06,12.00,725730.00,1.00,1.00,5062.00,3444.00,22.00,156.00
2005/06,12.00,725800.00,1.00,1.00,75348.00,52691.00,116.00,454.00
2005/06,12.00,735800.00,3.00,1.00,6752.00,4672.00,40.00,116.00
2005/06,12.00,735830.00,7.00,7.00,633619.00,439220.00,1606.00,273.00
2005/06,12.00,735900.00,5.00,5.00,201091.00,138218.00,502.00,275.00
2005/06,12.00,745830.00,5.00,6.00,200677.00,134809.00,488.00,276.00
2005/06,12.00,745900.00,5.00,5.00,231701.00,157142.00,545.00,288.00
2005/06,12.00,745930.00,1.00,1.00,20246.00,13773.00,48.00,286.00
2005/06,13.00,695631.00,2.00,2.00,2971.00,1837.00,144.00,12.00
2005/06,13.00,715630.00,2.00,1.00,31695.00,19439.00,68.00,285.00
2005/06,13.00,715730.00,2.00,3.00,501381.00,340267.00,1118.00,304.00
2005/06,13.00,715800.00,1.00,1.00,161.00,106.00,5.00,21.00
2005/06,13.00,725730.00,2.00,2.00,43922.00,29843.00,120.00,248.00
2005/06,13.00,725800.00,3.00,3.00,321063.00,213789.00,955.00,223.00
2005/06,13.00,735800.00,2.00,2.00,83316.00,55902.00,329.00,169.00
2005/06,13.00,735830.00,7.00,6.00,258169.00,178186.00,694.00,256.00
2005/06,13.00,735900.00,5.00,4.00,302940.00,212800.00,903.00,235.00
2005/06,13.00,745800.00,1.00,1.00,1813.00,1276.00,7.00,182.00
2005/06,13.00,745830.00,5.00,6.00,291167.00,203118.00,787.00,258.00
2005/06,13.00,745900.00,5.00,6.00,338546.00,227426.00,749.00,303.00
2005/06,14.00,715630.00,4.00,3.00,233254.00,145127.00,1093.00,132.00
2005/06,14.00,715700.00,1.00,1.00,2586.00,1747.00,16.00,109.00
2005/06,14.00,715730.00,2.00,2.00,273183.00,180906.00,846.00,213.00
2005/06,14.00,735800.00,1.00,1.00,12697.00,8192.00,97.00,84.00
2005/06,14.00,735830.00,5.00,5.00,340121.00,225757.00,1347.00,167.00
2005/06,14.00,735900.00,1.00,1.00,36420.00,24945.00,63.00,395.00
2005/06,14.00,745800.00,1.00,1.00,16693.00,11592.00,48.00,241.00
2005/06,14.00,745830.00,4.00,5.00,59066.00,40929.00,192.00,213.00
2005/06,14.00,745900.00,6.00,9.00,1073390.00,735156.00,2750.00,267.00
2005/06,14.00,745930.00,2.00,2.00,17297.00,11865.00,73.00,162.00
2005/06,14.00,755800.00,1.00,1.00,2385.00,1656.00,6.00,276.00
2005/06,14.00,755900.00,1.00,1.00,42924.00,29808.00,200.00,149.00
2005/06,14.00,755930.00,2.00,2.00,25874.00,17642.00,172.00,102.00
2005/06,15.00,675600.00,1.00,1.00,451.00,301.00,17.00,17.00
2005/06,15.00,675630.00,1.00,1.00,451.00,301.00,23.00,13.00
2005/06,15.00,685600.00,2.00,1.00,960.00,521.00,18.00,28.00
2005/06,15.00,685630.00,2.00,1.00,960.00,521.00,18.00,28.00
2005/06,15.00,715700.00,1.00,1.00,7660.00,5107.00,82.00,62.00
2005/06,15.00,715730.00,1.00,1.00,20727.00,13818.00,227.00,60.00
2005/06,15.00,725700.00,2.00,2.00,2991.00,1929.00,94.00,20.00
2005/06,15.00,725730.00,2.00,2.00,640.00,416.00,22.00,18.00
2005/06,15.00,725800.00,1.00,1.00,1221.00,749.00,50.00,14.00
2005/06,15.00,735800.00,2.00,2.00,27232.00,16707.00,250.00,66.00
2005/06,15.00,735830.00,2.00,2.00,116685.00,79822.00,600.00,133.00
2005/06,15.00,745830.00,1.00,1.00,1356.00,875.00,23.00,38.00
2005/06,15.00,745900.00,4.00,4.00,278582.00,173972.00,902.00,192.00
2005/06,15.00,745930.00,2.00,1.00,4799.00,2609.00,32.00,81.00
2005/06,15.00,755900.00,2.00,2.00,1515.00,1025.00,26.00,39.00
2005/06,15.00,755930.00,1.00,1.00,15320.00,10211.00,106.00,96.00
2005/06,16.00,705701.00,1.00,1.00,876.00,601.00,20.00,30.00
2005/06,16.00,705800.00,1.00,1.00,278.00,171.00,19.00,9.00
2005/06,16.00,705830.00,1.00,1.00,178.00,109.00,7.00,15.00
2005/06,16.00,715600.00,2.00,1.00,267793.00,162923.00,320.00,509.00
2005/06,16.00,715630.00,1.00,1.00,153745.00,105304.00,285.00,369.00
2005/06,16.00,715700.00,3.00,3.00,35884.00,23153.00,315.00,73.00
2005/06,16.00,715730.00,4.00,3.00,111220.00,70446.00,586.00,120.00
2005/06,16.00,715830.00,1.00,1.00,278.00,171.00,58.00,2.00
2005/06,16.00,725630.00,1.00,1.00,1856.00,1139.00,73.00,15.00
2005/06,16.00,725730.00,2.00,2.00,6040.00,3976.00,177.00,22.00
2005/06,16.00,725800.00,1.00,1.00,7189.00,4729.00,86.00,54.00
2005/06,16.00,725830.00,1.00,1.00,2325.00,1530.00,54.00,28.00
2005/06,16.00,735730.00,1.00,1.00,176.00,120.00,82.00,1.00
2005/06,16.00,735800.00,2.00,1.00,3114.00,1894.00,100.00,18.00
2005/06,16.00,735830.00,3.00,3.00,47960.00,32201.00,332.00,96.00
2005/06,16.00,735900.00,3.00,3.00,60258.00,41064.00,206.00,199.00
2005/06,16.00,745830.00,2.00,2.00,0.00,,69.00,
2005/06,16.00,745900.00,3.00,3.00,77178.00,50905.00,407.00,125.00
2005/06,16.00,745930.00,1.00,1.00,6559.00,4344.00,49.00,88.00
2005/06,16.00,755830.00,1.00,1.00,228.00,150.00,15.00,10.00
2005/06,16.00,755900.00,1.00,1.00,0.00,,14.00,
2005/06,17.00,655500.00,1.00,1.00,0.00,,10.00,
2005/06,17.00,665500.00,1.00,1.00,0.00,,15.00,
2005/06,17.00,665600.00,1.00,1.00,0.00,,60.00,
2005/06,17.00,675530.00,1.00,1.00,0.00,,20.00,
2005/06,17.00,675600.00,1.00,1.00,0.00,,20.00,
2005/06,17.00,705630.00,1.00,1.00,40717.00,25935.00,314.00,82.00
2005/06,17.00,715630.00,1.00,1.00,9825.00,6258.00,35.00,178.00
2005/06,17.00,715730.00,1.00,1.00,8419.00,5467.00,116.00,47.00
2005/06,17.00,725800.00,1.00,1.00,1345.00,873.00,35.00,24.00
2005/06,17.00,725830.00,1.00,1.00,642.00,417.00,34.00,12.00
2005/06,17.00,735800.00,1.00,1.00,2473.00,1575.00,31.00,50.00
2005/06,17.00,735830.00,2.00,2.00,4357.00,2809.00,111.00,25.00
2005/06,17.00,735900.00,1.00,1.00,26.00,17.00,1.00,17.00
2005/06,17.00,745900.00,2.00,2.00,1129.00,739.00,89.00,8.00
2005/06,17.00,755900.00,1.00,1.00,1675.00,1088.00,142.00,7.00
2005/06,17.00,765830.00,1.00,1.00,0.00,,23.00,
2005/06,18.00,685630.00,1.00,1.00,706.00,418.00,89.00,4.00
2005/06,18.00,705600.00,1.00,1.00,9238.00,5466.00,35.00,156.00
2005/06,18.00,705630.00,1.00,1.00,78362.00,46368.00,298.00,155.00
2005/06,18.00,715630.00,2.00,2.00,126562.00,76172.00,396.00,192.00
2005/06,18.00,715700.00,1.00,1.00,15927.00,9653.00,112.00,86.00
2005/06,18.00,715730.00,1.00,1.00,17152.00,10395.00,58.00,179.00
2005/06,19.00,705630.00,1.00,1.00,79171.00,50750.00,333.00,152.00
2005/06,19.00,715630.00,4.00,4.00,450246.00,272836.00,1093.00,249.00
2005/06,19.00,715700.00,2.00,2.00,112982.00,68786.00,454.00,151.00
2005/06,19.00,715730.00,1.00,1.00,460.00,289.00,14.00,20.00
2005/06,20.00,705630.00,1.00,1.00,10304.00,5956.00,84.00,70.00
2005/06,20.00,715630.00,1.00,1.00,16066.00,9287.00,94.00,98.00
2005/06,20.00,735830.00,1.00,1.00,32051.00,18527.00,197.00,94.00
2005/06,20.00,735900.00,1.00,1.00,20255.00,11708.00,153.00,76.00
2005/06,21.00,735800.00,1.00,1.00,2900.00,1883.00,27.00,69.00
2005/06,21.00,735900.00,1.00,1.00,102627.00,66641.00,409.00,162.00
2005/06,43.00,695631.00,1.00,1.00,82.00,47.00,621.00,0.00
2005/06,43.00,705630.00,1.00,1.00,3.00,2.00,68.00,0.00
2005/06,48.00,715630.00,1.00,1.00,44864.00,27837.00,224.00,124.00
2005/06,48.00,715700.00,1.00,1.00,9719.00,6036.00,25.00,241.00
2005/06,48.00,725630.00,1.00,1.00,40089.00,24900.00,158.00,157.00
2005/06,48.00,725700.00,1.00,1.00,27941.00,17355.00,101.00,171.00
2005/06,50.00,715630.00,1.00,1.00,7480.00,4857.00,11.00,441.00
2005/06,50.00,725630.00,1.00,1.00,16576.00,10764.00,40.00,269.00
2005/06,50.00,725700.00,1.00,1.00,55790.00,36227.00,94.00,385.00
2005/06,51.00,715630.00,1.00,1.00,3101.00,1963.00,18.00,109.00
2005/06,51.00,715700.00,1.00,1.00,6661.00,4216.00,20.00,210.00
2005/06,51.00,725630.00,1.00,1.00,5523.00,3496.00,46.00,76.00
2005/06,51.00,725700.00,1.00,1.00,112801.00,71393.00,334.00,213.00
2005/06,52.00,715630.00,1.00,1.00,8472.00,5363.00,31.00,173.00
2005/06,52.00,715700.00,1.00,1.00,13702.00,8672.00,35.00,247.00
2005/06,52.00,725630.00,1.00,1.00,2337.00,1479.00,13.00,113.00
2005/06,52.00,725700.00,1.00,1.00,11892.00,7526.00,48.00,156.00
2005/06,53.00,695631.00,1.00,1.00,798.00,528.00,5.00,105.00
2005/06,53.00,705630.00,1.00,1.00,3190.00,2113.00,198.00,10.00
2005/06,53.00,715630.00,1.00,1.00,1595.00,1056.00,30.00,35.00
2005/06,53.00,725700.00,1.00,2.00,53644.00,35619.00,188.00,189.00
2005/06,53.00,725730.00,1.00,1.00,205730.00,140812.00,555.00,253.00
2005/06,53.00,735800.00,1.00,1.00,12760.00,8450.00,67.00,126.00
2005/06,53.00,745830.00,1.00,1.00,11963.00,7923.00,20.00,396.00
2006/07,2.00,715600.00,1.00,1.00,44698.00,33608.00,54.00,622.00
2006/07,2.00,715630.00,2.00,6.00,638975.00,507382.00,1309.00,387.00
2006/07,2.00,715700.00,2.00,3.00,170424.00,139967.00,337.00,415.00
2006/07,2.00,715730.00,1.00,1.00,5583.00,4576.00,20.00,228.00
2006/07,2.00,725630.00,2.00,4.00,169575.00,137195.00,369.00,371.00
2006/07,2.00,725700.00,3.00,8.00,782028.00,625729.00,1608.00,389.00
2006/07,2.00,725730.00,3.00,4.00,236699.00,187528.00,494.00,379.00
2006/07,2.00,735730.00,1.00,1.00,27815.00,22613.00,40.00,565.00
2006/07,2.00,735800.00,1.00,1.00,3745.00,2600.00,15.00,173.00
2006/07,2.00,745800.00,1.00,1.00,3745.00,2600.00,9.00,288.00
2006/07,2.00,745830.00,1.00,1.00,367000.00,254861.00,668.00,381.00
2006/07,3.00,715600.00,1.00,1.00,29221.00,23008.00,61.00,377.00
2006/07,3.00,715630.00,4.00,5.00,407314.00,326628.00,975.00,335.00
2006/07,3.00,715700.00,3.00,3.00,394660.00,309305.00,829.00,373.00
2006/07,3.00,715730.00,1.00,1.00,48913.00,37918.00,86.00,440.00
2006/07,3.00,725630.00,1.00,1.00,5512.00,4519.00,14.00,322.00
2006/07,3.00,725700.00,5.00,5.00,381260.00,313724.00,925.00,339.00
2006/07,3.00,725730.00,5.00,4.00,304481.00,248542.00,747.00,332.00
2006/07,3.00,735730.00,3.00,1.00,42162.00,32185.00,110.00,292.00
2006/07,3.00,745830.00,3.00,1.00,328863.00,251040.00,867.00,289.00
2006/07,4.00,685630.00,1.00,1.00,0.00,,11.00,
2006/07,4.00,695631.00,2.00,2.00,0.00,,623.00,
2006/07,4.00,705600.00,1.00,1.00,20143.00,16114.00,76.00,212.00
2006/07,4.00,705630.00,1.00,1.00,0.00,,41.00,
2006/07,4.00,705701.00,3.00,2.00,23192.00,18554.00,75.00,247.00
2006/07,4.00,715630.00,6.00,8.00,734200.00,596762.00,1627.00,366.00
2006/07,4.00,715700.00,5.00,4.00,511958.00,413867.00,1146.00,361.00
2006/07,4.00,715730.00,1.00,1.00,6693.00,5354.00,30.00,178.00
2006/07,4.00,725630.00,4.00,3.00,74493.00,59175.00,177.00,334.00
2006/07,4.00,725700.00,7.00,8.00,1131998.00,928183.00,2556.00,363.00
2006/07,4.00,725730.00,2.00,2.00,51702.00,43335.00,123.00,352.00
2006/07,4.00,745830.00,1.00,1.00,157728.00,111076.00,301.00,369.00
2006/07,4.00,755830.00,1.00,1.00,1593.00,1122.00,4.00,280.00
2006/07,5.00,665500.00,1.00,1.00,871.00,551.00,110.00,5.00
2006/07,5.00,665530.00,1.00,1.00,257.00,163.00,155.00,1.00
2006/07,5.00,675530.00,1.00,1.00,0.00,,12.00,
2006/07,5.00,695631.00,1.00,1.00,0.00,,410.00,
2006/07,5.00,715630.00,5.00,7.00,841669.00,687155.00,1873.00,366.00
2006/07,5.00,715700.00,4.00,5.00,535099.00,446620.00,966.00,462.00
2006/07,5.00,715730.00,1.00,1.00,7973.00,6758.00,14.00,482.00
2006/07,5.00,725630.00,5.00,5.00,153800.00,124137.00,538.00,230.00
2006/07,5.00,725700.00,5.00,9.00,835071.00,683967.00,1780.00,384.00
2006/07,5.00,725730.00,3.00,3.00,144194.00,118004.00,329.00,358.00
2006/07,5.00,735630.00,1.00,1.00,770.00,694.00,9.00,77.00
2006/07,5.00,735800.00,1.00,1.00,0.00,,2.00,
2006/07,5.00,735830.00,1.00,1.00,33506.00,23430.00,84.00,278.00
2006/07,5.00,745800.00,1.00,1.00,0.00,,13.00,
2006/07,5.00,745830.00,1.00,1.00,115695.00,80906.00,330.00,245.00
2006/07,5.00,745900.00,1.00,1.00,5470.00,3826.00,29.00,131.00
2006/07,6.00,715630.00,4.00,4.00,576611.00,477071.00,1251.00,381.00
2006/07,6.00,715700.00,6.00,5.00,263293.00,231602.00,664.00,348.00
2006/07,6.00,715730.00,3.00,2.00,77929.00,61142.00,203.00,301.00
2006/07,6.00,725630.00,6.00,9.00,1129635.00,951693.00,2381.00,399.00
2006/07,6.00,725700.00,6.00,9.00,1105839.00,902965.00,2487.00,363.00
2006/07,6.00,725730.00,6.00,5.00,344450.00,276243.00,823.00,335.00
2006/07,6.00,735700.00,2.00,3.00,181179.00,146643.00,514.00,285.00
2006/07,6.00,735730.00,2.00,2.00,23699.00,19587.00,49.00,399.00
2006/07,6.00,735800.00,1.00,1.00,20883.00,14303.00,40.00,357.00
2006/07,6.00,735830.00,1.00,1.00,27453.00,18803.00,73.00,257.00
2006/07,6.00,745800.00,1.00,1.00,23160.00,15863.00,57.00,278.00
2006/07,6.00,745830.00,1.00,1.00,171368.00,117375.00,390.00,300.00
2006/07,7.00,665530.00,2.00,1.00,746.00,557.00,79.00,7.00
2006/07,7.00,695631.00,5.00,4.00,4326.00,3461.00,1327.00,2.00
2006/07,7.00,705630.00,4.00,3.00,839.00,671.00,339.00,1.00
2006/07,7.00,705701.00,5.00,4.00,149045.00,115725.00,378.00,306.00
2006/07,7.00,715630.00,3.00,4.00,209272.00,176077.00,343.00,513.00
2006/07,7.00,715700.00,4.00,6.00,439893.00,360466.00,794.00,453.00
2006/07,7.00,715730.00,1.00,1.00,6618.00,5424.00,10.00,542.00
2006/07,7.00,725630.00,3.00,4.00,393909.00,315691.00,842.00,374.00
2006/07,7.00,725700.00,5.00,4.00,666467.00,541056.00,1373.00,394.00
2006/07,7.00,725730.00,4.00,4.00,288886.00,230750.00,633.00,364.00
2006/07,7.00,735700.00,1.00,1.00,8452.00,6872.00,22.00,312.00
2006/07,7.00,735730.00,2.00,2.00,153942.00,123411.00,384.00,321.00
2006/07,7.00,735800.00,1.00,1.00,114020.00,91216.00,299.00,305.00
2006/07,7.00,745830.00,2.00,1.00,271752.00,191662.00,494.00,387.00
2006/07,8.00,665500.00,1.00,1.00,0.00,,66.00,
2006/07,8.00,665530.00,1.00,1.00,0.00,,886.00,
2006/07,8.00,695631.00,1.00,2.00,0.00,,573.00,
2006/07,8.00,705701.00,2.00,2.00,216925.00,175434.00,479.00,366.00
2006/07,8.00,715630.00,4.00,4.00,281708.00,226303.00,587.00,385.00
2006/07,8.00,715700.00,4.00,6.00,370366.00,304513.00,556.00,547.00
2006/07,8.00,715730.00,3.00,2.00,71567.00,59927.00,158.00,379.00
2006/07,8.00,725630.00,3.00,3.00,225550.00,185646.00,517.00,359.00
2006/07,8.00,725700.00,4.00,6.00,252976.00,209448.00,552.00,379.00
2006/07,8.00,725730.00,4.00,3.00,275529.00,230033.00,600.00,383.00
2006/07,8.00,735700.00,1.00,2.00,127854.00,104955.00,332.00,316.00
2006/07,8.00,735730.00,1.00,1.00,91905.00,76587.00,206.00,371.00
2006/07,8.00,735830.00,1.00,1.00,55711.00,44216.00,208.00,212.00
2006/07,8.00,745800.00,1.00,1.00,77140.00,61221.00,263.00,232.00
2006/07,8.00,745830.00,1.00,1.00,9999.00,7936.00,41.00,193.00
2006/07,9.00,665530.00,1.00,1.00,458.00,356.00,354.00,1.00
2006/07,9.00,665600.00,1.00,1.00,100.00,77.00,47.00,1.00
2006/07,9.00,695631.00,2.00,3.00,2498.00,1953.00,803.00,2.00
2006/07,9.00,705630.00,1.00,1.00,1182.00,916.00,90.00,10.00
2006/07,9.00,705701.00,1.00,1.00,13371.00,10446.00,34.00,307.00
2006/07,9.00,715630.00,2.00,2.00,129674.00,109332.00,271.00,403.00
2006/07,9.00,715700.00,4.00,4.00,472007.00,384360.00,964.00,398.00
2006/07,9.00,725630.00,3.00,3.00,106069.00,86250.00,202.00,426.00
2006/07,9.00,725700.00,5.00,6.00,335403.00,277268.00,928.00,298.00
2006/07,9.00,725730.00,4.00,7.00,597888.00,485382.00,1195.00,406.00
2006/07,9.00,735700.00,2.00,2.00,87462.00,71311.00,184.00,387.00
2006/07,9.00,735730.00,5.00,5.00,282103.00,229513.00,703.00,326.00
2006/07,10.00,695631.00,2.00,2.00,427.00,336.00,247.00,1.00
2006/07,10.00,705701.00,1.00,2.00,53210.00,42152.00,104.00,405.00
2006/07,10.00,715630.00,1.00,1.00,83017.00,68609.00,180.00,381.00
2006/07,10.00,715700.00,1.00,1.00,237398.00,186928.00,361.00,517.00
2006/07,10.00,725630.00,2.00,2.00,89193.00,73689.00,242.00,304.00
2006/07,10.00,725700.00,5.00,4.00,295033.00,236722.00,637.00,371.00
2006/07,10.00,725730.00,4.00,2.00,134937.00,110496.00,291.00,379.00
2006/07,10.00,735700.00,4.00,2.00,74857.00,61402.00,144.00,426.00
2006/07,10.00,735730.00,4.00,3.00,67588.00,56090.00,144.00,389.00
2006/07,10.00,735800.00,2.00,1.00,76663.00,59464.00,242.00,245.00
2006/07,10.00,735830.00,2.00,1.00,18038.00,13992.00,75.00,186.00
2006/07,10.00,745800.00,2.00,1.00,22548.00,17489.00,62.00,282.00
2006/07,10.00,745830.00,2.00,1.00,108229.00,83948.00,487.00,172.00
2006/07,11.00,685630.00,1.00,1.00,5315.00,4252.00,59.00,72.00
2006/07,11.00,695631.00,1.00,1.00,173.00,138.00,186.00,0.00
2006/07,11.00,705630.00,1.00,1.00,0.00,,8.00,
2006/07,11.00,705701.00,1.00,1.00,1238.00,1023.00,4.00,255.00
2006/07,11.00,715630.00,3.00,4.00,269048.00,218311.00,597.00,365.00
2006/07,11.00,715700.00,4.00,4.00,181388.00,146464.00,407.00,359.00
2006/07,11.00,725630.00,3.00,3.00,158884.00,131387.00,388.00,338.00
2006/07,11.00,725700.00,8.00,11.00,1588068.00,1336667.00,3329.00,401.00
2006/07,11.00,725730.00,5.00,4.00,139271.00,118335.00,316.00,374.00
2006/07,11.00,735700.00,6.00,6.00,204461.00,174078.00,388.00,448.00
2006/07,11.00,735730.00,3.00,2.00,146814.00,127717.00,294.00,434.00
2006/07,12.00,715600.00,1.00,1.00,19464.00,16220.00,38.00,426.00
2006/07,12.00,715630.00,6.00,8.00,886188.00,742231.00,1998.00,371.00
2006/07,12.00,715700.00,4.00,4.00,221667.00,183283.00,359.00,510.00
2006/07,12.00,725630.00,3.00,3.00,169496.00,142575.00,575.00,247.00
2006/07,12.00,725700.00,8.00,10.00,1392560.00,1169120.00,3825.00,305.00
2006/07,12.00,735700.00,5.00,4.00,105581.00,86943.00,233.00,373.00
2006/07,12.00,735730.00,1.00,1.00,61743.00,52772.00,164.00,321.00
2006/07,12.00,735800.00,1.00,1.00,50517.00,43177.00,198.00,218.00
2006/07,13.00,715630.00,8.00,11.00,882991.00,727781.00,1860.00,391.00
2006/07,13.00,715700.00,9.00,8.00,894867.00,733639.00,1765.00,415.00
2006/07,13.00,725630.00,1.00,1.00,7151.00,5720.00,143.00,40.00
2006/07,13.00,725700.00,9.00,12.00,1356011.00,1147088.00,3575.00,320.00
2006/07,13.00,725730.00,4.00,1.00,49765.00,42627.00,81.00,526.00
2006/07,13.00,735630.00,1.00,1.00,111665.00,93837.00,342.00,274.00
2006/07,13.00,735700.00,5.00,4.00,315756.00,268185.00,819.00,327.00
2006/07,13.00,735730.00,4.00,1.00,9479.00,8120.00,16.00,507.00
2006/07,14.00,715630.00,3.00,4.00,365730.00,303338.00,663.00,457.00
2006/07,14.00,715700.00,9.00,8.00,808778.00,672469.00,1391.00,483.00
2006/07,14.00,715730.00,1.00,1.00,11345.00,9534.00,15.00,635.00
2006/07,14.00,725700.00,4.00,5.00,398756.00,330460.00,946.00,349.00
2006/07,14.00,725730.00,3.00,3.00,55749.00,48349.00,106.00,456.00
2006/07,14.00,735730.00,3.00,2.00,69420.00,60787.00,145.00,419.00
2006/07,14.00,735800.00,1.00,1.00,41017.00,36953.00,76.00,486.00
2006/07,15.00,715630.00,1.00,1.00,94368.00,78639.00,186.00,422.00
2006/07,15.00,715700.00,7.00,8.00,932648.00,774313.00,1674.00,462.00
2006/07,15.00,725700.00,4.00,5.00,223698.00,191589.00,528.00,362.00
2006/07,15.00,725730.00,3.00,1.00,202298.00,175914.00,444.00,396.00
2006/07,15.00,735730.00,1.00,1.00,172970.00,144141.00,328.00,439.00
2006/07,16.00,715700.00,1.00,1.00,39471.00,32621.00,53.00,615.00
2006/07,17.00,715630.00,1.00,1.00,96204.00,75751.00,229.00,330.00
2006/07,17.00,735700.00,1.00,1.00,19704.00,15516.00,36.00,431.00
2006/07,18.00,715630.00,1.00,1.00,29017.00,23980.00,77.00,311.00
2006/07,45.00,695631.00,1.00,1.00,0.00,,383.00,
2006/07,45.00,705600.00,1.00,1.00,195.00,125.00,2.00,62.00
2006/07,45.00,705630.00,1.00,1.00,1468.00,941.00,18.00,52.00
2006/07,45.00,715600.00,1.00,1.00,82.00,52.00,2.00,26.00
2006/07,45.00,715630.00,1.00,1.00,23716.00,15202.00,122.00,124.00
2006/07,45.00,715700.00,2.00,2.00,11775.00,7570.00,56.00,135.00
2006/07,45.00,715730.00,2.00,2.00,92953.00,76001.00,205.00,370.00
2006/07,45.00,715800.00,2.00,2.00,246282.00,199692.00,667.00,299.00
2006/07,45.00,725730.00,3.00,2.00,56444.00,45418.00,162.00,280.00
2006/07,45.00,725800.00,1.00,1.00,33670.00,26722.00,117.00,228.00
2006/07,45.00,725830.00,1.00,1.00,15362.00,12192.00,55.00,221.00
2006/07,46.00,715630.00,1.00,1.00,184065.00,121096.00,546.00,221.00
2006/07,46.00,715700.00,1.00,1.00,6578.00,4327.00,15.00,288.00
2006/07,47.00,665600.00,1.00,1.00,50.00,34.00,21.00,1.00
2006/07,47.00,715630.00,1.00,1.00,190657.00,123005.00,682.00,180.00
2006/07,47.00,715800.00,1.00,1.00,42195.00,33756.00,143.00,236.00
2006/07,47.00,725800.00,1.00,1.00,54317.00,43454.00,168.00,258.00
2006/07,47.00,725830.00,1.00,1.00,4177.00,3341.00,13.00,257.00
2006/07,48.00,655530.00,1.00,1.00,0.00,,40.00,
2006/07,48.00,665500.00,1.00,1.00,0.00,,24.00,
2006/07,48.00,665530.00,1.00,1.00,0.00,,21.00,
2006/07,48.00,675530.00,1.00,1.00,0.00,,18.00,
2006/07,48.00,715630.00,3.00,3.00,52409.00,33976.00,261.00,130.00
2006/07,48.00,715700.00,1.00,1.00,36155.00,26981.00,118.00,228.00
2006/07,48.00,715800.00,1.00,1.00,6588.00,5147.00,50.00,102.00
2006/07,48.00,725700.00,1.00,1.00,22332.00,16666.00,147.00,113.00
2006/07,48.00,725800.00,1.00,1.00,14563.00,9484.00,48.00,197.00
2006/07,49.00,715700.00,1.00,1.00,132935.00,104673.00,465.00,225.00
2006/07,49.00,715800.00,1.00,1.00,72539.00,54132.00,253.00,213.00
2006/07,49.00,725800.00,1.00,1.00,34101.00,25452.00,95.00,267.00
2006/07,49.00,725830.00,1.00,1.00,17501.00,13059.00,157.00,83.00
2006/07,50.00,715700.00,1.00,1.00,45974.00,39633.00,186.00,213.00
2006/07,50.00,715800.00,1.00,1.00,86695.00,65184.00,283.00,230.00
2006/07,50.00,725700.00,1.00,1.00,51695.00,44564.00,154.00,289.00
2006/07,50.00,725800.00,1.00,1.00,7335.00,5515.00,38.00,145.00
2006/07,51.00,715800.00,1.00,1.00,119625.00,89116.00,206.00,432.00
2006/07,51.00,725800.00,1.00,1.00,19024.00,15131.00,60.00,252.00
2006/07,52.00,715800.00,1.00,1.00,60270.00,46008.00,172.00,267.00
2006/07,52.00,725800.00,1.00,1.00,40194.00,30682.00,137.00,223.00
2007/08,1.00,705701.00,1.00,1.00,19813.00,16511.00,20.00,825.00
2007/08,1.00,715630.00,1.00,2.00,325930.00,259494.00,516.00,502.00
2007/08,1.00,715700.00,1.00,2.00,156108.00,126359.00,362.00,349.00
2007/08,1.00,725630.00,1.00,1.00,26302.00,21211.00,50.00,424.00
2007/08,1.00,725700.00,1.00,1.00,6930.00,5544.00,17.00,326.00
2007/08,1.00,725730.00,1.00,1.00,196348.00,157079.00,340.00,461.00
2007/08,1.00,735630.00,1.00,1.00,19.00,15.00,1.00,15.00
2007/08,1.00,735700.00,2.00,2.00,7033.00,5624.00,18.00,312.00
2007/08,1.00,735730.00,2.00,2.00,20790.00,16632.00,40.00,415.00
2007/08,1.00,745830.00,1.00,1.00,2067.00,1615.00,8.00,201.00
2007/08,1.00,755830.00,1.00,1.00,11779.00,9202.00,32.00,287.00
2007/08,2.00,665430.00,1.00,1.00,590.00,407.00,93.00,4.00
2007/08,2.00,665500.00,1.00,1.00,194.00,134.00,38.00,3.00
2007/08,2.00,665530.00,1.00,1.00,138.00,95.00,29.00,3.00
2007/08,2.00,705630.00,1.00,1.00,23820.00,18184.00,61.00,298.00
2007/08,2.00,705701.00,2.00,3.00,195069.00,144558.00,405.00,356.00
2007/08,2.00,705730.00,1.00,1.00,14830.00,11770.00,45.00,261.00
2007/08,2.00,715630.00,6.00,8.00,870487.00,682778.00,1924.00,354.00
2007/08,2.00,715700.00,8.00,9.00,1724179.00,1356798.00,3083.00,440.00
2007/08,2.00,715730.00,1.00,1.00,9300.00,7381.00,24.00,307.00
2007/08,2.00,725630.00,3.00,3.00,248261.00,195239.00,421.00,463.00
2007/08,2.00,725700.00,7.00,8.00,556514.00,443926.00,1177.00,377.00
2007/08,2.00,725730.00,4.00,4.00,382405.00,308738.00,605.00,510.00
2007/08,2.00,735700.00,1.00,1.00,54449.00,42873.00,120.00,357.00
2007/08,2.00,735730.00,1.00,1.00,226208.00,176725.00,323.00,547.00
2007/08,2.00,745830.00,1.00,1.00,4888.00,3760.00,22.00,170.00
2007/08,2.00,755830.00,1.00,1.00,90789.00,69837.00,354.00,197.00
2007/08,3.00,665500.00,1.00,1.00,0.00,,136.00,
2007/08,3.00,665530.00,1.00,1.00,0.00,,274.00,
2007/08,3.00,665600.00,1.00,1.00,20954.00,15874.00,40.00,396.00
2007/08,3.00,675530.00,1.00,1.00,4228.00,3383.00,22.00,153.00
2007/08,3.00,675600.00,2.00,2.00,22327.00,16962.00,48.00,353.00
2007/08,3.00,685630.00,1.00,1.00,9611.00,7508.00,36.00,208.00
2007/08,3.00,695631.00,1.00,1.00,0.00,,58.00,
2007/08,3.00,705630.00,1.00,1.00,0.00,,57.00,
2007/08,3.00,705701.00,6.00,7.00,442492.00,339419.00,823.00,412.00
2007/08,3.00,705703.00,2.00,2.00,27291.00,22188.00,60.00,369.00
2007/08,3.00,715630.00,7.00,12.00,1043135.00,824047.00,1913.00,430.00
2007/08,3.00,715700.00,8.00,13.00,1311000.00,1042586.00,2493.00,418.00
2007/08,3.00,725630.00,4.00,4.00,357387.00,290371.00,717.00,404.00
2007/08,3.00,725700.00,5.00,7.00,320520.00,246803.00,621.00,397.00
2007/08,3.00,725730.00,2.00,3.00,377928.00,298216.00,751.00,397.00
2007/08,3.00,735730.00,1.00,1.00,8106.00,6591.00,15.00,439.00
2007/08,3.00,735800.00,1.00,1.00,4773.00,3758.00,12.00,313.00
2007/08,3.00,745830.00,1.00,1.00,34311.00,27017.00,85.00,317.00
2007/08,3.00,755830.00,1.00,1.00,44704.00,35200.00,164.00,214.00
2007/08,4.00,705630.00,3.00,3.00,66568.00,51997.00,143.00,363.00
2007/08,4.00,705701.00,6.00,9.00,552338.00,413098.00,1044.00,395.00
2007/08,4.00,715630.00,7.00,14.00,1762007.00,1406025.00,3825.00,367.00
2007/08,4.00,715700.00,8.00,16.00,1798612.00,1413154.00,3659.00,386.00
2007/08,4.00,725630.00,4.00,5.00,471276.00,395742.00,753.00,525.00
2007/08,4.00,725700.00,5.00,5.00,298895.00,237629.00,853.00,278.00
2007/08,4.00,725730.00,4.00,4.00,431863.00,348663.00,798.00,436.00
2007/08,4.00,735700.00,1.00,1.00,53031.00,41757.00,150.00,278.00
2007/08,4.00,735730.00,3.00,2.00,498309.00,400637.00,849.00,471.00
2007/08,4.00,745830.00,1.00,1.00,111203.00,86204.00,289.00,298.00
2007/08,4.00,755830.00,1.00,1.00,2234.00,1732.00,8.00,216.00
2007/08,5.00,695631.00,2.00,3.00,386.00,299.00,763.00,0.00
2007/08,5.00,705600.00,2.00,2.00,4277.00,3396.00,72.00,47.00
2007/08,5.00,705630.00,4.00,7.00,129453.00,99141.00,674.00,147.00
2007/08,5.00,705701.00,6.00,7.00,370206.00,275480.00,739.00,372.00
2007/08,5.00,715600.00,2.00,2.00,46210.00,37506.00,140.00,267.00
2007/08,5.00,715630.00,11.00,23.00,2471779.00,1937403.00,5253.00,368.00
2007/08,5.00,715700.00,9.00,19.00,1464404.00,1151077.00,3625.00,317.00
2007/08,5.00,725630.00,8.00,10.00,876986.00,697492.00,1865.00,373.00
2007/08,5.00,725700.00,9.00,8.00,341327.00,269965.00,783.00,344.00
2007/08,5.00,725730.00,6.00,5.00,725687.00,573451.00,1347.00,425.00
2007/08,5.00,735730.00,4.00,2.00,416909.00,330386.00,623.00,530.00
2007/08,6.00,695632.00,1.00,1.00,0.00,,14.00,
2007/08,6.00,705630.00,6.00,5.00,89775.00,70735.00,301.00,235.00
2007/08,6.00,705701.00,4.00,6.00,586304.00,445840.00,1048.00,425.00
2007/08,6.00,715530.00,1.00,1.00,10904.00,8794.00,24.00,366.00
2007/08,6.00,715600.00,2.00,2.00,67643.00,55889.00,153.00,365.00
2007/08,6.00,715630.00,12.00,21.00,2419624.00,1934840.00,5167.00,374.00
2007/08,6.00,715700.00,10.00,19.00,1124555.00,890242.00,2484.00,358.00
2007/08,6.00,725630.00,6.00,5.00,367750.00,298287.00,770.00,387.00
2007/08,6.00,725700.00,5.00,4.00,262342.00,210653.00,644.00,327.00
2007/08,6.00,725730.00,3.00,2.00,312982.00,255337.00,676.00,377.00
2007/08,6.00,735700.00,2.00,2.00,89345.00,71123.00,229.00,310.00
2007/08,6.00,735730.00,3.00,3.00,852565.00,695946.00,1724.00,403.00
2007/08,7.00,665530.00,1.00,1.00,0.00,,55.00,
2007/08,7.00,705600.00,2.00,2.00,6288.00,5154.00,43.00,119.00
2007/08,7.00,705630.00,7.00,6.00,156670.00,124969.00,455.00,274.00
2007/08,7.00,705701.00,6.00,5.00,221049.00,169744.00,357.00,475.00
2007/08,7.00,715600.00,1.00,1.00,87237.00,68154.00,134.00,508.00
2007/08,7.00,715630.00,13.00,18.00,1845922.00,1488811.00,3676.00,405.00
2007/08,7.00,715700.00,7.00,9.00,641160.00,514319.00,1152.00,446.00
2007/08,7.00,725630.00,11.00,21.00,1720680.00,1415219.00,3430.00,412.00
2007/08,7.00,725700.00,7.00,12.00,652385.00,524730.00,1332.00,393.00
2007/08,7.00,725730.00,3.00,3.00,132633.00,108836.00,308.00,353.00
2007/08,7.00,735630.00,2.00,2.00,764.00,642.00,24.00,26.00
2007/08,7.00,735700.00,2.00,2.00,123315.00,100420.00,297.00,338.00
2007/08,7.00,735730.00,2.00,3.00,200812.00,160675.00,476.00,337.00
2007/08,8.00,665500.00,1.00,1.00,0.00,,322.00,
2007/08,8.00,665530.00,1.00,1.00,0.00,,77.00,
2007/08,8.00,675630.00,1.00,1.00,0.00,,5.00,
2007/08,8.00,685600.00,1.00,1.00,293.00,229.00,20.00,11.00
2007/08,8.00,685630.00,1.00,1.00,0.00,,7.00,
2007/08,8.00,695631.00,1.00,1.00,49.00,38.00,60.00,0.00
2007/08,8.00,705600.00,5.00,4.00,78477.00,62602.00,176.00,355.00
2007/08,8.00,705630.00,4.00,3.00,80920.00,64605.00,198.00,326.00
2007/08,8.00,705701.00,3.00,3.00,157582.00,119180.00,342.00,348.00
2007/08,8.00,715600.00,5.00,5.00,240734.00,189960.00,448.00,424.00
2007/08,8.00,715630.00,12.00,24.00,2617549.00,2105801.00,5776.00,364.00
2007/08,8.00,715700.00,3.00,3.00,78185.00,59560.00,253.00,235.00
2007/08,8.00,725600.00,1.00,1.00,39850.00,32137.00,95.00,338.00
2007/08,8.00,725630.00,11.00,19.00,1765022.00,1428149.00,3756.00,380.00
2007/08,8.00,725700.00,7.00,8.00,668317.00,535807.00,1568.00,341.00
2007/08,8.00,735700.00,4.00,3.00,196318.00,159021.00,474.00,335.00
2007/08,8.00,735730.00,2.00,2.00,112308.00,91435.00,312.00,293.00
2007/08,9.00,665500.00,1.00,1.00,100.00,80.00,100.00,0.00
2007/08,9.00,675500.00,1.00,1.00,0.00,0.00,5.00,0.00
2007/08,9.00,675530.00,2.00,2.00,16525.00,12810.00,101.00,126.00
2007/08,9.00,675600.00,1.00,1.00,24457.00,18960.00,153.00,123.00
2007/08,9.00,705600.00,4.00,4.00,53986.00,42131.00,255.00,165.00
2007/08,9.00,705701.00,1.00,1.00,15203.00,11785.00,25.00,471.00
2007/08,9.00,715600.00,8.00,8.00,242425.00,190112.00,534.00,356.00
2007/08,9.00,715630.00,12.00,24.00,2387002.00,1943293.00,5614.00,346.00
2007/08,9.00,715730.00,1.00,1.00,10180.00,8413.00,39.00,215.00
2007/08,9.00,725630.00,12.00,21.00,2099691.00,1716981.00,5226.00,328.00
2007/08,9.00,725700.00,3.00,3.00,196121.00,156782.00,510.00,307.00
2007/08,9.00,725730.00,2.00,2.00,19642.00,15292.00,46.00,332.00
2007/08,9.00,735630.00,4.00,2.00,3189.00,2572.00,74.00,34.00
2007/08,9.00,735700.00,1.00,1.00,2516.00,2029.00,13.00,156.00
2007/08,10.00,665430.00,1.00,1.00,14.00,11.00,28.00,0.00
2007/08,10.00,665500.00,2.00,3.00,180.00,146.00,569.00,0.00
2007/08,10.00,665530.00,2.00,3.00,740.00,600.00,658.00,0.00
2007/08,10.00,675530.00,1.00,1.00,1930.00,1462.00,6.00,243.00
2007/08,10.00,675600.00,1.00,1.00,38604.00,29245.00,66.00,443.00
2007/08,10.00,685600.00,1.00,1.00,15441.00,11698.00,24.00,487.00
2007/08,10.00,695600.00,2.00,2.00,0.00,,119.00,
2007/08,10.00,695631.00,1.00,1.00,0.00,,45.00,
2007/08,10.00,705600.00,10.00,10.00,278589.00,220095.00,943.00,233.00
2007/08,10.00,705630.00,6.00,9.00,317346.00,251944.00,578.00,435.00
2007/08,10.00,705701.00,1.00,1.00,31978.00,24226.00,35.00,692.00
2007/08,10.00,715600.00,10.00,13.00,543425.00,429276.00,1507.00,284.00
2007/08,10.00,715630.00,12.00,22.00,2243910.00,1783995.00,5859.00,304.00
2007/08,10.00,715700.00,1.00,1.00,46738.00,35408.00,45.00,786.00
2007/08,10.00,725630.00,7.00,13.00,524362.00,434808.00,1614.00,269.00
2007/08,10.00,725700.00,2.00,2.00,110675.00,91295.00,189.00,483.00
2007/08,11.00,675500.00,1.00,1.00,51.00,41.00,13.00,3.00
2007/08,11.00,675530.00,2.00,3.00,4554.00,3624.00,162.00,22.00
2007/08,11.00,675600.00,1.00,1.00,1330.00,1073.00,12.00,89.00
2007/08,11.00,695600.00,1.00,1.00,279.00,226.00,58.00,3.00
2007/08,11.00,695631.00,1.00,1.00,279.00,226.00,42.00,5.00
2007/08,11.00,705600.00,10.00,18.00,438261.00,346724.00,1737.00,199.00
2007/08,11.00,705630.00,9.00,15.00,1019053.00,810231.00,3127.00,259.00
2007/08,11.00,715600.00,9.00,16.00,517823.00,414948.00,2099.00,197.00
2007/08,11.00,715630.00,11.00,19.00,721579.00,583584.00,2083.00,280.00
2007/08,11.00,725630.00,4.00,4.00,83168.00,67100.00,349.00,192.00
2007/08,11.00,725700.00,2.00,2.00,10445.00,8388.00,108.00,77.00
2007/08,12.00,665430.00,1.00,1.00,936.00,710.00,122.00,5.00
2007/08,12.00,665500.00,1.00,1.00,7184.00,5443.00,604.00,9.00
2007/08,12.00,675500.00,1.00,1.00,28.00,22.00,10.00,2.00
2007/08,12.00,685530.00,1.00,1.00,0.00,,88.00,
2007/08,12.00,685600.00,1.00,1.00,28261.00,22791.00,45.00,506.00
2007/08,12.00,705600.00,7.00,7.00,259813.00,200039.00,720.00,277.00
2007/08,12.00,705630.00,5.00,5.00,256737.00,210806.00,554.00,380.00
2007/08,12.00,715600.00,8.00,8.00,255628.00,204381.00,839.00,243.00
2007/08,12.00,715630.00,5.00,6.00,211923.00,174764.00,483.00,361.00
2007/08,13.00,665430.00,1.00,1.00,76.00,60.00,10.00,6.00
2007/08,13.00,665500.00,1.00,1.00,4176.00,3315.00,394.00,8.00
2007/08,13.00,665530.00,1.00,1.00,129.00,102.00,8.00,12.00
2007/08,13.00,715630.00,1.00,1.00,6012.00,5010.00,54.00,92.00
2007/08,14.00,675500.00,2.00,1.00,103.00,81.00,17.00,4.00
2007/08,14.00,675530.00,3.00,2.00,646.00,524.00,77.00,6.00
2007/08,14.00,675600.00,1.00,1.00,28771.00,22654.00,75.00,302.00
2007/08,14.00,675630.00,1.00,1.00,359.00,283.00,4.00,70.00
2007/08,14.00,685530.00,1.00,1.00,335.00,273.00,58.00,4.00
2007/08,14.00,685600.00,1.00,1.00,42870.00,33756.00,99.00,340.00
2007/08,14.00,705600.00,1.00,1.00,2630.00,2174.00,17.00,127.00
2007/08,14.00,705630.00,3.00,2.00,67351.00,56521.00,127.00,445.00
2007/08,14.00,715630.00,6.00,6.00,974542.00,805430.00,1988.00,405.00
2007/08,14.00,715700.00,3.00,3.00,94222.00,75915.00,146.00,519.00
2007/08,14.00,725700.00,1.00,1.00,6403.00,5205.00,34.00,153.00
2007/08,15.00,685600.00,1.00,1.00,72024.00,57161.00,195.00,293.00
2007/08,15.00,705630.00,2.00,2.00,13912.00,11403.00,29.00,393.00
2007/08,15.00,715630.00,8.00,10.00,1517157.00,1199221.00,2421.00,495.00
2007/08,15.00,715700.00,5.00,8.00,488507.00,386645.00,682.00,566.00
2007/08,15.00,725630.00,1.00,1.00,24723.00,19621.00,47.00,417.00
2007/08,15.00,725700.00,2.00,3.00,204748.00,167695.00,223.00,751.00
2007/08,15.00,725730.00,1.00,1.00,173680.00,135688.00,198.00,685.00
2007/08,16.00,705630.00,1.00,1.00,4683.00,3521.00,14.00,251.00
2007/08,16.00,715630.00,9.00,10.00,1414628.00,1138726.00,3323.00,342.00
2007/08,16.00,715700.00,6.00,5.00,399279.00,325708.00,767.00,424.00
2007/08,16.00,725630.00,3.00,4.00,234590.00,193637.00,640.00,302.00
2007/08,16.00,725700.00,4.00,7.00,1031619.00,837527.00,1622.00,516.00
2007/08,17.00,705630.00,1.00,1.00,0.00,0.00,12.00,0.00
2007/08,17.00,715630.00,6.00,8.00,802252.00,643156.00,1873.00,343.00
2007/08,17.00,715700.00,4.00,4.00,242966.00,195601.00,567.00,344.00
2007/08,17.00,725630.00,3.00,5.00,107646.00,86343.00,380.00,227.00
2007/08,17.00,725700.00,4.00,3.00,231595.00,186353.00,399.00,467.00
2007/08,18.00,675500.00,1.00,1.00,1447.00,1167.00,95.00,12.00
2007/08,18.00,705701.00,1.00,1.00,229.00,184.00,3.00,61.00
2007/08,18.00,715630.00,6.00,6.00,262709.00,206892.00,521.00,397.00
2007/08,18.00,715700.00,6.00,4.00,222698.00,185893.00,481.00,386.00
2007/08,18.00,725630.00,3.00,3.00,148777.00,117042.00,250.00,468.00
2007/08,18.00,725700.00,3.00,3.00,184939.00,141687.00,325.00,435.00
2007/08,19.00,715700.00,1.00,1.00,112925.00,92561.00,274.00,337.00
2007/08,19.00,725700.00,1.00,1.00,33584.00,26237.00,87.00,301.00
2007/08,46.00,745830.00,1.00,1.00,46816.00,37156.00,125.00,297.00
2007/08,47.00,745830.00,1.00,1.00,111623.00,87205.00,268.00,325.00
2007/08,48.00,745830.00,1.00,1.00,116150.00,92183.00,248.00,371.00
2007/08,49.00,745830.00,1.00,1.00,38885.00,30861.00,71.00,434.00
2007/08,50.00,745830.00,1.00,1.00,128545.00,101217.00,324.00,312.00
2007/08,51.00,745830.00,1.00,1.00,115248.00,87934.00,297.00,296.00
2007/08,51.00,755830.00,1.00,1.00,16323.00,14856.00,48.00,309.00
2007/08,52.00,745830.00,1.00,1.00,30783.00,23279.00,83.00,280.00
2007/08,52.00,755830.00,1.00,1.00,33936.00,25382.00,60.00,423.00
2007/08,53.00,735630.00,1.00,1.00,110.00,86.00,7.00,12.00
2007/08,53.00,735700.00,1.00,1.00,596.00,466.00,4.00,116.00
2007/08,53.00,735730.00,1.00,1.00,0.00,0.00,5.00,0.00
2007/08,53.00,745830.00,1.00,1.00,12020.00,9391.00,46.00,204.00
2007/08,53.00,755830.00,1.00,1.00,68485.00,53504.00,183.00,292.00
2008/09,2.00,675500.00,1.00,1.00,5920.00,4418.00,14.00,315.00
2008/09,2.00,675530.00,2.00,2.00,148730.00,113295.00,357.00,317.00
2008/09,2.00,675600.00,3.00,3.00,190490.00,141374.00,682.00,207.00
2008/09,2.00,675630.00,1.00,1.00,21707.00,16199.00,56.00,289.00
2008/09,2.00,685530.00,2.00,2.00,10666.00,8196.00,53.00,154.00
2008/09,2.00,685600.00,2.00,2.00,13898.00,10513.00,44.00,238.00
2008/09,2.00,705630.00,1.00,1.00,1451.00,1067.00,20.00,53.00
2008/09,2.00,705701.00,1.00,1.00,3783.00,2781.00,8.00,347.00
2008/09,2.00,715630.00,6.00,11.00,882690.00,667643.00,2910.00,229.00
2008/09,2.00,715700.00,4.00,4.00,68356.00,52696.00,202.00,260.00
2008/09,2.00,725630.00,6.00,9.00,695417.00,520819.00,1721.00,302.00
2008/09,2.00,725700.00,4.00,9.00,974991.00,786328.00,2014.00,390.00
2008/09,2.00,725730.00,3.00,3.00,73390.00,58553.00,135.00,433.00
2008/09,2.00,735700.00,2.00,3.00,131604.00,104127.00,427.00,243.00
2008/09,2.00,735730.00,2.00,2.00,595935.00,475605.00,901.00,527.00
2008/09,2.00,735800.00,1.00,1.00,46974.00,38503.00,135.00,285.00
2008/09,2.00,745800.00,1.00,1.00,67642.00,55445.00,218.00,254.00
2008/09,2.00,755830.00,1.00,1.00,63111.00,49694.00,219.00,226.00
2008/09,3.00,675530.00,2.00,2.00,269035.00,208913.00,519.00,402.00
2008/09,3.00,675600.00,1.00,1.00,28504.00,21925.00,49.00,447.00
2008/09,3.00,685530.00,1.00,1.00,1358.00,1044.00,2.00,522.00
2008/09,3.00,705600.00,2.00,2.00,6197.00,4918.00,20.00,245.00
2008/09,3.00,705630.00,2.00,2.00,22521.00,17255.00,85.00,203.00
2008/09,3.00,715600.00,2.00,2.00,6197.00,4918.00,40.00,122.00
2008/09,3.00,715630.00,5.00,8.00,552414.00,427206.00,1926.00,221.00
2008/09,3.00,725630.00,5.00,7.00,732039.00,542208.00,1642.00,330.00
2008/09,3.00,725700.00,3.00,5.00,433652.00,339205.00,1432.00,236.00
2008/09,3.00,735700.00,3.00,4.00,410040.00,312484.00,1012.00,308.00
2008/09,3.00,735730.00,2.00,1.00,114786.00,89480.00,214.00,418.00
2008/09,3.00,755830.00,1.00,1.00,1160.00,892.00,6.00,148.00
2008/09,4.00,675530.00,3.00,4.00,501567.00,383471.00,1044.00,367.00
2008/09,4.00,675600.00,3.00,3.00,63188.00,47654.00,182.00,261.00
2008/09,4.00,685530.00,1.00,1.00,8283.00,6573.00,46.00,142.00
2008/09,4.00,705701.00,1.00,1.00,1374.00,1073.00,9.00,119.00
2008/09,4.00,715630.00,6.00,8.00,293368.00,220291.00,972.00,226.00
2008/09,4.00,715700.00,2.00,2.00,5200.00,4014.00,128.00,31.00
2008/09,4.00,715730.00,1.00,1.00,148.00,108.00,1.00,108.00
2008/09,4.00,725630.00,9.00,20.00,2542321.00,1962465.00,6900.00,284.00
2008/09,4.00,725700.00,7.00,12.00,1348844.00,1065740.00,3248.00,328.00
2008/09,4.00,725730.00,3.00,6.00,241668.00,192498.00,600.00,320.00
2008/09,4.00,735630.00,2.00,2.00,44510.00,34111.00,99.00,344.00
2008/09,4.00,735700.00,5.00,8.00,612275.00,471211.00,1605.00,293.00
2008/09,4.00,735730.00,5.00,9.00,1169549.00,914963.00,2176.00,420.00
2008/09,4.00,735800.00,1.00,1.00,32587.00,23960.00,66.00,363.00
2008/09,4.00,755800.00,1.00,1.00,193.00,154.00,2.00,77.00
2008/09,4.00,755830.00,1.00,1.00,103727.00,82323.00,487.00,169.00
2008/09,5.00,665530.00,1.00,1.00,123951.00,93902.00,400.00,234.00
2008/09,5.00,675530.00,2.00,2.00,400465.00,309244.00,822.00,376.00
2008/09,5.00,705701.00,1.00,1.00,2545.00,1943.00,31.00,62.00
2008/09,5.00,715630.00,5.00,5.00,197008.00,151313.00,490.00,308.00
2008/09,5.00,715700.00,2.00,2.00,46086.00,36279.00,174.00,208.00
2008/09,5.00,725630.00,7.00,15.00,1499955.00,1172006.00,4498.00,260.00
2008/09,5.00,725700.00,9.00,13.00,686378.00,533509.00,1745.00,305.00
2008/09,5.00,725730.00,4.00,7.00,336433.00,263690.00,686.00,384.00
2008/09,5.00,735630.00,4.00,6.00,111478.00,86354.00,253.00,341.00
2008/09,5.00,735700.00,7.00,15.00,560069.00,438603.00,1357.00,323.00
2008/09,5.00,735730.00,7.00,13.00,1600538.00,1268437.00,3130.00,405.00
2008/09,5.00,735800.00,2.00,2.00,229813.00,183660.00,575.00,319.00
2008/09,5.00,745800.00,1.00,1.00,30783.00,24239.00,84.00,288.00
2008/09,5.00,745830.00,1.00,1.00,60688.00,47786.00,180.00,265.00
2008/09,5.00,755830.00,1.00,1.00,942.00,742.00,16.00,46.00
2008/09,5.00,765900.00,1.00,1.00,2263.00,1782.00,46.00,38.00
2008/09,5.00,765930.00,1.00,1.00,811.00,639.00,52.00,12.00
2008/09,5.00,775930.00,1.00,1.00,1745.00,1374.00,55.00,24.00
2008/09,6.00,675530.00,3.00,2.00,302153.00,230719.00,819.00,281.00
2008/09,6.00,675600.00,1.00,1.00,112644.00,88003.00,318.00,276.00
2008/09,6.00,715630.00,3.00,5.00,576135.00,434708.00,1627.00,267.00
2008/09,6.00,715700.00,1.00,1.00,3183.00,2448.00,12.00,204.00
2008/09,6.00,725630.00,7.00,9.00,341281.00,264349.00,1025.00,257.00
2008/09,6.00,725700.00,6.00,9.00,416495.00,324605.00,1168.00,277.00
2008/09,6.00,725730.00,5.00,6.00,144261.00,114375.00,307.00,372.00
2008/09,6.00,735700.00,6.00,13.00,1401104.00,1103347.00,3254.00,339.00
2008/09,6.00,735730.00,7.00,12.00,1184655.00,929151.00,2217.00,419.00
2008/09,6.00,735800.00,2.00,2.00,119006.00,92252.00,256.00,360.00
2008/09,6.00,745800.00,1.00,1.00,108862.00,81851.00,321.00,254.00
2008/09,7.00,675530.00,2.00,2.00,308871.00,234452.00,727.00,322.00
2008/09,7.00,675600.00,1.00,1.00,7543.00,5671.00,16.00,354.00
2008/09,7.00,705600.00,1.00,1.00,5496.00,4071.00,20.00,203.00
2008/09,7.00,715600.00,2.00,3.00,14714.00,11022.00,100.00,110.00
2008/09,7.00,715630.00,4.00,5.00,631250.00,475081.00,1741.00,272.00
2008/09,7.00,715700.00,1.00,1.00,17280.00,13091.00,69.00,189.00
2008/09,7.00,725630.00,8.00,9.00,349199.00,270220.00,1097.00,246.00
2008/09,7.00,725700.00,9.00,9.00,268980.00,211809.00,889.00,238.00
2008/09,7.00,725730.00,3.00,3.00,108401.00,85413.00,216.00,395.00
2008/09,7.00,735630.00,2.00,3.00,176682.00,133285.00,434.00,307.00
2008/09,7.00,735700.00,8.00,13.00,491456.00,393633.00,1293.00,304.00
2008/09,7.00,735730.00,10.00,18.00,2685665.00,2146203.00,5833.00,367.00
2008/09,7.00,735800.00,7.00,6.00,379029.00,300278.00,960.00,312.00
2008/09,7.00,745800.00,5.00,4.00,186261.00,144743.00,264.00,548.00
2008/09,7.00,745830.00,1.00,1.00,10599.00,7680.00,84.00,91.00
2008/09,8.00,665530.00,1.00,1.00,4127.00,3275.00,25.00,131.00
2008/09,8.00,675500.00,1.00,2.00,14599.00,11358.00,177.00,64.00
2008/09,8.00,675530.00,4.00,6.00,633103.00,493783.00,2076.00,237.00
2008/09,8.00,675600.00,4.00,7.00,483022.00,369414.00,1319.00,280.00
2008/09,8.00,675630.00,2.00,2.00,8237.00,6366.00,34.00,187.00
2008/09,8.00,685600.00,1.00,2.00,73057.00,54910.00,163.00,336.00
2008/09,8.00,705600.00,1.00,1.00,2260.00,1699.00,7.00,242.00
2008/09,8.00,705630.00,1.00,1.00,8474.00,6372.00,24.00,265.00
2008/09,8.00,715600.00,2.00,2.00,2038.00,1567.00,18.00,87.00
2008/09,8.00,715630.00,7.00,7.00,825758.00,631106.00,2269.00,278.00
2008/09,8.00,715700.00,1.00,1.00,17052.00,13427.00,72.00,186.00
2008/09,8.00,725630.00,5.00,6.00,100304.00,77252.00,269.00,287.00
2008/09,8.00,725700.00,3.00,4.00,242734.00,185284.00,584.00,317.00
2008/09,8.00,725730.00,3.00,3.00,89082.00,71164.00,242.00,294.00
2008/09,8.00,735630.00,3.00,3.00,130475.00,100932.00,381.00,264.00
2008/09,8.00,735700.00,8.00,10.00,578934.00,450162.00,1716.00,262.00
2008/09,8.00,735730.00,8.00,18.00,1854304.00,1473231.00,5054.00,291.00
2008/09,8.00,735800.00,4.00,6.00,137154.00,107322.00,309.00,347.00
2008/09,8.00,745700.00,1.00,1.00,2575.00,1937.00,6.00,322.00
2008/09,8.00,745800.00,4.00,5.00,427767.00,338297.00,672.00,503.00
2008/09,9.00,675530.00,3.00,3.00,139096.00,108395.00,420.00,258.00
2008/09,9.00,675600.00,5.00,6.00,478558.00,378877.00,1322.00,286.00
2008/09,9.00,685600.00,1.00,1.00,87989.00,70958.00,264.00,268.00
2008/09,9.00,685630.00,1.00,2.00,57465.00,45564.00,238.00,191.00
2008/09,9.00,695631.00,1.00,1.00,283.00,223.00,8.00,27.00
2008/09,9.00,705600.00,1.00,1.00,3972.00,3032.00,14.00,216.00
2008/09,9.00,705630.00,2.00,1.00,61925.00,47062.00,226.00,208.00
2008/09,9.00,715600.00,1.00,1.00,675.00,508.00,5.00,101.00
2008/09,9.00,715630.00,4.00,3.00,329647.00,247959.00,1018.00,243.00
2008/09,9.00,715700.00,1.00,1.00,98.00,79.00,29.00,2.00
2008/09,9.00,725630.00,2.00,2.00,77549.00,60623.00,128.00,473.00
2008/09,9.00,725700.00,5.00,5.00,430308.00,335417.00,1058.00,317.00
2008/09,9.00,725730.00,1.00,1.00,9181.00,7651.00,23.00,332.00
2008/09,9.00,735630.00,2.00,1.00,7402.00,5640.00,13.00,433.00
2008/09,9.00,735700.00,7.00,7.00,527779.00,430114.00,1754.00,245.00
2008/09,9.00,735730.00,11.00,18.00,996380.00,794340.00,2970.00,267.00
2008/09,9.00,735800.00,8.00,14.00,688324.00,543045.00,1565.00,346.00
2008/09,9.00,735830.00,2.00,2.00,27566.00,21768.00,151.00,144.00
2008/09,9.00,745800.00,8.00,12.00,807963.00,639559.00,1733.00,369.00
2008/09,9.00,745830.00,3.00,4.00,480238.00,375494.00,699.00,537.00
2008/09,10.00,675500.00,1.00,1.00,26861.00,21178.00,70.00,302.00
2008/09,10.00,675530.00,3.00,4.00,87873.00,67706.00,255.00,265.00
2008/09,10.00,675600.00,4.00,5.00,659805.00,512154.00,1605.00,319.00
2008/09,10.00,675630.00,1.00,1.00,894.00,677.00,16.00,42.00
2008/09,10.00,675730.00,1.00,1.00,522.00,405.00,4.00,101.00
2008/09,10.00,685600.00,5.00,4.00,447800.00,363306.00,1210.00,300.00
2008/09,10.00,685730.00,1.00,1.00,522.00,405.00,4.00,101.00
2008/09,10.00,695730.00,1.00,1.00,522.00,405.00,4.00,101.00
2008/09,10.00,705730.00,1.00,1.00,522.00,405.00,4.00,101.00
2008/09,10.00,715630.00,6.00,7.00,227819.00,176035.00,798.00,220.00
2008/09,10.00,715730.00,1.00,1.00,522.00,405.00,4.00,101.00
2008/09,10.00,725630.00,7.00,7.00,667025.00,518905.00,1925.00,269.00
2008/09,10.00,725700.00,4.00,4.00,308340.00,241145.00,853.00,282.00
2008/09,10.00,725730.00,1.00,1.00,1382.00,1071.00,9.00,119.00
2008/09,10.00,725800.00,1.00,1.00,2208.00,1725.00,6.00,287.00
2008/09,10.00,735630.00,2.00,1.00,28042.00,22614.00,67.00,337.00
2008/09,10.00,735700.00,3.00,2.00,21955.00,17506.00,122.00,143.00
2008/09,10.00,735730.00,4.00,7.00,266766.00,206181.00,808.00,255.00
2008/09,10.00,735800.00,5.00,9.00,756529.00,596959.00,1723.00,346.00
2008/09,10.00,745800.00,7.00,10.00,783484.00,616744.00,1855.00,332.00
2008/09,10.00,745830.00,4.00,4.00,513032.00,400171.00,924.00,433.00
2008/09,11.00,675600.00,8.00,7.00,467818.00,362617.00,1533.00,236.00
2008/09,11.00,675630.00,1.00,2.00,4023.00,3041.00,37.00,82.00
2008/09,11.00,685600.00,6.00,6.00,583500.00,470752.00,1962.00,239.00
2008/09,11.00,685630.00,4.00,3.00,75269.00,61231.00,292.00,209.00
2008/09,11.00,715630.00,2.00,1.00,7682.00,6349.00,53.00,119.00
2008/09,11.00,715700.00,2.00,3.00,43121.00,34094.00,141.00,241.00
2008/09,11.00,725630.00,5.00,5.00,406240.00,313170.00,1061.00,295.00
2008/09,11.00,725700.00,6.00,8.00,1125259.00,895137.00,3186.00,280.00
2008/09,11.00,735630.00,1.00,1.00,13101.00,10156.00,40.00,253.00
2008/09,11.00,735700.00,2.00,3.00,72800.00,61208.00,333.00,183.00
2008/09,11.00,735730.00,5.00,5.00,177091.00,144009.00,537.00,268.00
2008/09,11.00,735800.00,9.00,10.00,692006.00,554587.00,1786.00,310.00
2008/09,11.00,735830.00,4.00,3.00,7163.00,5702.00,29.00,196.00
2008/09,11.00,745800.00,8.00,7.00,315638.00,251049.00,914.00,274.00
2008/09,11.00,745830.00,9.00,9.00,1191751.00,957441.00,2472.00,387.00
2008/09,11.00,755830.00,4.00,3.00,224338.00,174309.00,515.00,338.00
2008/09,11.00,765830.00,1.00,1.00,3275.00,2539.00,12.00,211.00
2008/09,12.00,685600.00,2.00,2.00,220309.00,181305.00,780.00,232.00
2008/09,12.00,685630.00,1.00,1.00,19368.00,14454.00,102.00,141.00
2008/09,12.00,715700.00,3.00,1.00,37158.00,27975.00,118.00,237.00
2008/09,12.00,725630.00,8.00,5.00,184217.00,146232.00,699.00,209.00
2008/09,12.00,725700.00,8.00,6.00,404366.00,325099.00,1254.00,259.00
2008/09,12.00,735700.00,5.00,5.00,117564.00,100518.00,598.00,168.00
2008/09,12.00,735730.00,5.00,7.00,240663.00,198093.00,961.00,206.00
2008/09,12.00,735800.00,7.00,9.00,443639.00,360708.00,1342.00,268.00
2008/09,12.00,735830.00,4.00,3.00,38661.00,31459.00,92.00,341.00
2008/09,12.00,745730.00,1.00,1.00,0.00,,50.00,
2008/09,12.00,745800.00,6.00,8.00,598129.00,491195.00,1584.00,310.00
2008/09,12.00,745830.00,9.00,8.00,750665.00,601690.00,1897.00,317.00
2008/09,12.00,755830.00,1.00,1.00,7251.00,5664.00,23.00,246.00
2008/09,13.00,675600.00,1.00,1.00,138413.00,102528.00,623.00,164.00
2008/09,13.00,675630.00,1.00,1.00,4305.00,3189.00,25.00,127.00
2008/09,13.00,685530.00,1.00,1.00,19419.00,12946.00,111.00,116.00
2008/09,13.00,685600.00,3.00,5.00,390153.00,297500.00,2300.00,129.00
2008/09,13.00,685630.00,2.00,3.00,88032.00,68623.00,435.00,157.00
2008/09,13.00,715630.00,3.00,2.00,91988.00,68384.00,475.00,143.00
2008/09,13.00,715700.00,2.00,1.00,60304.00,45685.00,162.00,282.00
2008/09,13.00,725600.00,1.00,1.00,3990.00,3166.00,13.00,243.00
2008/09,13.00,725630.00,6.00,5.00,135627.00,105727.00,787.00,134.00
2008/09,13.00,725700.00,7.00,5.00,107854.00,84083.00,554.00,151.00
2008/09,13.00,725730.00,2.00,2.00,14654.00,9938.00,67.00,148.00
2008/09,13.00,735630.00,1.00,1.00,0.00,,44.00,
2008/09,13.00,735700.00,3.00,3.00,158129.00,118224.00,598.00,197.00
2008/09,13.00,735730.00,1.00,1.00,44072.00,29382.00,148.00,198.00
2008/09,13.00,745800.00,1.00,1.00,55461.00,45836.00,136.00,337.00
2008/09,13.00,745830.00,2.00,2.00,137554.00,112634.00,340.00,331.00
2008/09,14.00,675530.00,1.00,1.00,5357.00,3826.00,147.00,26.00
2008/09,14.00,675600.00,1.00,1.00,2638.00,1885.00,73.00,25.00
2008/09,14.00,685600.00,1.00,1.00,8819.00,7349.00,80.00,91.00
2008/09,14.00,685630.00,2.00,2.00,126039.00,102211.00,535.00,191.00
2008/09,14.00,715630.00,3.00,3.00,105332.00,85403.00,415.00,205.00
2008/09,14.00,725630.00,4.00,4.00,179312.00,144559.00,732.00,197.00
2008/09,14.00,725700.00,2.00,1.00,88705.00,76471.00,258.00,296.00
2008/09,14.00,735700.00,2.00,1.00,38017.00,32772.00,149.00,219.00
2008/09,14.00,745830.00,1.00,1.00,176912.00,147427.00,608.00,242.00
2008/09,14.00,755830.00,1.00,1.00,618.00,515.00,26.00,19.00
2008/09,15.00,675600.00,2.00,2.00,37682.00,26453.00,149.00,177.00
2008/09,15.00,715630.00,4.00,3.00,212691.00,171611.00,806.00,212.00
2008/09,15.00,715700.00,1.00,1.00,10460.00,8789.00,55.00,159.00
2008/09,15.00,725630.00,3.00,3.00,91629.00,74801.00,511.00,146.00
2008/09,15.00,725700.00,4.00,5.00,361123.00,293332.00,1288.00,227.00
2008/09,15.00,745800.00,1.00,1.00,607.00,510.00,16.00,31.00
2008/09,15.00,745830.00,1.00,1.00,23566.00,19803.00,123.00,161.00
2008/09,15.00,755830.00,1.00,1.00,2563.00,2154.00,53.00,40.00
2008/09,16.00,725630.00,2.00,2.00,76594.00,63383.00,423.00,149.00
2008/09,16.00,725700.00,2.00,2.00,62939.00,51111.00,423.00,120.00
2008/09,16.00,735700.00,1.00,1.00,5281.00,4400.00,96.00,45.00
2008/09,17.00,705630.00,1.00,1.00,49586.00,38143.00,454.00,84.00
2008/09,17.00,715730.00,1.00,1.00,257.00,198.00,4.00,49.00
2008/09,17.00,715800.00,1.00,1.00,942.00,725.00,20.00,36.00
2008/09,17.00,725630.00,1.00,1.00,32362.00,26745.00,138.00,193.00
2008/09,17.00,725700.00,2.00,2.00,155748.00,127222.00,765.00,166.00
2008/09,17.00,725730.00,2.00,2.00,131207.00,104023.00,510.00,203.00
2008/09,17.00,725800.00,2.00,2.00,66051.00,50807.00,536.00,94.00
2008/09,17.00,735630.00,2.00,1.00,205848.00,163370.00,3600.00,45.00
2008/09,17.00,735700.00,1.00,1.00,41535.00,35500.00,233.00,152.00
2008/09,17.00,735730.00,2.00,2.00,7426.00,5712.00,50.00,114.00
2008/09,17.00,735800.00,2.00,2.00,135881.00,104598.00,528.00,198.00
2008/09,17.00,735830.00,1.00,1.00,9921.00,7631.00,76.00,100.00
2008/09,17.00,745800.00,1.00,1.00,41757.00,32122.00,174.00,184.00
2008/09,17.00,745830.00,2.00,2.00,3734.00,2882.00,89.00,32.00
2008/09,17.00,755830.00,2.00,2.00,3029.00,2333.00,53.00,44.00
2008/09,18.00,725730.00,1.00,1.00,38241.00,31090.00,127.00,244.00
2008/09,18.00,735700.00,1.00,1.00,28590.00,23244.00,157.00,148.00
2008/09,18.00,735730.00,1.00,1.00,7514.00,6109.00,23.00,265.00
2008/09,19.00,725700.00,1.00,1.00,37368.00,28745.00,210.00,136.00
2008/09,19.00,735800.00,1.00,1.00,57171.00,43977.00,410.00,107.00
2008/09,48.00,745830.00,1.00,1.00,85972.00,67694.00,254.00,266.00
2008/09,49.00,745830.00,1.00,1.00,53825.00,40777.00,144.00,283.00
2008/09,50.00,745830.00,1.00,1.00,134087.00,101581.00,405.00,250.00
2008/09,51.00,735800.00,1.00,1.00,4309.00,3366.00,16.00,210.00
2008/09,51.00,745830.00,1.00,1.00,7823.00,6112.00,29.00,210.00
2008/09,52.00,745800.00,1.00,1.00,15877.00,12308.00,37.00,332.00
2008/09,52.00,745830.00,1.00,1.00,100144.00,77631.00,339.00,229.00
2008/09,53.00,745830.00,1.00,1.00,12846.00,10444.00,71.00,147.00
2008/09,53.00,755830.00,1.00,1.00,103402.00,84067.00,288.00,291.00
2009/10,2.00,675530.00,2.00,2.00,182906.00,123218.00,540.00,228.00
2009/10,2.00,675600.00,2.00,2.00,128823.00,86181.00,368.00,234.00
2009/10,2.00,705701.00,1.00,1.00,14520.00,11344.00,10.00,1134.00
2009/10,2.00,715600.00,1.00,1.00,19236.00,14355.00,36.00,398.00
2009/10,2.00,715630.00,3.00,4.00,751488.00,549617.00,1600.00,343.00
2009/10,2.00,715700.00,2.00,4.00,49693.00,36985.00,174.00,212.00
2009/10,2.00,725630.00,3.00,6.00,618274.00,449070.00,1301.00,345.00
2009/10,2.00,725700.00,2.00,4.00,187977.00,139962.00,481.00,290.00
2009/10,2.00,725730.00,2.00,2.00,203152.00,145876.00,459.00,317.00
2009/10,2.00,735630.00,1.00,1.00,1403.00,1055.00,8.00,131.00
2009/10,2.00,735700.00,1.00,1.00,1403.00,1055.00,9.00,117.00
2009/10,2.00,735730.00,5.00,4.00,409672.00,316390.00,1054.00,300.00
2009/10,2.00,735800.00,4.00,4.00,432335.00,333511.00,933.00,357.00
2009/10,2.00,745800.00,4.00,4.00,182084.00,140235.00,364.00,385.00
2009/10,2.00,745830.00,1.00,1.00,151006.00,117973.00,212.00,556.00
2009/10,3.00,675530.00,1.00,1.00,104702.00,72207.00,307.00,235.00
2009/10,3.00,675600.00,1.00,1.00,31274.00,21569.00,100.00,215.00
2009/10,3.00,705600.00,1.00,1.00,8273.00,5909.00,85.00,69.00
2009/10,3.00,705630.00,2.00,2.00,19117.00,13954.00,62.00,225.00
2009/10,3.00,715600.00,1.00,1.00,9326.00,6661.00,18.00,370.00
2009/10,3.00,715630.00,5.00,11.00,1262914.00,908940.00,2956.00,307.00
2009/10,3.00,715700.00,3.00,4.00,100327.00,73122.00,262.00,279.00
2009/10,3.00,715730.00,1.00,1.00,605.00,433.00,10.00,43.00
2009/10,3.00,725600.00,1.00,1.00,33227.00,23074.00,53.00,435.00
2009/10,3.00,725630.00,8.00,17.00,1943999.00,1393141.00,3920.00,355.00
2009/10,3.00,725700.00,6.00,7.00,314144.00,234498.00,745.00,314.00
2009/10,3.00,725730.00,2.00,2.00,93139.00,70914.00,342.00,207.00
2009/10,3.00,735630.00,3.00,3.00,95235.00,67587.00,261.00,258.00
2009/10,3.00,735700.00,3.00,3.00,71832.00,56714.00,224.00,253.00
2009/10,3.00,735730.00,4.00,4.00,155681.00,120480.00,487.00,247.00
2009/10,3.00,735800.00,1.00,1.00,69718.00,54468.00,242.00,225.00
2009/10,3.00,745800.00,1.00,1.00,75870.00,59273.00,245.00,241.00
2009/10,4.00,675530.00,1.00,2.00,228199.00,157593.00,604.00,260.00
2009/10,4.00,675600.00,1.00,1.00,12128.00,8481.00,31.00,273.00
2009/10,4.00,695631.00,1.00,1.00,,,18.00,
2009/10,4.00,705600.00,1.00,1.00,2270.00,1773.00,7.00,253.00
2009/10,4.00,705630.00,3.00,3.00,30277.00,22247.00,131.00,169.00
2009/10,4.00,715600.00,2.00,2.00,16002.00,12287.00,45.00,273.00
2009/10,4.00,715630.00,8.00,11.00,734166.00,531488.00,2123.00,250.00
2009/10,4.00,715700.00,3.00,3.00,282340.00,199950.00,1062.00,188.00
2009/10,4.00,715730.00,1.00,1.00,600.00,429.00,16.00,26.00
2009/10,4.00,725600.00,1.00,1.00,23625.00,16996.00,32.00,531.00
2009/10,4.00,725630.00,10.00,15.00,2085862.00,1499524.00,5167.00,290.00
2009/10,4.00,725700.00,8.00,12.00,572123.00,427511.00,1691.00,252.00
2009/10,4.00,725730.00,5.00,6.00,174659.00,134992.00,530.00,254.00
2009/10,4.00,735630.00,4.00,4.00,66096.00,49583.00,196.00,252.00
2009/10,4.00,735700.00,5.00,5.00,122759.00,88699.00,514.00,172.00
2009/10,4.00,735730.00,6.00,7.00,443394.00,337538.00,1365.00,247.00
2009/10,4.00,735800.00,5.00,5.00,250712.00,191481.00,653.00,293.00
2009/10,4.00,745800.00,5.00,4.00,300206.00,231973.00,753.00,308.00
2009/10,4.00,745830.00,3.00,4.00,440700.00,332398.00,1109.00,299.00
2009/10,4.00,745900.00,1.00,1.00,395.00,307.00,2.00,153.00
2009/10,4.00,755830.00,2.00,2.00,31048.00,24028.00,65.00,369.00
2009/10,5.00,675530.00,3.00,2.00,310012.00,207439.00,830.00,249.00
2009/10,5.00,675600.00,1.00,1.00,43809.00,32451.00,151.00,214.00
2009/10,5.00,685600.00,1.00,1.00,146665.00,108641.00,299.00,363.00
2009/10,5.00,705630.00,2.00,2.00,17217.00,12219.00,70.00,174.00
2009/10,5.00,715600.00,3.00,4.00,124590.00,88593.00,265.00,334.00
2009/10,5.00,715630.00,7.00,17.00,968527.00,706155.00,2619.00,269.00
2009/10,5.00,715700.00,6.00,5.00,238989.00,173767.00,699.00,248.00
2009/10,5.00,725630.00,9.00,20.00,2392430.00,1776003.00,5907.00,300.00
2009/10,5.00,725700.00,8.00,9.00,989592.00,733509.00,2216.00,331.00
2009/10,5.00,725730.00,3.00,3.00,55798.00,43877.00,198.00,221.00
2009/10,5.00,735630.00,2.00,3.00,173838.00,124403.00,417.00,298.00
2009/10,5.00,735700.00,2.00,2.00,71727.00,52551.00,228.00,230.00
2009/10,5.00,735730.00,6.00,5.00,300921.00,232977.00,953.00,244.00
2009/10,5.00,735800.00,3.00,2.00,193641.00,141577.00,641.00,220.00
2009/10,5.00,745800.00,3.00,2.00,51408.00,34251.00,189.00,181.00
2009/10,5.00,745830.00,1.00,1.00,242689.00,185259.00,599.00,309.00
2009/10,6.00,675530.00,5.00,8.00,426164.00,297435.00,1171.00,254.00
2009/10,6.00,675600.00,4.00,5.00,147671.00,102762.00,364.00,282.00
2009/10,6.00,675630.00,1.00,1.00,4103.00,2811.00,7.00,401.00
2009/10,6.00,685530.00,1.00,1.00,21424.00,17139.00,82.00,209.00
2009/10,6.00,685600.00,4.00,4.00,504043.00,389083.00,1163.00,334.00
2009/10,6.00,705600.00,4.00,3.00,75934.00,54214.00,234.00,231.00
2009/10,6.00,705630.00,7.00,8.00,156592.00,112038.00,434.00,258.00
2009/10,6.00,715600.00,7.00,8.00,367162.00,269851.00,794.00,339.00
2009/10,6.00,715630.00,11.00,21.00,2012756.00,1489070.00,6130.00,242.00
2009/10,6.00,715700.00,1.00,1.00,15326.00,10869.00,49.00,221.00
2009/10,6.00,725630.00,6.00,14.00,1564334.00,1166620.00,4328.00,269.00
2009/10,6.00,725700.00,3.00,3.00,268395.00,201976.00,831.00,243.00
2009/10,6.00,725730.00,3.00,3.00,96875.00,75791.00,327.00,231.00
2009/10,6.00,735630.00,2.00,1.00,16090.00,12098.00,44.00,274.00
2009/10,6.00,735700.00,3.00,2.00,32376.00,23510.00,182.00,129.00
2009/10,6.00,735730.00,2.00,2.00,37522.00,28540.00,128.00,222.00
2009/10,6.00,745830.00,1.00,1.00,111187.00,79991.00,188.00,425.00
2009/10,6.00,755830.00,1.00,1.00,26162.00,18821.00,50.00,376.00
2009/10,7.00,675500.00,3.00,3.00,121679.00,81592.00,411.00,198.00
2009/10,7.00,675530.00,6.00,7.00,841775.00,587070.00,2750.00,213.00
2009/10,7.00,675600.00,5.00,6.00,259817.00,183579.00,707.00,259.00
2009/10,7.00,675630.00,2.00,2.00,16615.00,11987.00,32.00,374.00
2009/10,7.00,685530.00,2.00,3.00,359.00,246.00,37.00,6.00
2009/10,7.00,685600.00,7.00,7.00,907374.00,670060.00,1913.00,350.00
2009/10,7.00,685630.00,1.00,2.00,36370.00,27763.00,57.00,487.00
2009/10,7.00,695600.00,1.00,1.00,1180.00,901.00,10.00,90.00
2009/10,7.00,705600.00,8.00,12.00,392977.00,288431.00,1352.00,213.00
2009/10,7.00,705630.00,8.00,9.00,486306.00,352886.00,1473.00,239.00
2009/10,7.00,705701.00,1.00,1.00,8123.00,5802.00,37.00,156.00
2009/10,7.00,715600.00,7.00,11.00,360498.00,267772.00,1230.00,217.00
2009/10,7.00,715630.00,9.00,18.00,1098403.00,806471.00,3886.00,207.00
2009/10,7.00,715700.00,5.00,6.00,758182.00,542733.00,1531.00,354.00
2009/10,7.00,725630.00,8.00,16.00,1563178.00,1167937.00,5084.00,229.00
2009/10,7.00,725700.00,4.00,7.00,170860.00,127132.00,488.00,260.00
2009/10,7.00,735630.00,2.00,3.00,64877.00,48644.00,189.00,257.00
2009/10,7.00,735730.00,1.00,1.00,48584.00,35205.00,141.00,249.00
2009/10,8.00,675530.00,2.00,2.00,72908.00,51495.00,211.00,244.00
2009/10,8.00,675600.00,5.00,6.00,400269.00,287617.00,899.00,319.00
2009/10,8.00,675630.00,2.00,2.00,5523.00,4216.00,87.00,48.00
2009/10,8.00,685530.00,2.00,2.00,2011.00,1407.00,181.00,7.00
2009/10,8.00,685600.00,6.00,9.00,1098558.00,846568.00,2601.00,325.00
2009/10,8.00,685630.00,4.00,5.00,157995.00,120835.00,291.00,415.00
2009/10,8.00,705600.00,2.00,2.00,19886.00,14123.00,106.00,133.00
2009/10,8.00,705630.00,4.00,4.00,310977.00,231864.00,1124.00,206.00
2009/10,8.00,705701.00,2.00,1.00,3473.00,2592.00,15.00,172.00
2009/10,8.00,715600.00,2.00,2.00,4687.00,3598.00,33.00,109.00
2009/10,8.00,715630.00,7.00,11.00,470244.00,350776.00,1664.00,210.00
2009/10,8.00,715700.00,6.00,7.00,722112.00,534556.00,1845.00,289.00
2009/10,8.00,725630.00,6.00,9.00,273342.00,206238.00,904.00,228.00
2009/10,8.00,725700.00,6.00,6.00,236147.00,172964.00,523.00,330.00
2009/10,8.00,735630.00,1.00,1.00,16615.00,11953.00,56.00,213.00
2009/10,8.00,735700.00,2.00,2.00,209615.00,153933.00,526.00,292.00
2009/10,9.00,665500.00,2.00,1.00,731.00,511.00,5.00,102.00
2009/10,9.00,675500.00,2.00,1.00,64770.00,45293.00,200.00,226.00
2009/10,9.00,675530.00,4.00,4.00,76256.00,53463.00,336.00,159.00
2009/10,9.00,675600.00,6.00,8.00,488780.00,367661.00,1277.00,287.00
2009/10,9.00,675630.00,1.00,1.00,14261.00,10970.00,16.00,685.00
2009/10,9.00,675700.00,1.00,1.00,,,9.00,
2009/10,9.00,685600.00,6.00,10.00,425136.00,339556.00,1004.00,338.00
2009/10,9.00,685630.00,2.00,3.00,53448.00,41418.00,98.00,422.00
2009/10,9.00,705600.00,3.00,5.00,90833.00,69455.00,374.00,185.00
2009/10,9.00,705630.00,3.00,5.00,275877.00,209784.00,1432.00,146.00
2009/10,9.00,705701.00,2.00,1.00,,,5.00,
2009/10,9.00,715600.00,2.00,2.00,18188.00,14114.00,85.00,166.00
2009/10,9.00,715630.00,6.00,11.00,736646.00,546592.00,2431.00,224.00
2009/10,9.00,715700.00,6.00,6.00,521064.00,382516.00,1272.00,300.00
2009/10,9.00,725600.00,1.00,1.00,53141.00,37958.00,150.00,253.00
2009/10,9.00,725630.00,5.00,5.00,456396.00,334476.00,1296.00,258.00
2009/10,9.00,725700.00,3.00,6.00,405785.00,305513.00,1042.00,293.00
2009/10,9.00,735700.00,1.00,1.00,37500.00,27573.00,73.00,377.00
2009/10,10.00,675500.00,1.00,1.00,710.00,500.00,3.00,166.00
2009/10,10.00,675530.00,2.00,2.00,131145.00,96525.00,719.00,134.00
2009/10,10.00,675600.00,2.00,2.00,71292.00,52388.00,185.00,283.00
2009/10,10.00,685600.00,1.00,1.00,19546.00,14697.00,116.00,126.00
2009/10,10.00,705600.00,1.00,1.00,24144.00,16651.00,97.00,171.00
2009/10,10.00,715600.00,1.00,1.00,20125.00,13879.00,84.00,165.00
2009/10,10.00,715630.00,5.00,5.00,263977.00,181791.00,950.00,191.00
2009/10,10.00,715700.00,2.00,2.00,19506.00,14389.00,48.00,299.00
2009/10,10.00,725630.00,3.00,3.00,141682.00,97171.00,454.00,214.00
2009/10,10.00,725700.00,2.00,2.00,233167.00,170801.00,649.00,263.00
2009/10,11.00,665500.00,1.00,1.00,2234.00,1541.00,30.00,51.00
2009/10,11.00,665530.00,1.00,1.00,9679.00,6674.00,50.00,133.00
2009/10,11.00,675500.00,3.00,4.00,54588.00,38733.00,410.00,94.00
2009/10,11.00,675530.00,4.00,8.00,451686.00,311164.00,2045.00,152.00
2009/10,11.00,675600.00,3.00,5.00,334883.00,245811.00,1404.00,175.00
2009/10,11.00,685600.00,3.00,5.00,30479.00,22051.00,172.00,128.00
2009/10,11.00,705630.00,1.00,1.00,23703.00,19271.00,97.00,198.00
2009/10,11.00,715630.00,5.00,7.00,596373.00,447433.00,2068.00,216.00
2009/10,11.00,715700.00,1.00,1.00,10291.00,7097.00,23.00,308.00
2009/10,11.00,725600.00,2.00,2.00,17877.00,13287.00,74.00,179.00
2009/10,11.00,725630.00,4.00,6.00,285530.00,214853.00,1423.00,150.00
2009/10,11.00,725700.00,1.00,3.00,158947.00,110442.00,352.00,313.00
2009/10,11.00,725730.00,1.00,2.00,13462.00,10000.00,31.00,322.00
2009/10,11.00,735630.00,1.00,2.00,267.00,197.00,41.00,4.00
2009/10,11.00,735700.00,1.00,1.00,40257.00,30498.00,111.00,274.00
2009/10,12.00,675530.00,4.00,6.00,126565.00,89335.00,838.00,106.00
2009/10,12.00,675600.00,3.00,5.00,383593.00,270171.00,1854.00,145.00
2009/10,12.00,685530.00,1.00,1.00,34451.00,23121.00,189.00,122.00
2009/10,12.00,685600.00,4.00,3.00,66331.00,47179.00,311.00,151.00
2009/10,12.00,685630.00,1.00,1.00,100643.00,74004.00,244.00,303.00
2009/10,12.00,705600.00,1.00,1.00,,,10.00,
2009/10,12.00,715630.00,1.00,1.00,81229.00,62007.00,263.00,235.00
2009/10,12.00,715700.00,1.00,1.00,7185.00,5485.00,44.00,124.00
2009/10,12.00,725630.00,3.00,3.00,60857.00,46237.00,308.00,150.00
2009/10,12.00,725700.00,4.00,4.00,232160.00,174606.00,818.00,213.00
2009/10,12.00,725730.00,2.00,2.00,17228.00,13052.00,37.00,352.00
2009/10,12.00,735630.00,1.00,1.00,3144.00,2381.00,5.00,476.00
2009/10,12.00,735700.00,1.00,1.00,194256.00,147164.00,406.00,362.00
2009/10,12.00,735730.00,1.00,1.00,18423.00,13957.00,39.00,357.00
2009/10,13.00,675530.00,1.00,1.00,5185.00,3989.00,74.00,53.00
2009/10,13.00,675600.00,2.00,1.00,10351.00,7667.00,75.00,102.00
2009/10,13.00,725600.00,1.00,1.00,12640.00,9029.00,35.00,257.00
2009/10,13.00,725630.00,1.00,1.00,16339.00,11670.00,46.00,253.00
2009/10,13.00,725700.00,4.00,6.00,713216.00,521743.00,1766.00,295.00
2009/10,13.00,725730.00,2.00,2.00,42561.00,32230.00,77.00,418.00
2009/10,13.00,735700.00,2.00,4.00,215099.00,162698.00,489.00,332.00
2009/10,13.00,735730.00,1.00,1.00,15248.00,11640.00,30.00,388.00
2009/10,14.00,665500.00,1.00,1.00,,,30.00,
2009/10,14.00,665530.00,1.00,1.00,36687.00,24457.00,180.00,135.00
2009/10,14.00,725630.00,3.00,3.00,55125.00,39923.00,149.00,267.00
2009/10,14.00,725700.00,3.00,3.00,377633.00,260993.00,774.00,337.00
2009/10,14.00,725730.00,2.00,2.00,11213.00,8089.00,94.00,86.00
2009/10,14.00,735700.00,3.00,3.00,281735.00,213549.00,763.00,279.00
2009/10,14.00,735730.00,2.00,2.00,20115.00,13741.00,28.00,490.00
2009/10,15.00,665530.00,1.00,1.00,,,75.00,
2009/10,15.00,685530.00,1.00,1.00,1399.00,999.00,9.00,111.00
2009/10,15.00,685630.00,1.00,1.00,68546.00,48961.00,459.00,106.00
2009/10,15.00,715630.00,1.00,1.00,4033.00,2689.00,26.00,103.00
2009/10,15.00,715700.00,1.00,1.00,5007.00,3337.00,45.00,74.00
2009/10,15.00,725630.00,2.00,2.00,111451.00,78377.00,425.00,184.00
2009/10,15.00,725700.00,3.00,3.00,265287.00,179298.00,896.00,200.00
2009/10,15.00,725730.00,1.00,1.00,8428.00,5619.00,22.00,255.00
2009/10,15.00,735700.00,2.00,2.00,75295.00,55203.00,204.00,270.00
2009/10,15.00,735730.00,1.00,1.00,6953.00,4636.00,25.00,185.00
2009/10,16.00,725630.00,1.00,1.00,31129.00,22722.00,88.00,258.00
2009/10,16.00,735700.00,1.00,1.00,4232.00,2803.00,25.00,112.00
2009/10,17.00,725700.00,1.00,1.00,10861.00,7241.00,92.00,78.00
2009/10,17.00,725730.00,1.00,1.00,117299.00,78200.00,495.00,157.00
2009/10,17.00,735700.00,1.00,1.00,23894.00,15930.00,72.00,221.00
2009/10,17.00,735730.00,1.00,1.00,65166.00,43444.00,219.00,198.00
2009/10,18.00,725700.00,1.00,1.00,23069.00,15380.00,158.00,97.00
2009/10,18.00,725730.00,1.00,1.00,34054.00,22703.00,125.00,181.00
2009/10,18.00,735700.00,1.00,1.00,24168.00,16112.00,160.00,100.00
2009/10,18.00,735730.00,1.00,1.00,28562.00,19041.00,102.00,186.00
2009/10,42.00,625700.00,1.00,1.00,1.00,1.00,274.00,0.00
2009/10,42.00,635530.00,1.00,1.00,0.00,0.00,111.00,0.00
2009/10,42.00,635600.00,1.00,1.00,0.00,0.00,18.00,0.00
2009/10,42.00,645530.00,1.00,1.00,1.00,1.00,412.00,0.00
2009/10,53.00,735730.00,2.00,1.00,403279.00,325225.00,875.00,371.00
2010/11,2.00,685600.00,3.00,5.00,178559.00,117877.00,606.00,194.00
2010/11,2.00,685630.00,3.00,5.00,213115.00,137473.00,945.00,145.00
2010/11,2.00,715600.00,1.00,1.00,6479.00,4530.00,26.00,174.00
2010/11,2.00,715630.00,3.00,7.00,232341.00,155874.00,984.00,158.00
2010/11,2.00,725630.00,4.00,11.00,1516755.00,1015915.00,3453.00,294.00
2010/11,2.00,725700.00,2.00,2.00,115397.00,79664.00,319.00,249.00
2010/11,3.00,675530.00,1.00,1.00,328896.00,204283.00,923.00,221.00
2010/11,3.00,685600.00,2.00,2.00,177946.00,119811.00,470.00,254.00
2010/11,3.00,685630.00,3.00,3.00,171196.00,120551.00,702.00,171.00
2010/11,3.00,705600.00,2.00,2.00,37564.00,26585.00,105.00,253.00
2010/11,3.00,705630.00,2.00,3.00,10963.00,7869.00,51.00,154.00
2010/11,3.00,705701.00,1.00,1.00,,,8.00,
2010/11,3.00,715600.00,2.00,3.00,53742.00,38297.00,142.00,269.00
2010/11,3.00,715630.00,9.00,13.00,1041253.00,712843.00,3456.00,206.00
2010/11,3.00,715700.00,6.00,6.00,41946.00,29082.00,181.00,160.00
2010/11,3.00,715730.00,1.00,1.00,1923.00,1336.00,3.00,445.00
2010/11,3.00,725630.00,10.00,23.00,3080684.00,2095163.00,7588.00,276.00
2010/11,3.00,725700.00,7.00,11.00,635343.00,442815.00,2001.00,221.00
2010/11,3.00,725730.00,2.00,2.00,40083.00,27974.00,75.00,372.00
2010/11,3.00,735630.00,1.00,1.00,4165.00,2795.00,22.00,127.00
2010/11,3.00,735700.00,1.00,1.00,200605.00,131977.00,475.00,277.00
2010/11,3.00,735730.00,1.00,1.00,128455.00,89829.00,208.00,431.00
2010/11,4.00,675530.00,1.00,1.00,160818.00,101143.00,300.00,337.00
2010/11,4.00,685600.00,2.00,2.00,161066.00,113256.00,391.00,289.00
2010/11,4.00,685630.00,2.00,2.00,43198.00,28362.00,117.00,242.00
2010/11,4.00,715630.00,6.00,8.00,544612.00,375208.00,1661.00,225.00
2010/11,4.00,715700.00,3.00,4.00,267085.00,185658.00,873.00,212.00
2010/11,4.00,725630.00,7.00,18.00,2503345.00,1722626.00,6768.00,254.00
2010/11,4.00,725700.00,6.00,13.00,940418.00,648534.00,2572.00,252.00
2010/11,4.00,725730.00,1.00,2.00,66622.00,49760.00,194.00,256.00
2010/11,4.00,735630.00,2.00,4.00,94222.00,62074.00,220.00,282.00
2010/11,4.00,735700.00,3.00,4.00,224902.00,151484.00,696.00,217.00
2010/11,4.00,735730.00,2.00,5.00,472461.00,349393.00,985.00,354.00
2010/11,5.00,675500.00,2.00,2.00,7557.00,4783.00,42.00,113.00
2010/11,5.00,675530.00,4.00,4.00,515166.00,332775.00,1464.00,227.00
2010/11,5.00,675600.00,3.00,3.00,135720.00,89016.00,324.00,274.00
2010/11,5.00,675730.00,1.00,1.00,326946.00,201819.00,779.00,259.00
2010/11,5.00,685600.00,3.00,3.00,353332.00,240786.00,675.00,356.00
2010/11,5.00,685630.00,2.00,2.00,60836.00,39564.00,189.00,209.00
2010/11,5.00,705600.00,2.00,2.00,127006.00,88041.00,243.00,362.00
2010/11,5.00,705630.00,3.00,3.00,20548.00,13963.00,64.00,218.00
2010/11,5.00,715600.00,2.00,2.00,142551.00,97933.00,331.00,295.00
2010/11,5.00,715630.00,9.00,15.00,1687930.00,1167882.00,4745.00,246.00
2010/11,5.00,715700.00,5.00,5.00,184959.00,133986.00,618.00,216.00
2010/11,5.00,725630.00,9.00,13.00,1464716.00,1040436.00,4313.00,241.00
2010/11,5.00,725700.00,7.00,8.00,570270.00,401710.00,1855.00,216.00
2010/11,5.00,735630.00,3.00,3.00,204858.00,138457.00,512.00,270.00
2010/11,5.00,735700.00,5.00,6.00,243270.00,176391.00,685.00,257.00
2010/11,5.00,735730.00,7.00,9.00,1836427.00,1373371.00,4343.00,316.00
2010/11,5.00,735800.00,1.00,1.00,16005.00,11683.00,27.00,432.00
2010/11,5.00,745730.00,1.00,1.00,,,16.00,
2010/11,5.00,745800.00,1.00,1.00,22408.00,16356.00,21.00,778.00
2010/11,6.00,675530.00,3.00,2.00,390335.00,247538.00,1012.00,244.00
2010/11,6.00,675600.00,3.00,2.00,250806.00,175162.00,516.00,339.00
2010/11,6.00,685600.00,5.00,7.00,1037883.00,721335.00,2195.00,328.00
2010/11,6.00,685630.00,3.00,4.00,24366.00,16785.00,109.00,153.00
2010/11,6.00,715630.00,9.00,14.00,1488317.00,1042569.00,4909.00,212.00
2010/11,6.00,715700.00,1.00,1.00,6366.00,4391.00,25.00,175.00
2010/11,6.00,725630.00,11.00,15.00,678180.00,470375.00,2132.00,220.00
2010/11,6.00,725700.00,9.00,9.00,603672.00,418016.00,1910.00,218.00
2010/11,6.00,725730.00,5.00,4.00,494505.00,366055.00,1296.00,282.00
2010/11,6.00,735630.00,7.00,6.00,404447.00,274498.00,1329.00,206.00
2010/11,6.00,735700.00,6.00,6.00,363541.00,243575.00,1244.00,195.00
2010/11,6.00,735730.00,8.00,9.00,1063847.00,780842.00,2384.00,327.00
2010/11,6.00,735800.00,4.00,3.00,162360.00,115836.00,354.00,327.00
2010/11,6.00,745800.00,4.00,3.00,439034.00,310434.00,1166.00,266.00
2010/11,6.00,745830.00,4.00,3.00,328952.00,225766.00,732.00,308.00
2010/11,7.00,675530.00,4.00,2.00,135210.00,90760.00,382.00,237.00
2010/11,7.00,675600.00,7.00,7.00,927372.00,616459.00,2077.00,296.00
2010/11,7.00,685600.00,6.00,8.00,927632.00,654881.00,2007.00,326.00
2010/11,7.00,685630.00,5.00,5.00,87362.00,59279.00,224.00,264.00
2010/11,7.00,705600.00,1.00,2.00,71464.00,51640.00,151.00,341.00
2010/11,7.00,705630.00,1.00,1.00,8642.00,6248.00,15.00,416.00
2010/11,7.00,715600.00,2.00,3.00,172749.00,122515.00,470.00,260.00
2010/11,7.00,715630.00,7.00,13.00,911985.00,646995.00,2954.00,219.00
2010/11,7.00,715700.00,5.00,4.00,268905.00,189591.00,778.00,243.00
2010/11,7.00,725630.00,8.00,11.00,379108.00,269470.00,1233.00,218.00
2010/11,7.00,725700.00,8.00,10.00,782974.00,543045.00,2634.00,206.00
2010/11,7.00,725730.00,3.00,5.00,477410.00,347781.00,1195.00,291.00
2010/11,7.00,735700.00,4.00,4.00,285322.00,198266.00,1106.00,179.00
2010/11,7.00,735730.00,5.00,9.00,871232.00,637327.00,2178.00,292.00
2010/11,7.00,735800.00,5.00,6.00,345056.00,250950.00,987.00,254.00
2010/11,7.00,745800.00,4.00,5.00,294139.00,218495.00,909.00,240.00
2010/11,7.00,745830.00,3.00,3.00,201646.00,146721.00,446.00,328.00
2010/11,8.00,675530.00,2.00,3.00,156239.00,101599.00,295.00,344.00
2010/11,8.00,675600.00,6.00,9.00,657292.00,452677.00,1379.00,328.00
2010/11,8.00,685600.00,7.00,10.00,1185401.00,809930.00,2442.00,331.00
2010/11,8.00,685630.00,3.00,2.00,15226.00,10551.00,35.00,301.00
2010/11,8.00,715630.00,7.00,8.00,307494.00,215575.00,880.00,244.00
2010/11,8.00,715700.00,1.00,1.00,49168.00,35119.00,161.00,218.00
2010/11,8.00,725630.00,4.00,5.00,212457.00,149850.00,640.00,234.00
2010/11,8.00,725700.00,5.00,6.00,547042.00,383100.00,1752.00,218.00
2010/11,8.00,725730.00,3.00,4.00,458215.00,334724.00,1301.00,257.00
2010/11,8.00,735630.00,2.00,2.00,81362.00,59377.00,211.00,281.00
2010/11,8.00,735700.00,7.00,6.00,598085.00,404813.00,1978.00,204.00
2010/11,8.00,735730.00,6.00,5.00,111325.00,79627.00,299.00,266.00
2010/11,8.00,735800.00,3.00,3.00,277902.00,198714.00,688.00,288.00
2010/11,8.00,735830.00,3.00,3.00,61491.00,43717.00,151.00,289.00
2010/11,8.00,745800.00,2.00,1.00,34024.00,23304.00,73.00,319.00
2010/11,8.00,745830.00,3.00,3.00,577864.00,406171.00,1498.00,271.00
2010/11,8.00,755830.00,2.00,2.00,11821.00,8443.00,69.00,122.00
2010/11,9.00,655630.00,1.00,1.00,11583.00,7620.00,25.00,304.00
2010/11,9.00,675530.00,1.00,1.00,90148.00,61325.00,435.00,140.00
2010/11,9.00,675600.00,6.00,10.00,1128699.00,759228.00,2857.00,265.00
2010/11,9.00,685530.00,1.00,1.00,531.00,362.00,7.00,51.00
2010/11,9.00,685600.00,8.00,13.00,1077464.00,743660.00,2292.00,324.00
2010/11,9.00,685630.00,2.00,3.00,67585.00,46532.00,153.00,304.00
2010/11,9.00,695631.00,1.00,1.00,,,5.00,
2010/11,9.00,715630.00,4.00,4.00,69496.00,48258.00,299.00,161.00
2010/11,9.00,715700.00,2.00,2.00,320026.00,226790.00,980.00,231.00
2010/11,9.00,725600.00,1.00,1.00,6607.00,4719.00,29.00,162.00
2010/11,9.00,725630.00,4.00,3.00,204224.00,142958.00,818.00,174.00
2010/11,9.00,725700.00,7.00,7.00,351316.00,246900.00,956.00,258.00
2010/11,9.00,725730.00,5.00,6.00,412862.00,292372.00,1012.00,288.00
2010/11,9.00,725800.00,1.00,1.00,16818.00,11679.00,37.00,315.00
2010/11,9.00,735630.00,2.00,1.00,795.00,589.00,6.00,98.00
2010/11,9.00,735700.00,6.00,5.00,202830.00,146547.00,575.00,254.00
2010/11,9.00,735730.00,4.00,5.00,159351.00,115155.00,521.00,221.00
2010/11,9.00,735800.00,3.00,3.00,213999.00,156626.00,452.00,346.00
2010/11,9.00,735830.00,1.00,1.00,49842.00,36648.00,115.00,318.00
2010/11,10.00,675530.00,1.00,1.00,96960.00,62961.00,312.00,201.00
2010/11,10.00,675600.00,8.00,8.00,454624.00,302812.00,1620.00,186.00
2010/11,10.00,685600.00,8.00,9.00,964274.00,653764.00,2379.00,274.00
2010/11,10.00,685630.00,1.00,1.00,28598.00,19454.00,35.00,555.00
2010/11,10.00,705600.00,1.00,1.00,19115.00,13751.00,51.00,269.00
2010/11,10.00,715630.00,2.00,2.00,19900.00,14425.00,96.00,150.00
2010/11,10.00,715700.00,2.00,2.00,66628.00,50060.00,200.00,250.00
2010/11,10.00,715730.00,1.00,1.00,8818.00,6040.00,24.00,251.00
2010/11,10.00,725630.00,2.00,2.00,120221.00,82326.00,335.00,245.00
2010/11,10.00,725700.00,3.00,4.00,373789.00,258594.00,994.00,260.00
2010/11,10.00,725730.00,8.00,8.00,691834.00,510685.00,1994.00,256.00
2010/11,10.00,725800.00,1.00,1.00,33933.00,24067.00,84.00,286.00
2010/11,10.00,735700.00,4.00,4.00,112583.00,83924.00,324.00,259.00
2010/11,10.00,735730.00,7.00,7.00,702012.00,524141.00,1720.00,304.00
2010/11,10.00,735800.00,1.00,1.00,434575.00,312644.00,1018.00,307.00
2010/11,10.00,735830.00,2.00,1.00,23335.00,17678.00,75.00,235.00
2010/11,10.00,745800.00,1.00,1.00,29501.00,21224.00,83.00,255.00
2010/11,10.00,745830.00,2.00,1.00,72215.00,54708.00,148.00,369.00
2010/11,11.00,675530.00,1.00,1.00,126467.00,78066.00,404.00,193.00
2010/11,11.00,675600.00,3.00,3.00,19133.00,12039.00,60.00,200.00
2010/11,11.00,685600.00,3.00,3.00,399874.00,269116.00,975.00,276.00
2010/11,11.00,685630.00,1.00,1.00,4199.00,2837.00,9.00,315.00
2010/11,11.00,715630.00,2.00,2.00,164880.00,112653.00,549.00,205.00
2010/11,11.00,715700.00,2.00,2.00,56649.00,38055.00,224.00,169.00
2010/11,11.00,725630.00,2.00,2.00,52708.00,37281.00,151.00,246.00
2010/11,11.00,725700.00,3.00,3.00,203185.00,144553.00,642.00,225.00
2010/11,11.00,725730.00,3.00,3.00,214208.00,152140.00,439.00,346.00
2010/11,11.00,725800.00,1.00,1.00,7468.00,5334.00,20.00,266.00
2010/11,11.00,735730.00,2.00,2.00,49772.00,31904.00,139.00,229.00
2010/11,11.00,735800.00,1.00,1.00,67408.00,51456.00,170.00,302.00
2010/11,11.00,735830.00,1.00,1.00,11896.00,9081.00,27.00,336.00
2010/11,12.00,675530.00,1.00,1.00,95239.00,61842.00,247.00,250.00
2010/11,12.00,675600.00,1.00,1.00,29510.00,19163.00,119.00,161.00
2010/11,12.00,685600.00,4.00,4.00,282601.00,192358.00,851.00,226.00
2010/11,12.00,685630.00,2.00,2.00,8843.00,5966.00,45.00,132.00
2010/11,12.00,705600.00,1.00,1.00,10994.00,7003.00,24.00,291.00
2010/11,12.00,715600.00,1.00,1.00,1374.00,876.00,9.00,97.00
2010/11,12.00,715630.00,2.00,3.00,397583.00,271998.00,872.00,311.00
2010/11,12.00,725630.00,1.00,1.00,16548.00,11490.00,38.00,302.00
2010/11,12.00,725700.00,2.00,2.00,140876.00,100553.00,299.00,336.00
2010/11,12.00,725730.00,2.00,1.00,143521.00,104001.00,389.00,267.00
2010/11,12.00,735700.00,2.00,2.00,22503.00,15285.00,95.00,160.00
2010/11,12.00,735730.00,1.00,1.00,43024.00,29878.00,93.00,321.00
2010/11,13.00,675530.00,1.00,1.00,4318.00,2898.00,14.00,207.00
2010/11,13.00,685600.00,2.00,2.00,357751.00,243928.00,818.00,298.00
2010/11,13.00,685630.00,1.00,1.00,355.00,244.00,11.00,22.00
2010/11,13.00,705600.00,1.00,1.00,,,2.00,
2010/11,13.00,705630.00,1.00,1.00,1980.00,1364.00,15.00,90.00
2010/11,13.00,715600.00,1.00,1.00,164.00,114.00,21.00,5.00
2010/11,13.00,715630.00,2.00,2.00,202385.00,133210.00,555.00,240.00
2010/11,13.00,715700.00,1.00,1.00,3791.00,2614.00,33.00,79.00
2010/11,13.00,725630.00,1.00,1.00,453.00,312.00,15.00,20.00
2010/11,14.00,725700.00,1.00,1.00,95439.00,69919.00,263.00,265.00
2010/11,14.00,725730.00,1.00,1.00,15537.00,11382.00,44.00,258.00
2010/11,15.00,685600.00,1.00,1.00,165936.00,118526.00,528.00,224.00
2010/11,47.00,705630.00,1.00,1.00,8790.00,6147.00,98.00,62.00
2010/11,47.00,715630.00,1.00,1.00,3767.00,2634.00,42.00,62.00
2010/11,50.00,675600.00,1.00,1.00,308.00,211.00,10.00,21.00
2010/11,50.00,675630.00,1.00,1.00,1625.00,1113.00,35.00,31.00
2010/11,50.00,685600.00,1.00,1.00,990.00,678.00,5.00,135.00
2010/11,50.00,685630.00,1.00,1.00,85531.00,58583.00,438.00,133.00
2010/11,50.00,695631.00,1.00,1.00,330.00,226.00,4.00,56.00
2010/11,51.00,685600.00,1.00,1.00,3246.00,2208.00,17.00,129.00
2010/11,51.00,685630.00,1.00,1.00,191479.00,130258.00,681.00,191.00
2010/11,52.00,685600.00,1.00,1.00,794.00,455.00,3.00,151.00
2010/11,52.00,685630.00,1.00,1.00,66788.00,45434.00,193.00,235.00
2011/12,1.00,675530.00,1.00,1.00,162960.00,102491.00,702.00,145.00
2011/12,1.00,675600.00,2.00,3.00,176680.00,109179.00,755.00,144.00
2011/12,1.00,685600.00,2.00,3.00,107069.00,70538.00,475.00,148.00
2011/12,1.00,685630.00,1.00,2.00,17152.00,11124.00,46.00,241.00
2011/12,1.00,705600.00,1.00,1.00,27433.00,19184.00,52.00,368.00
2011/12,1.00,715600.00,1.00,1.00,4572.00,3197.00,31.00,103.00
2011/12,1.00,715630.00,7.00,12.00,1292738.00,891046.00,2708.00,329.00
2011/12,1.00,715700.00,2.00,2.00,57395.00,39030.00,112.00,348.00
2011/12,1.00,725630.00,8.00,18.00,3534195.00,2461706.00,6104.00,403.00
2011/12,1.00,725700.00,2.00,2.00,137508.00,92911.00,260.00,357.00
2011/12,1.00,735630.00,1.00,1.00,10966.00,7723.00,34.00,227.00
2011/12,2.00,675500.00,1.00,1.00,3560.00,2525.00,29.00,87.00
2011/12,2.00,675530.00,2.00,2.00,341511.00,212446.00,1049.00,202.00
2011/12,2.00,715600.00,1.00,1.00,,,7.00,
2011/12,2.00,715630.00,7.00,15.00,1848917.00,1267333.00,3779.00,335.00
2011/12,2.00,715700.00,6.00,5.00,245949.00,165443.00,448.00,369.00
2011/12,2.00,725630.00,7.00,19.00,3414828.00,2355546.00,6425.00,366.00
2011/12,2.00,725700.00,6.00,8.00,293399.00,197581.00,537.00,367.00
2011/12,2.00,725730.00,1.00,1.00,32974.00,23722.00,33.00,718.00
2011/12,2.00,735730.00,2.00,2.00,243269.00,172286.00,318.00,541.00
2011/12,3.00,675530.00,2.00,2.00,222006.00,133094.00,491.00,271.00
2011/12,3.00,675600.00,2.00,2.00,144726.00,91813.00,357.00,257.00
2011/12,3.00,685530.00,1.00,1.00,32047.00,19076.00,81.00,235.00
2011/12,3.00,715600.00,1.00,2.00,116450.00,72666.00,243.00,299.00
2011/12,3.00,715630.00,9.00,16.00,1695252.00,1169561.00,3606.00,324.00
2011/12,3.00,715700.00,5.00,6.00,267674.00,183342.00,433.00,423.00
2011/12,3.00,725630.00,10.00,23.00,2971783.00,2085543.00,5942.00,350.00
2011/12,3.00,725700.00,8.00,13.00,1096022.00,762772.00,2217.00,344.00
2011/12,3.00,735630.00,5.00,5.00,60263.00,41838.00,182.00,229.00
2011/12,3.00,735700.00,3.00,3.00,153381.00,107805.00,291.00,370.00
2011/12,3.00,735730.00,1.00,1.00,217828.00,163780.00,289.00,566.00
2011/12,4.00,675530.00,2.00,3.00,144823.00,89927.00,443.00,202.00
2011/12,4.00,675600.00,1.00,1.00,120116.00,76506.00,310.00,246.00
2011/12,4.00,685530.00,2.00,3.00,80364.00,50685.00,426.00,118.00
2011/12,4.00,685600.00,2.00,2.00,8485.00,5428.00,62.00,87.00
2011/12,4.00,715600.00,1.00,1.00,52663.00,36071.00,128.00,281.00
2011/12,4.00,715630.00,11.00,20.00,869395.00,608872.00,2279.00,267.00
2011/12,4.00,715700.00,5.00,6.00,202467.00,138315.00,356.00,388.00
2011/12,4.00,725600.00,2.00,2.00,202477.00,139421.00,427.00,326.00
2011/12,4.00,725630.00,9.00,22.00,778786.00,550980.00,2359.00,233.00
2011/12,4.00,725700.00,7.00,15.00,750222.00,523168.00,1497.00,349.00
2011/12,4.00,725730.00,1.00,1.00,18875.00,13107.00,29.00,451.00
2011/12,4.00,735630.00,4.00,6.00,145027.00,100876.00,445.00,226.00
2011/12,4.00,735700.00,5.00,7.00,865584.00,614999.00,1524.00,403.00
2011/12,4.00,735730.00,2.00,2.00,227753.00,166284.00,361.00,460.00
2011/12,5.00,675500.00,2.00,1.00,53075.00,32561.00,191.00,170.00
2011/12,5.00,675530.00,3.00,2.00,175793.00,108031.00,759.00,142.00
2011/12,5.00,675600.00,1.00,1.00,52836.00,35943.00,237.00,151.00
2011/12,5.00,685530.00,3.00,2.00,116081.00,71399.00,333.00,214.00
2011/12,5.00,705600.00,1.00,1.00,2829.00,1937.00,20.00,96.00
2011/12,5.00,715630.00,6.00,6.00,237193.00,162045.00,822.00,197.00
2011/12,5.00,715700.00,2.00,2.00,23214.00,16464.00,62.00,265.00
2011/12,5.00,725630.00,7.00,7.00,497021.00,347391.00,2008.00,173.00
2011/12,5.00,725700.00,7.00,8.00,536753.00,360893.00,1164.00,310.00
2011/12,5.00,735600.00,1.00,1.00,3248.00,2255.00,20.00,112.00
2011/12,5.00,735630.00,5.00,5.00,207248.00,143952.00,623.00,231.00
2011/12,5.00,735700.00,6.00,7.00,647665.00,443172.00,1456.00,304.00
2011/12,5.00,735730.00,1.00,1.00,2743.00,1905.00,7.00,272.00
2011/12,6.00,675530.00,4.00,4.00,390554.00,252005.00,1231.00,204.00
2011/12,6.00,675600.00,5.00,4.00,319708.00,207376.00,897.00,231.00
2011/12,6.00,675630.00,2.00,1.00,13488.00,8646.00,23.00,375.00
2011/12,6.00,685530.00,2.00,1.00,3372.00,2162.00,8.00,270.00
2011/12,6.00,685600.00,2.00,2.00,36721.00,24686.00,105.00,235.00
2011/12,6.00,705600.00,2.00,3.00,200945.00,129391.00,395.00,327.00
2011/12,6.00,715600.00,2.00,2.00,124844.00,81235.00,228.00,356.00
2011/12,6.00,715630.00,6.00,7.00,578461.00,391645.00,1514.00,258.00
2011/12,6.00,715700.00,2.00,2.00,98659.00,65946.00,193.00,341.00
2011/12,6.00,725630.00,5.00,8.00,390874.00,273559.00,1690.00,161.00
2011/12,6.00,725700.00,7.00,12.00,966159.00,679931.00,2233.00,304.00
2011/12,6.00,735600.00,1.00,1.00,3000.00,2142.00,11.00,194.00
2011/12,6.00,735630.00,6.00,9.00,345371.00,244909.00,1459.00,167.00
2011/12,6.00,735700.00,6.00,9.00,635519.00,449917.00,1599.00,281.00
2011/12,6.00,735730.00,1.00,1.00,15501.00,10691.00,30.00,356.00
2011/12,7.00,665530.00,1.00,1.00,12498.00,7621.00,28.00,272.00
2011/12,7.00,675500.00,3.00,4.00,27620.00,19630.00,150.00,130.00
2011/12,7.00,675530.00,5.00,6.00,546132.00,346618.00,2056.00,168.00
2011/12,7.00,675600.00,3.00,3.00,159606.00,99425.00,443.00,224.00
2011/12,7.00,685530.00,1.00,1.00,317932.00,201222.00,685.00,293.00
2011/12,7.00,685600.00,7.00,8.00,763724.00,494452.00,2236.00,221.00
2011/12,7.00,685630.00,2.00,2.00,6252.00,3937.00,36.00,109.00
2011/12,7.00,705600.00,2.00,3.00,201517.00,136136.00,380.00,358.00
2011/12,7.00,715600.00,3.00,4.00,135888.00,92502.00,294.00,314.00
2011/12,7.00,715630.00,6.00,10.00,833386.00,571309.00,1854.00,308.00
2011/12,7.00,715700.00,2.00,3.00,35689.00,24361.00,60.00,406.00
2011/12,7.00,725600.00,1.00,1.00,,,15.00,
2011/12,7.00,725630.00,5.00,8.00,340830.00,236783.00,1364.00,173.00
2011/12,7.00,725700.00,7.00,11.00,968211.00,672725.00,2339.00,287.00
2011/12,7.00,725730.00,3.00,2.00,67067.00,43734.00,191.00,228.00
2011/12,7.00,735600.00,1.00,1.00,,,15.00,
2011/12,7.00,735630.00,5.00,6.00,132150.00,92538.00,423.00,218.00
2011/12,7.00,735700.00,5.00,7.00,526949.00,373361.00,1511.00,247.00
2011/12,8.00,675530.00,4.00,4.00,145746.00,92670.00,525.00,176.00
2011/12,8.00,675600.00,4.00,5.00,172968.00,114524.00,480.00,238.00
2011/12,8.00,675630.00,2.00,2.00,62100.00,38887.00,241.00,161.00
2011/12,8.00,685530.00,1.00,1.00,318669.00,204275.00,1070.00,190.00
2011/12,8.00,685600.00,6.00,7.00,636810.00,421105.00,1919.00,219.00
2011/12,8.00,685630.00,4.00,4.00,57965.00,36858.00,341.00,108.00
2011/12,8.00,705600.00,2.00,4.00,282724.00,192315.00,585.00,328.00
2011/12,8.00,715600.00,4.00,6.00,187904.00,129438.00,402.00,321.00
2011/12,8.00,715630.00,8.00,15.00,1728066.00,1187956.00,4752.00,249.00
2011/12,8.00,715700.00,5.00,7.00,285516.00,190748.00,794.00,240.00
2011/12,8.00,725600.00,1.00,2.00,101093.00,71191.00,366.00,194.00
2011/12,8.00,725630.00,6.00,12.00,284114.00,193403.00,977.00,197.00
2011/12,8.00,725700.00,12.00,23.00,1533630.00,1066200.00,3410.00,312.00
2011/12,8.00,725730.00,7.00,6.00,287745.00,199385.00,342.00,582.00
2011/12,8.00,735630.00,3.00,4.00,59631.00,42782.00,337.00,126.00
2011/12,8.00,735700.00,10.00,16.00,909337.00,641109.00,2699.00,237.00
2011/12,8.00,735730.00,5.00,4.00,236411.00,166553.00,354.00,470.00
2011/12,9.00,665530.00,1.00,1.00,10093.00,6231.00,74.00,84.00
2011/12,9.00,665600.00,1.00,1.00,10093.00,6231.00,60.00,103.00
2011/12,9.00,675530.00,2.00,3.00,155221.00,97348.00,548.00,177.00
2011/12,9.00,675600.00,4.00,4.00,340134.00,211803.00,842.00,251.00
2011/12,9.00,685600.00,4.00,5.00,261950.00,172043.00,782.00,220.00
2011/12,9.00,685630.00,1.00,1.00,3462.00,2163.00,16.00,135.00
2011/12,9.00,705600.00,6.00,5.00,533213.00,357624.00,1130.00,316.00
2011/12,9.00,705630.00,1.00,1.00,,,5.00,
2011/12,9.00,715600.00,5.00,6.00,204761.00,134667.00,713.00,188.00
2011/12,9.00,715630.00,6.00,14.00,1284177.00,868393.00,4430.00,196.00
2011/12,9.00,715700.00,3.00,4.00,72470.00,49221.00,249.00,197.00
2011/12,9.00,725630.00,6.00,8.00,192370.00,129092.00,583.00,221.00
2011/12,9.00,725700.00,6.00,8.00,67015.00,45569.00,285.00,159.00
2011/12,9.00,725730.00,3.00,2.00,41598.00,29371.00,96.00,305.00
2011/12,9.00,735600.00,2.00,1.00,7744.00,5482.00,19.00,288.00
2011/12,9.00,735630.00,4.00,2.00,82817.00,58624.00,246.00,238.00
2011/12,9.00,735700.00,7.00,5.00,306135.00,216241.00,644.00,335.00
2011/12,9.00,735730.00,5.00,3.00,301626.00,212802.00,415.00,512.00
2011/12,10.00,675500.00,2.00,2.00,5367.00,3385.00,45.00,75.00
2011/12,10.00,675530.00,5.00,7.00,346033.00,218887.00,1832.00,119.00
2011/12,10.00,675600.00,4.00,4.00,96498.00,62945.00,415.00,151.00
2011/12,10.00,675630.00,1.00,1.00,2542.00,1608.00,25.00,64.00
2011/12,10.00,685530.00,5.00,6.00,30369.00,19507.00,195.00,100.00
2011/12,10.00,685600.00,3.00,4.00,199210.00,129561.00,734.00,176.00
2011/12,10.00,685630.00,2.00,3.00,115148.00,74100.00,448.00,165.00
2011/12,10.00,705600.00,3.00,4.00,493161.00,328003.00,1059.00,309.00
2011/12,10.00,715600.00,3.00,2.00,12435.00,8459.00,55.00,153.00
2011/12,10.00,715630.00,7.00,12.00,693374.00,479327.00,2561.00,187.00
2011/12,10.00,715700.00,4.00,5.00,106477.00,73562.00,322.00,228.00
2011/12,10.00,725630.00,8.00,15.00,674234.00,469428.00,2514.00,186.00
2011/12,10.00,725700.00,8.00,12.00,444470.00,308370.00,1330.00,231.00
2011/12,10.00,725730.00,2.00,3.00,32793.00,22256.00,83.00,268.00
2011/12,10.00,735630.00,4.00,7.00,206861.00,147316.00,1284.00,114.00
2011/12,10.00,735700.00,9.00,11.00,440251.00,310469.00,1527.00,203.00
2011/12,10.00,735730.00,4.00,5.00,212033.00,146307.00,540.00,270.00
2011/12,11.00,665500.00,1.00,1.00,858.00,546.00,10.00,54.00
2011/12,11.00,665530.00,1.00,1.00,4289.00,2732.00,30.00,91.00
2011/12,11.00,665600.00,1.00,2.00,53094.00,32396.00,481.00,67.00
2011/12,11.00,675500.00,1.00,1.00,1836.00,1141.00,20.00,57.00
2011/12,11.00,675530.00,4.00,6.00,96879.00,61041.00,646.00,94.00
2011/12,11.00,675600.00,3.00,3.00,186415.00,116028.00,599.00,193.00
2011/12,11.00,685530.00,4.00,3.00,96706.00,61544.00,581.00,105.00
2011/12,11.00,685600.00,1.00,3.00,73736.00,47832.00,307.00,155.00
2011/12,11.00,685630.00,1.00,2.00,81597.00,51501.00,253.00,203.00
2011/12,11.00,705600.00,8.00,11.00,1285995.00,875890.00,3782.00,231.00
2011/12,11.00,705630.00,4.00,4.00,91809.00,62917.00,313.00,201.00
2011/12,11.00,715600.00,4.00,4.00,58421.00,39879.00,251.00,158.00
2011/12,11.00,715630.00,6.00,9.00,355518.00,247230.00,1175.00,210.00
2011/12,11.00,725630.00,7.00,8.00,297047.00,209509.00,1218.00,172.00
2011/12,11.00,725700.00,1.00,1.00,108.00,77.00,4.00,19.00
2011/12,11.00,735630.00,1.00,1.00,3845.00,2651.00,34.00,77.00
2011/12,11.00,735700.00,2.00,2.00,36824.00,25222.00,118.00,213.00
2011/12,11.00,735730.00,2.00,1.00,163954.00,112297.00,241.00,465.00
2011/12,12.00,675500.00,3.00,4.00,22488.00,14053.00,237.00,59.00
2011/12,12.00,675530.00,2.00,3.00,19039.00,12101.00,175.00,69.00
2011/12,12.00,675600.00,1.00,1.00,7257.00,5005.00,95.00,52.00
2011/12,12.00,685500.00,1.00,1.00,34.00,18.00,10.00,1.00
2011/12,12.00,685530.00,1.00,1.00,7289.00,4702.00,176.00,26.00
2011/12,12.00,705600.00,4.00,5.00,285658.00,188650.00,1066.00,176.00
2011/12,12.00,705630.00,5.00,6.00,280002.00,189028.00,1079.00,175.00
2011/12,12.00,715600.00,2.00,2.00,12730.00,8728.00,64.00,136.00
2011/12,12.00,715630.00,3.00,7.00,375227.00,250367.00,1115.00,224.00
2011/12,12.00,715700.00,1.00,2.00,150157.00,97306.00,373.00,260.00
2011/12,12.00,725630.00,1.00,2.00,57750.00,38186.00,249.00,153.00
2011/12,12.00,725700.00,1.00,4.00,399724.00,274221.00,674.00,406.00
2011/12,12.00,725730.00,1.00,1.00,38003.00,24361.00,50.00,487.00
2011/12,12.00,735630.00,1.00,3.00,18884.00,12726.00,147.00,86.00
2011/12,12.00,735700.00,1.00,1.00,85985.00,60553.00,277.00,218.00
2011/12,12.00,735730.00,3.00,5.00,784849.00,547473.00,1265.00,432.00
2011/12,13.00,675530.00,1.00,2.00,9351.00,6160.00,174.00,35.00
2011/12,13.00,675600.00,1.00,2.00,6701.00,4545.00,82.00,55.00
2011/12,13.00,675630.00,1.00,1.00,2298.00,1619.00,18.00,89.00
2011/12,13.00,685600.00,2.00,2.00,5969.00,4172.00,46.00,90.00
2011/12,13.00,685630.00,2.00,2.00,17149.00,11494.00,143.00,80.00
2011/12,13.00,705600.00,7.00,12.00,572653.00,382354.00,2038.00,187.00
2011/12,13.00,705630.00,3.00,6.00,154191.00,104920.00,500.00,209.00
2011/12,13.00,715600.00,3.00,4.00,39554.00,26543.00,96.00,276.00
2011/12,13.00,715630.00,5.00,12.00,524607.00,357979.00,1906.00,187.00
2011/12,13.00,715700.00,2.00,2.00,120279.00,81425.00,267.00,304.00
2011/12,13.00,725700.00,5.00,5.00,295021.00,203582.00,752.00,270.00
2011/12,13.00,725730.00,2.00,2.00,41959.00,28372.00,74.00,383.00
2011/12,13.00,735700.00,2.00,2.00,37772.00,26026.00,113.00,230.00
2011/12,13.00,735730.00,2.00,3.00,373859.00,263748.00,462.00,570.00
2011/12,14.00,675500.00,1.00,1.00,412.00,274.00,12.00,22.00
2011/12,14.00,675530.00,1.00,1.00,2001.00,1326.00,27.00,49.00
2011/12,14.00,675600.00,1.00,1.00,2428.00,1630.00,95.00,17.00
2011/12,14.00,685530.00,1.00,1.00,1223.00,810.00,42.00,19.00
2011/12,14.00,695600.00,1.00,1.00,6501.00,4578.00,50.00,91.00
2011/12,14.00,705600.00,4.00,5.00,61239.00,41026.00,483.00,84.00
2011/12,14.00,705630.00,1.00,1.00,94018.00,60656.00,215.00,282.00
2011/12,14.00,715600.00,4.00,5.00,25968.00,17726.00,241.00,73.00
2011/12,14.00,715630.00,5.00,9.00,422688.00,283104.00,1483.00,190.00
2011/12,14.00,715700.00,1.00,1.00,7211.00,4775.00,19.00,251.00
2011/12,14.00,725630.00,1.00,1.00,3605.00,2387.00,27.00,88.00
2011/12,14.00,725700.00,5.00,10.00,807585.00,552751.00,2397.00,230.00
2011/12,14.00,725730.00,1.00,1.00,14.00,10.00,45.00,0.00
2011/12,14.00,735700.00,1.00,1.00,32440.00,23338.00,156.00,149.00
2011/12,14.00,735730.00,2.00,2.00,63694.00,46075.00,188.00,245.00
2011/12,15.00,665500.00,2.00,2.00,196.00,131.00,20.00,6.00
2011/12,15.00,665530.00,2.00,2.00,120.00,83.00,17.00,4.00
2011/12,15.00,675530.00,3.00,3.00,19696.00,13305.00,143.00,93.00
2011/12,15.00,675600.00,3.00,3.00,14237.00,9834.00,278.00,35.00
2011/12,15.00,675630.00,1.00,1.00,486.00,331.00,5.00,66.00
2011/12,15.00,685600.00,2.00,2.00,8735.00,5756.00,161.00,35.00
2011/12,15.00,685630.00,1.00,1.00,2437.00,1603.00,14.00,114.00
2011/12,15.00,695600.00,3.00,3.00,46863.00,31545.00,229.00,137.00
2011/12,15.00,705600.00,4.00,4.00,114903.00,77383.00,688.00,112.00
2011/12,15.00,705630.00,4.00,3.00,165699.00,110409.00,425.00,259.00
2011/12,15.00,715600.00,1.00,1.00,15721.00,11227.00,49.00,229.00
2011/12,15.00,715630.00,11.00,19.00,777537.00,520156.00,2649.00,196.00
2011/12,15.00,715700.00,2.00,2.00,43355.00,28004.00,329.00,85.00
2011/12,15.00,725600.00,1.00,1.00,6766.00,4541.00,21.00,216.00
2011/12,15.00,725630.00,9.00,9.00,99016.00,67679.00,674.00,100.00
2011/12,15.00,725700.00,12.00,20.00,1258185.00,868498.00,4558.00,190.00
2011/12,15.00,735630.00,2.00,2.00,,,26.00,
2011/12,15.00,735700.00,8.00,14.00,755330.00,534021.00,2785.00,191.00
2011/12,15.00,735730.00,7.00,10.00,187334.00,132539.00,680.00,194.00
2011/12,16.00,665430.00,1.00,1.00,97.00,59.00,32.00,1.00
2011/12,16.00,665500.00,1.00,1.00,221.00,135.00,58.00,2.00
2011/12,16.00,665530.00,1.00,1.00,337.00,207.00,45.00,4.00
2011/12,16.00,675530.00,2.00,2.00,4686.00,2876.00,145.00,19.00
2011/12,16.00,675600.00,1.00,1.00,3827.00,2568.00,85.00,30.00
2011/12,16.00,675630.00,1.00,1.00,3342.00,2142.00,68.00,31.00
2011/12,16.00,685600.00,1.00,1.00,22530.00,14259.00,126.00,113.00
2011/12,16.00,695600.00,1.00,1.00,614.00,377.00,45.00,8.00
2011/12,16.00,705600.00,3.00,3.00,21596.00,14497.00,245.00,59.00
2011/12,16.00,705630.00,2.00,2.00,18878.00,12781.00,103.00,124.00
2011/12,16.00,715600.00,2.00,2.00,14946.00,10247.00,67.00,152.00
2011/12,16.00,715630.00,4.00,4.00,40421.00,27337.00,320.00,85.00
2011/12,16.00,715700.00,2.00,2.00,46010.00,30805.00,309.00,99.00
2011/12,16.00,725630.00,2.00,2.00,2611.00,1743.00,33.00,52.00
2011/12,16.00,725700.00,2.00,2.00,3314.00,2195.00,18.00,121.00
2011/12,16.00,735700.00,1.00,1.00,,,8.00,
2011/12,16.00,735730.00,2.00,2.00,15928.00,10663.00,103.00,103.00
2011/12,16.00,735800.00,1.00,1.00,21279.00,14092.00,150.00,93.00
2011/12,17.00,675530.00,1.00,1.00,578.00,373.00,45.00,8.00
2011/12,17.00,675600.00,2.00,2.00,14902.00,9813.00,175.00,56.00
2011/12,17.00,685530.00,2.00,2.00,13999.00,9588.00,100.00,95.00
2011/12,17.00,685600.00,2.00,2.00,17052.00,11793.00,145.00,81.00
2011/12,17.00,685630.00,2.00,2.00,49950.00,32489.00,399.00,81.00
2011/12,17.00,705600.00,8.00,17.00,345112.00,231893.00,2390.00,97.00
2011/12,17.00,705630.00,9.00,20.00,316063.00,213886.00,2428.00,88.00
2011/12,17.00,715600.00,5.00,9.00,49852.00,34345.00,323.00,106.00
2011/12,17.00,715630.00,14.00,37.00,2404696.00,1614135.00,14698.00,109.00
2011/12,17.00,715700.00,9.00,11.00,79238.00,54286.00,408.00,133.00
2011/12,17.00,725630.00,6.00,6.00,19704.00,13327.00,319.00,41.00
2011/12,17.00,725700.00,10.00,16.00,167513.00,112744.00,1709.00,65.00
2011/12,17.00,735700.00,4.00,6.00,68317.00,45394.00,493.00,92.00
2011/12,17.00,735730.00,1.00,2.00,14322.00,9338.00,49.00,190.00
2011/12,17.00,735800.00,2.00,4.00,159072.00,104726.00,575.00,182.00
2011/12,17.00,745700.00,1.00,1.00,3393.00,2203.00,20.00,110.00
2011/12,18.00,705600.00,6.00,7.00,49442.00,33187.00,606.00,54.00
2011/12,18.00,705630.00,4.00,6.00,57818.00,39428.00,493.00,79.00
2011/12,18.00,715600.00,5.00,4.00,9044.00,6057.00,163.00,37.00
2011/12,18.00,715630.00,9.00,13.00,302112.00,206097.00,2562.00,80.00
2011/12,18.00,715700.00,2.00,2.00,154886.00,109825.00,610.00,180.00
2011/12,18.00,715730.00,2.00,2.00,2860.00,2010.00,41.00,49.00
2011/12,18.00,725630.00,2.00,3.00,2050.00,1388.00,135.00,10.00
2011/12,18.00,725700.00,6.00,7.00,36032.00,24519.00,628.00,39.00
2011/12,18.00,725730.00,1.00,1.00,31641.00,22440.00,235.00,95.00
2011/12,18.00,735700.00,6.00,7.00,41555.00,27920.00,853.00,32.00
2011/12,18.00,735730.00,1.00,2.00,15654.00,9569.00,187.00,51.00
2011/12,18.00,735800.00,1.00,1.00,19033.00,11466.00,73.00,157.00
2011/12,19.00,715700.00,1.00,1.00,341.00,228.00,35.00,6.00
2011/12,19.00,715800.00,1.00,1.00,,,8.00,
2011/12,19.00,725730.00,1.00,1.00,56.00,38.00,3.00,12.00
2011/12,19.00,725800.00,1.00,1.00,153.00,103.00,33.00,3.00
2011/12,19.00,725830.00,1.00,1.00,,,3.00,
2011/12,19.00,735730.00,1.00,1.00,526.00,353.00,16.00,22.00
2011/12,19.00,735800.00,1.00,1.00,235506.00,158058.00,668.00,236.00
2011/12,19.00,735830.00,1.00,1.00,129966.00,87226.00,251.00,347.00
2011/12,19.00,745830.00,1.00,1.00,6473.00,4344.00,25.00,173.00
2011/12,20.00,705600.00,1.00,1.00,,,6.00,
2011/12,20.00,705730.00,1.00,1.00,,,9.00,
2011/12,20.00,715600.00,2.00,3.00,112550.00,77310.00,430.00,179.00
2011/12,20.00,715630.00,7.00,7.00,55981.00,38120.00,475.00,80.00
2011/12,20.00,715700.00,11.00,24.00,2087485.00,1422845.00,8718.00,163.00
2011/12,20.00,715730.00,5.00,7.00,149663.00,105657.00,1017.00,103.00
2011/12,20.00,725600.00,1.00,1.00,6969.00,4525.00,32.00,141.00
2011/12,20.00,725630.00,3.00,3.00,2439.00,1608.00,96.00,16.00
2011/12,20.00,725700.00,12.00,21.00,347185.00,239135.00,3104.00,77.00
2011/12,20.00,725730.00,12.00,28.00,1946948.00,1314306.00,7304.00,179.00
2011/12,20.00,725800.00,4.00,8.00,33764.00,22955.00,203.00,113.00
2011/12,20.00,725830.00,1.00,1.00,863.00,579.00,56.00,10.00
2011/12,20.00,735700.00,4.00,5.00,7981.00,5360.00,129.00,41.00
2011/12,20.00,735730.00,8.00,14.00,357745.00,232934.00,1849.00,125.00
2011/12,20.00,735800.00,8.00,20.00,2284106.00,1550061.00,6919.00,224.00
2011/12,20.00,735830.00,4.00,4.00,253640.00,164035.00,1351.00,121.00
2011/12,20.00,745800.00,1.00,1.00,,,3.00,
2011/12,20.00,755830.00,1.00,1.00,3.00,2.00,12.00,0.00
2011/12,20.00,765830.00,1.00,1.00,,,10.00,
2011/12,21.00,715700.00,7.00,11.00,1315856.00,899505.00,3454.00,260.00
2011/12,21.00,715730.00,2.00,2.00,53857.00,37400.00,262.00,142.00
2011/12,21.00,725700.00,1.00,1.00,221148.00,148821.00,606.00,245.00
2011/12,21.00,725730.00,9.00,9.00,703362.00,479908.00,2454.00,195.00
2011/12,21.00,725800.00,3.00,2.00,109863.00,76978.00,308.00,249.00
2011/12,21.00,735630.00,1.00,1.00,6209.00,4230.00,12.00,352.00
2011/12,21.00,735730.00,2.00,2.00,30199.00,20562.00,69.00,298.00
2011/12,21.00,735800.00,7.00,9.00,1267232.00,848581.00,2869.00,295.00
2011/12,21.00,735830.00,2.00,2.00,68964.00,45333.00,175.00,259.00
2011/12,22.00,715700.00,7.00,11.00,1635074.00,1115749.00,3449.00,323.00
2011/12,22.00,725700.00,5.00,4.00,80134.00,56434.00,187.00,301.00
2011/12,22.00,725730.00,6.00,6.00,321328.00,215395.00,646.00,333.00
2011/12,22.00,725800.00,5.00,3.00,90609.00,60557.00,147.00,411.00
2011/12,22.00,735730.00,4.00,3.00,62691.00,42754.00,281.00,152.00
2011/12,22.00,735800.00,9.00,19.00,2637389.00,1791622.00,6438.00,278.00
2011/12,22.00,735830.00,5.00,6.00,279312.00,192381.00,726.00,264.00
2011/12,22.00,745830.00,3.00,3.00,48679.00,33801.00,221.00,152.00
2011/12,23.00,715630.00,1.00,1.00,118.00,82.00,10.00,8.00
2011/12,23.00,715700.00,7.00,6.00,350339.00,238470.00,1323.00,180.00
2011/12,23.00,725700.00,6.00,4.00,267114.00,185265.00,453.00,408.00
2011/12,23.00,725730.00,3.00,2.00,172533.00,118171.00,351.00,336.00
2011/12,23.00,725800.00,1.00,2.00,25237.00,16841.00,77.00,218.00
2011/12,23.00,735730.00,1.00,1.00,51121.00,35256.00,75.00,470.00
2011/12,23.00,735800.00,9.00,14.00,1783285.00,1190106.00,4379.00,271.00
2011/12,23.00,735830.00,3.00,3.00,141644.00,96985.00,422.00,229.00
2011/12,24.00,715700.00,2.00,2.00,54875.00,36870.00,178.00,207.00
2011/12,24.00,725700.00,1.00,1.00,2271.00,1504.00,34.00,44.00
2011/12,24.00,725730.00,3.00,2.00,25050.00,17210.00,79.00,217.00
2011/12,24.00,735730.00,3.00,2.00,15823.00,10664.00,52.00,205.00
2011/12,24.00,735800.00,4.00,5.00,384652.00,270366.00,1379.00,196.00
2011/12,24.00,735830.00,2.00,1.00,99134.00,71319.00,215.00,331.00
2011/12,24.00,745830.00,2.00,1.00,14162.00,10188.00,66.00,154.00
2011/12,44.00,675530.00,1.00,1.00,4536.00,3075.00,60.00,51.00
2011/12,44.00,685600.00,1.00,1.00,10026.00,6797.00,120.00,56.00
2011/12,44.00,715630.00,1.00,1.00,9310.00,6312.00,60.00,105.00
2011/12,46.00,665600.00,1.00,1.00,198.00,123.00,20.00,6.00
2011/12,46.00,675500.00,1.00,1.00,472.00,293.00,10.00,29.00
2011/12,46.00,675530.00,1.00,1.00,40659.00,25254.00,184.00,137.00
2011/12,46.00,675600.00,1.00,1.00,46967.00,29172.00,232.00,125.00
2011/12,46.00,685530.00,1.00,1.00,2673.00,1660.00,10.00,166.00
2011/12,46.00,685630.00,1.00,1.00,5217.00,3240.00,41.00,79.00
2011/12,47.00,675530.00,1.00,1.00,36259.00,22245.00,173.00,128.00
2011/12,47.00,675600.00,1.00,1.00,23641.00,14504.00,103.00,140.00
2011/12,47.00,685530.00,1.00,1.00,67732.00,41553.00,344.00,120.00
2011/12,47.00,685600.00,1.00,1.00,41091.00,25209.00,130.00,193.00
2011/12,48.00,675600.00,1.00,1.00,121458.00,75439.00,538.00,140.00
2011/12,48.00,685530.00,1.00,1.00,1977.00,1228.00,20.00,61.00
2011/12,48.00,685600.00,1.00,1.00,78490.00,48752.00,354.00,137.00
2011/12,49.00,675600.00,1.00,1.00,7725.00,5049.00,33.00,153.00
2011/12,49.00,685600.00,1.00,1.00,7452.00,4871.00,32.00,152.00
2011/12,53.00,715630.00,2.00,1.00,134677.00,95147.00,279.00,341.00
2011/12,53.00,725630.00,2.00,1.00,72518.00,51232.00,78.00,656.00
2012/13,1.00,685600.00,1.00,1.00,1413.00,1017.00,25.00,40.00
2012/13,1.00,705630.00,1.00,1.00,1184.00,897.00,,
2012/13,1.00,715630.00,6.00,9.00,962737.00,702311.00,2668.00,263.00
2012/13,1.00,715700.00,3.00,6.00,259015.00,182559.00,750.00,243.00
2012/13,1.00,725630.00,6.00,12.00,1885751.00,1352342.00,3741.00,361.00
2012/13,1.00,725700.00,6.00,11.00,870190.00,618307.00,3079.00,200.00
2012/13,1.00,725730.00,3.00,3.00,327574.00,238657.00,945.00,252.00
2012/13,1.00,735730.00,4.00,5.00,504876.00,353400.00,1072.00,329.00
2012/13,1.00,735800.00,2.00,2.00,153116.00,109027.00,380.00,286.00
2012/13,1.00,745800.00,2.00,2.00,145061.00,101229.00,436.00,232.00
2012/13,1.00,745830.00,1.00,1.00,19042.00,13260.00,39.00,340.00
2012/13,2.00,675600.00,1.00,1.00,,,18.00,
2012/13,2.00,675630.00,1.00,1.00,,,2.00,
2012/13,2.00,685600.00,2.00,1.00,236537.00,147711.00,571.00,258.00
2012/13,2.00,685630.00,1.00,1.00,4200.00,2658.00,60.00,44.00
2012/13,2.00,715600.00,1.00,1.00,5607.00,4006.00,13.00,308.00
2012/13,2.00,715630.00,6.00,10.00,917336.00,685875.00,2274.00,301.00
2012/13,2.00,715700.00,4.00,5.00,401872.00,285737.00,1293.00,220.00
2012/13,2.00,725630.00,7.00,12.00,1754606.00,1309990.00,3626.00,361.00
2012/13,2.00,725700.00,6.00,5.00,364564.00,266249.00,1106.00,240.00
2012/13,2.00,725730.00,2.00,3.00,185496.00,135401.00,624.00,216.00
2012/13,2.00,725800.00,1.00,1.00,1577.00,1127.00,38.00,29.00
2012/13,2.00,735700.00,3.00,3.00,108382.00,80952.00,516.00,156.00
2012/13,2.00,735730.00,5.00,8.00,1099417.00,800783.00,2743.00,291.00
2012/13,2.00,735800.00,1.00,1.00,51714.00,37748.00,139.00,271.00
2012/13,3.00,675630.00,1.00,1.00,1317.00,902.00,16.00,56.00
2012/13,3.00,675700.00,1.00,1.00,5098.00,3492.00,62.00,56.00
2012/13,3.00,685600.00,1.00,1.00,329828.00,210082.00,911.00,230.00
2012/13,3.00,705600.00,1.00,1.00,348.00,268.00,3.00,89.00
2012/13,3.00,715600.00,1.00,1.00,461.00,355.00,4.00,88.00
2012/13,3.00,715630.00,7.00,12.00,1195841.00,888785.00,3688.00,240.00
2012/13,3.00,715700.00,2.00,4.00,446246.00,319344.00,1601.00,199.00
2012/13,3.00,725630.00,7.00,11.00,1518668.00,1106999.00,3900.00,283.00
2012/13,3.00,725700.00,6.00,10.00,572253.00,418937.00,1787.00,234.00
2012/13,3.00,725730.00,4.00,7.00,539113.00,392182.00,1945.00,201.00
2012/13,3.00,725800.00,1.00,1.00,495.00,354.00,14.00,25.00
2012/13,3.00,735700.00,4.00,4.00,110961.00,80998.00,366.00,221.00
2012/13,3.00,735730.00,3.00,5.00,834956.00,583088.00,2031.00,287.00
2012/13,3.00,735800.00,2.00,2.00,110891.00,79838.00,256.00,311.00
2012/13,3.00,735830.00,2.00,2.00,84252.00,62254.00,157.00,396.00
2012/13,3.00,745800.00,2.00,2.00,55582.00,40011.00,123.00,325.00
2012/13,3.00,745830.00,2.00,2.00,27621.00,19962.00,58.00,344.00
2012/13,4.00,675530.00,1.00,1.00,2523.00,1716.00,40.00,42.00
2012/13,4.00,675600.00,1.00,1.00,5803.00,3948.00,19.00,207.00
2012/13,4.00,685600.00,3.00,2.00,406381.00,272935.00,1027.00,265.00
2012/13,4.00,705600.00,1.00,1.00,,,174.00,
2012/13,4.00,715630.00,6.00,19.00,1413994.00,1015248.00,6137.00,165.00
2012/13,4.00,715700.00,5.00,8.00,436314.00,310038.00,2126.00,145.00
2012/13,4.00,715730.00,1.00,1.00,330.00,228.00,17.00,13.00
2012/13,4.00,725630.00,7.00,15.00,1744844.00,1260994.00,5933.00,212.00
2012/13,4.00,725700.00,6.00,14.00,804992.00,587309.00,2879.00,203.00
2012/13,4.00,725730.00,5.00,7.00,474733.00,346378.00,2008.00,172.00
2012/13,4.00,725800.00,1.00,1.00,22097.00,15239.00,94.00,162.00
2012/13,4.00,725830.00,1.00,1.00,,,15.00,
2012/13,4.00,735630.00,2.00,2.00,9848.00,7034.00,113.00,62.00
2012/13,4.00,735700.00,6.00,6.00,225250.00,163874.00,1016.00,161.00
2012/13,4.00,735730.00,8.00,8.00,823275.00,595724.00,2618.00,227.00
2012/13,4.00,735800.00,7.00,6.00,472354.00,334880.00,1244.00,269.00
2012/13,4.00,735830.00,1.00,1.00,6619.00,4867.00,14.00,347.00
2012/13,4.00,745800.00,3.00,2.00,63791.00,45334.00,204.00,222.00
2012/13,4.00,745830.00,1.00,1.00,188633.00,138701.00,334.00,415.00
2012/13,4.00,755830.00,1.00,1.00,3309.00,2434.00,15.00,162.00
2012/13,5.00,675500.00,1.00,1.00,73.00,49.00,3.00,16.00
2012/13,5.00,675530.00,1.00,1.00,55.00,37.00,6.00,6.00
2012/13,5.00,675600.00,1.00,1.00,8501.00,6068.00,68.00,89.00
2012/13,5.00,685530.00,1.00,1.00,36.00,24.00,9.00,2.00
2012/13,5.00,685600.00,2.00,2.00,502557.00,333515.00,1094.00,304.00
2012/13,5.00,705600.00,2.00,2.00,1889.00,1357.00,107.00,12.00
2012/13,5.00,705630.00,3.00,3.00,4862.00,3493.00,71.00,49.00
2012/13,5.00,715600.00,2.00,2.00,1565.00,1123.00,14.00,80.00
2012/13,5.00,715630.00,8.00,11.00,610994.00,454357.00,2972.00,152.00
2012/13,5.00,715700.00,5.00,6.00,76363.00,56697.00,377.00,150.00
2012/13,5.00,725600.00,3.00,1.00,517.00,375.00,3.00,125.00
2012/13,5.00,725630.00,9.00,16.00,1076749.00,790909.00,4927.00,160.00
2012/13,5.00,725700.00,9.00,16.00,1362270.00,986701.00,5566.00,177.00
2012/13,5.00,725730.00,3.00,7.00,277122.00,199883.00,857.00,233.00
2012/13,5.00,735630.00,3.00,3.00,8528.00,5743.00,74.00,77.00
2012/13,5.00,735700.00,5.00,3.00,132084.00,91754.00,706.00,129.00
2012/13,5.00,735730.00,3.00,7.00,1009931.00,715102.00,2944.00,242.00
2012/13,5.00,735800.00,7.00,6.00,444311.00,325652.00,1441.00,225.00
2012/13,5.00,735830.00,4.00,3.00,167373.00,129968.00,379.00,342.00
2012/13,5.00,745800.00,2.00,1.00,55509.00,40816.00,185.00,220.00
2012/13,5.00,745830.00,4.00,4.00,243201.00,178932.00,550.00,325.00
2012/13,6.00,675600.00,1.00,2.00,28946.00,19183.00,220.00,87.00
2012/13,6.00,685600.00,5.00,6.00,846933.00,543922.00,2023.00,268.00
2012/13,6.00,705600.00,1.00,2.00,265.00,173.00,162.00,1.00
2012/13,6.00,705630.00,1.00,1.00,75.00,52.00,2.00,26.00
2012/13,6.00,715630.00,5.00,8.00,367031.00,272200.00,1984.00,137.00
2012/13,6.00,715700.00,2.00,2.00,17352.00,12683.00,131.00,96.00
2012/13,6.00,725630.00,10.00,19.00,799703.00,578661.00,4302.00,134.00
2012/13,6.00,725700.00,9.00,15.00,703046.00,506862.00,3294.00,153.00
2012/13,6.00,725730.00,4.00,6.00,240291.00,181746.00,1032.00,176.00
2012/13,6.00,735630.00,3.00,4.00,8785.00,6201.00,90.00,68.00
2012/13,6.00,735700.00,7.00,11.00,171307.00,120910.00,923.00,130.00
2012/13,6.00,735730.00,8.00,10.00,417184.00,298396.00,1553.00,192.00
2012/13,6.00,735800.00,3.00,5.00,316550.00,235686.00,733.00,321.00
2012/13,6.00,745800.00,1.00,1.00,73429.00,55629.00,236.00,235.00
2012/13,6.00,745830.00,1.00,1.00,37761.00,27167.00,83.00,327.00
2012/13,6.00,755830.00,1.00,1.00,11115.00,7997.00,43.00,185.00
2012/13,7.00,675530.00,4.00,2.00,9726.00,6539.00,207.00,31.00
2012/13,7.00,675600.00,5.00,3.00,32347.00,22023.00,155.00,142.00
2012/13,7.00,685530.00,3.00,1.00,706.00,489.00,53.00,9.00
2012/13,7.00,685600.00,8.00,8.00,1487332.00,985643.00,3512.00,280.00
2012/13,7.00,685630.00,5.00,4.00,145659.00,98082.00,311.00,315.00
2012/13,7.00,695600.00,1.00,1.00,,,14.00,
2012/13,7.00,705600.00,2.00,2.00,3330.00,2431.00,53.00,45.00
2012/13,7.00,705630.00,3.00,3.00,28907.00,21482.00,174.00,123.00
2012/13,7.00,715600.00,2.00,2.00,3730.00,2539.00,50.00,50.00
2012/13,7.00,715630.00,8.00,13.00,1160322.00,882905.00,4673.00,188.00
2012/13,7.00,715700.00,5.00,4.00,37365.00,27477.00,173.00,158.00
2012/13,7.00,725600.00,1.00,1.00,9822.00,7223.00,42.00,171.00
2012/13,7.00,725630.00,10.00,17.00,536217.00,403002.00,3568.00,112.00
2012/13,7.00,725700.00,10.00,11.00,399564.00,289545.00,1892.00,153.00
2012/13,7.00,725730.00,6.00,4.00,23582.00,16449.00,123.00,133.00
2012/13,7.00,735630.00,3.00,3.00,7546.00,5384.00,85.00,63.00
2012/13,7.00,735700.00,2.00,2.00,59858.00,43200.00,299.00,144.00
2012/13,7.00,735730.00,6.00,6.00,413473.00,294705.00,1499.00,196.00
2012/13,7.00,735800.00,5.00,5.00,182019.00,131011.00,434.00,301.00
2012/13,7.00,745800.00,3.00,2.00,237136.00,169297.00,567.00,298.00
2012/13,7.00,745830.00,3.00,2.00,18268.00,13714.00,61.00,224.00
2012/13,8.00,675600.00,5.00,5.00,81440.00,53861.00,280.00,192.00
2012/13,8.00,685530.00,2.00,2.00,1271.00,836.00,68.00,12.00
2012/13,8.00,685600.00,9.00,16.00,2440515.00,1626698.00,6782.00,239.00
2012/13,8.00,685630.00,8.00,12.00,619824.00,423740.00,1724.00,245.00
2012/13,8.00,705630.00,1.00,1.00,2323.00,1614.00,44.00,36.00
2012/13,8.00,715600.00,1.00,1.00,2323.00,1613.00,37.00,43.00
2012/13,8.00,715630.00,5.00,7.00,350382.00,244810.00,2262.00,108.00
2012/13,8.00,715700.00,5.00,4.00,203654.00,148572.00,752.00,197.00
2012/13,8.00,725630.00,7.00,8.00,107707.00,76741.00,1071.00,71.00
2012/13,8.00,725700.00,5.00,4.00,126273.00,92395.00,845.00,109.00
2012/13,8.00,735700.00,3.00,3.00,15606.00,11250.00,127.00,88.00
2012/13,8.00,735730.00,4.00,6.00,205682.00,148472.00,644.00,230.00
2012/13,8.00,735800.00,4.00,6.00,455211.00,329629.00,1526.00,216.00
2012/13,8.00,745800.00,3.00,3.00,110083.00,79019.00,300.00,263.00
2012/13,9.00,675530.00,1.00,1.00,6388.00,4148.00,105.00,39.00
2012/13,9.00,675600.00,6.00,5.00,141300.00,98622.00,607.00,162.00
2012/13,9.00,675630.00,2.00,1.00,510.00,349.00,4.00,87.00
2012/13,9.00,685530.00,1.00,1.00,93.00,72.00,43.00,1.00
2012/13,9.00,685600.00,12.00,18.00,1574440.00,1093483.00,6208.00,176.00
2012/13,9.00,685630.00,11.00,16.00,874459.00,605766.00,2714.00,223.00
2012/13,9.00,705630.00,1.00,1.00,10186.00,7602.00,97.00,78.00
2012/13,9.00,715630.00,3.00,4.00,175674.00,124949.00,1293.00,96.00
2012/13,9.00,725630.00,3.00,3.00,22877.00,16901.00,267.00,63.00
2012/13,9.00,725700.00,3.00,3.00,15563.00,11482.00,83.00,138.00
2012/13,9.00,725730.00,2.00,2.00,27732.00,20533.00,180.00,114.00
2012/13,9.00,735700.00,4.00,5.00,163284.00,121089.00,821.00,147.00
2012/13,9.00,735730.00,6.00,6.00,345554.00,256921.00,1494.00,171.00
2012/13,9.00,735800.00,5.00,4.00,354525.00,265389.00,851.00,311.00
2012/13,9.00,735830.00,2.00,1.00,5244.00,3450.00,30.00,115.00
2012/13,9.00,745800.00,5.00,4.00,130590.00,90301.00,361.00,250.00
2012/13,9.00,745830.00,2.00,1.00,1847.00,1215.00,7.00,173.00
2012/13,10.00,665500.00,1.00,1.00,344.00,245.00,105.00,2.00
2012/13,10.00,675530.00,1.00,1.00,1080.00,715.00,39.00,18.00
2012/13,10.00,675600.00,7.00,6.00,112220.00,77992.00,429.00,181.00
2012/13,10.00,675630.00,4.00,3.00,17500.00,11823.00,99.00,119.00
2012/13,10.00,685600.00,10.00,19.00,723104.00,509037.00,2715.00,187.00
2012/13,10.00,685630.00,12.00,23.00,2370972.00,1646966.00,6955.00,236.00
2012/13,10.00,715700.00,1.00,1.00,36503.00,25002.00,169.00,147.00
2012/13,10.00,725630.00,1.00,1.00,2281.00,1563.00,51.00,30.00
2012/13,10.00,725700.00,1.00,2.00,21074.00,14517.00,180.00,80.00
2012/13,10.00,735630.00,1.00,1.00,6912.00,4767.00,58.00,82.00
2012/13,10.00,735800.00,5.00,3.00,262704.00,205658.00,591.00,347.00
2012/13,10.00,735830.00,5.00,3.00,77108.00,60271.00,269.00,224.00
2012/13,10.00,745800.00,4.00,3.00,512384.00,380197.00,916.00,415.00
2012/13,10.00,745830.00,7.00,7.00,1172018.00,847145.00,2008.00,421.00
2012/13,10.00,755830.00,1.00,1.00,2157.00,1540.00,5.00,308.00
2012/13,11.00,675600.00,2.00,2.00,20220.00,14441.00,85.00,169.00
2012/13,11.00,675630.00,1.00,1.00,6957.00,4969.00,22.00,225.00
2012/13,11.00,685600.00,7.00,10.00,322040.00,228341.00,1366.00,167.00
2012/13,11.00,685630.00,8.00,11.00,987962.00,693915.00,3632.00,191.00
2012/13,11.00,715630.00,1.00,1.00,25914.00,18122.00,139.00,130.00
2012/13,11.00,715700.00,1.00,1.00,103804.00,75770.00,573.00,132.00
2012/13,11.00,725630.00,2.00,2.00,28868.00,20811.00,123.00,169.00
2012/13,11.00,725700.00,1.00,1.00,1093.00,797.00,5.00,159.00
2012/13,11.00,725730.00,1.00,1.00,7963.00,5987.00,18.00,332.00
2012/13,11.00,735700.00,2.00,1.00,3174.00,2471.00,30.00,82.00
2012/13,11.00,735730.00,3.00,3.00,58080.00,43634.00,148.00,294.00
2012/13,11.00,735800.00,5.00,5.00,200893.00,150829.00,589.00,256.00
2012/13,11.00,735830.00,6.00,7.00,221065.00,163177.00,689.00,236.00
2012/13,11.00,745800.00,5.00,4.00,49670.00,37318.00,195.00,191.00
2012/13,11.00,745830.00,8.00,13.00,1551954.00,1140051.00,2938.00,388.00
2012/13,11.00,755830.00,4.00,4.00,229210.00,167597.00,340.00,492.00
2012/13,12.00,675600.00,2.00,3.00,35511.00,25118.00,262.00,95.00
2012/13,12.00,675630.00,3.00,3.00,12668.00,9022.00,81.00,111.00
2012/13,12.00,685600.00,3.00,6.00,98535.00,70359.00,676.00,104.00
2012/13,12.00,685630.00,5.00,9.00,557608.00,396247.00,2176.00,182.00
2012/13,12.00,715630.00,5.00,5.00,72544.00,50376.00,272.00,185.00
2012/13,12.00,715700.00,2.00,2.00,85669.00,61403.00,419.00,146.00
2012/13,12.00,715730.00,1.00,1.00,4645.00,3415.00,29.00,117.00
2012/13,12.00,725630.00,2.00,2.00,8255.00,5943.00,233.00,25.00
2012/13,12.00,725700.00,2.00,3.00,79813.00,56530.00,437.00,129.00
2012/13,12.00,725730.00,1.00,1.00,10701.00,7869.00,70.00,112.00
2012/13,12.00,735700.00,1.00,1.00,7399.00,5285.00,96.00,55.00
2012/13,12.00,735730.00,2.00,2.00,6415.00,4511.00,76.00,59.00
2012/13,12.00,735800.00,2.00,2.00,39717.00,28680.00,127.00,225.00
2012/13,12.00,745800.00,4.00,5.00,250826.00,183926.00,1032.00,178.00
2012/13,12.00,745830.00,8.00,11.00,1319469.00,953687.00,2706.00,352.00
2012/13,12.00,765830.00,2.00,2.00,223.00,157.00,26.00,6.00
2012/13,12.00,765900.00,1.00,1.00,0.00,0.00,38.00,0.00
2012/13,12.00,775830.00,3.00,3.00,305.00,222.00,57.00,3.00
2012/13,12.00,775900.00,2.00,2.00,36387.00,24803.00,203.00,122.00
2012/13,12.00,785930.00,1.00,1.00,75745.00,54104.00,236.00,229.00
2012/13,13.00,665600.00,1.00,1.00,94.00,64.00,45.00,1.00
2012/13,13.00,675600.00,2.00,2.00,6100.00,4234.00,180.00,23.00
2012/13,13.00,675630.00,3.00,3.00,19265.00,14140.00,161.00,87.00
2012/13,13.00,685600.00,2.00,2.00,1249.00,932.00,73.00,12.00
2012/13,13.00,685630.00,3.00,3.00,176009.00,125938.00,979.00,128.00
2012/13,13.00,705600.00,1.00,1.00,977.00,683.00,19.00,35.00
2012/13,13.00,705630.00,1.00,1.00,1655.00,1157.00,16.00,72.00
2012/13,13.00,715600.00,1.00,1.00,0.00,0.00,31.00,0.00
2012/13,13.00,715630.00,4.00,4.00,477224.00,342650.00,1465.00,233.00
2012/13,13.00,715830.00,1.00,1.00,44549.00,29699.00,106.00,280.00
2012/13,13.00,715900.00,1.00,1.00,89097.00,59397.00,212.00,280.00
2012/13,13.00,735730.00,2.00,2.00,3086.00,2344.00,95.00,24.00
2012/13,13.00,735800.00,2.00,1.00,51320.00,38986.00,114.00,341.00
2012/13,13.00,745800.00,1.00,1.00,15862.00,11926.00,86.00,138.00
2012/13,13.00,745830.00,4.00,5.00,246670.00,184551.00,583.00,316.00
2012/13,13.00,755830.00,1.00,1.00,11317.00,8026.00,53.00,151.00
2012/13,13.00,765830.00,1.00,1.00,1421.00,1008.00,161.00,6.00
2012/13,13.00,775830.00,1.00,1.00,225.00,160.00,106.00,1.00
2012/13,14.00,705600.00,1.00,1.00,28.00,20.00,52.00,0.00
2012/13,14.00,715600.00,1.00,1.00,72.00,51.00,27.00,1.00
2012/13,14.00,715630.00,4.00,3.00,319972.00,225707.00,1425.00,158.00
2012/13,14.00,715700.00,2.00,2.00,9918.00,7444.00,37.00,201.00
2012/13,14.00,725630.00,3.00,2.00,,,50.00,
2012/13,14.00,725700.00,2.00,2.00,340773.00,256911.00,823.00,312.00
2012/13,14.00,725730.00,1.00,1.00,22726.00,16960.00,98.00,173.00
2012/13,14.00,735800.00,1.00,1.00,50967.00,38035.00,213.00,178.00
2012/13,14.00,745800.00,2.00,2.00,18373.00,13058.00,102.00,128.00
2012/13,14.00,745830.00,3.00,3.00,86668.00,63026.00,481.00,131.00
2012/13,15.00,685600.00,1.00,1.00,1139.00,844.00,24.00,35.00
2012/13,15.00,685630.00,1.00,1.00,27320.00,20236.00,279.00,72.00
2012/13,15.00,715630.00,2.00,3.00,292245.00,212948.00,1147.00,185.00
2012/13,15.00,715700.00,1.00,1.00,120910.00,80606.00,649.00,124.00
2012/13,15.00,725700.00,1.00,1.00,76798.00,57743.00,296.00,195.00
2012/13,15.00,735800.00,2.00,3.00,304907.00,226158.00,1266.00,178.00
2012/13,15.00,745800.00,1.00,1.00,4905.00,3660.00,69.00,53.00
2012/13,15.00,775930.00,1.00,1.00,32451.00,24218.00,136.00,178.00
2012/13,15.00,776000.00,1.00,2.00,2021.00,1519.00,85.00,17.00
2012/13,15.00,776030.00,1.00,1.00,400.00,299.00,15.00,19.00
2012/13,15.00,785930.00,1.00,1.00,84759.00,63253.00,250.00,253.00
2012/13,15.00,786000.00,2.00,3.00,150837.00,106421.00,707.00,150.00
2012/13,15.00,786030.00,1.00,1.00,445.00,331.00,12.00,27.00
2012/13,16.00,715600.00,1.00,1.00,,,10.00,
2012/13,16.00,715630.00,2.00,2.00,8153.00,6185.00,298.00,20.00
2012/13,16.00,715700.00,3.00,3.00,27772.00,20442.00,238.00,85.00
2012/13,16.00,725700.00,4.00,4.00,136970.00,101555.00,884.00,114.00
2012/13,16.00,735730.00,1.00,1.00,,,10.00,
2012/13,16.00,735800.00,2.00,2.00,38389.00,30076.00,262.00,114.00
2012/13,16.00,745830.00,2.00,3.00,19565.00,13141.00,173.00,75.00
2012/13,16.00,775930.00,1.00,2.00,6129.00,4466.00,138.00,32.00
2012/13,16.00,776000.00,2.00,2.00,1023.00,813.00,43.00,18.00
2012/13,16.00,776030.00,1.00,1.00,45.00,36.00,5.00,7.00
2012/13,16.00,785930.00,3.00,3.00,417880.00,297237.00,1927.00,154.00
2012/13,16.00,786000.00,4.00,5.00,124652.00,95130.00,538.00,176.00
2012/13,16.00,786030.00,2.00,3.00,1617.00,1246.00,59.00,21.00
2012/13,17.00,715630.00,2.00,2.00,2605.00,1942.00,174.00,11.00
2012/13,17.00,725630.00,1.00,1.00,,,3.00,
2012/13,17.00,725700.00,2.00,2.00,81082.00,59090.00,818.00,72.00
2012/13,17.00,735700.00,1.00,1.00,114.00,86.00,12.00,7.00
2012/13,17.00,735730.00,1.00,1.00,0.00,0.00,34.00,0.00
2012/13,17.00,735800.00,2.00,2.00,51798.00,38684.00,526.00,73.00
2012/13,17.00,745800.00,2.00,2.00,0.00,0.00,83.00,0.00
2012/13,17.00,745830.00,1.00,1.00,241.00,178.00,49.00,3.00
2012/13,19.00,705600.00,1.00,1.00,189.00,126.00,103.00,1.00
2012/13,19.00,715700.00,1.00,1.00,194126.00,147065.00,1134.00,129.00
2012/13,19.00,725630.00,1.00,1.00,,,50.00,
2012/13,19.00,725700.00,1.00,1.00,0.00,0.00,7.00,0.00
2012/13,19.00,725730.00,1.00,1.00,3637.00,2714.00,81.00,33.00
2012/13,19.00,725800.00,1.00,1.00,13639.00,10179.00,160.00,63.00
2012/13,19.00,725830.00,1.00,1.00,63.00,42.00,28.00,1.00
2012/13,19.00,735630.00,1.00,1.00,,,10.00,
2012/13,19.00,735700.00,1.00,3.00,25633.00,17089.00,191.00,89.00
2012/13,19.00,735730.00,2.00,4.00,188454.00,125708.00,998.00,125.00
2012/13,19.00,735800.00,2.00,3.00,164809.00,115664.00,885.00,130.00
2012/13,19.00,735830.00,1.00,3.00,14213.00,9476.00,72.00,131.00
2012/13,19.00,735930.00,1.00,1.00,2531.00,1687.00,4.00,421.00
2012/13,19.00,745830.00,1.00,2.00,431640.00,287759.00,1837.00,156.00
2012/13,19.00,745900.00,1.00,1.00,17909.00,11939.00,96.00,124.00
2012/13,19.00,755900.00,1.00,1.00,0.00,0.00,9.00,0.00
2012/13,19.00,765900.00,1.00,2.00,3755.00,2503.00,71.00,35.00
2012/13,19.00,765930.00,1.00,3.00,9840.00,6561.00,160.00,41.00
2012/13,19.00,766000.00,1.00,2.00,26579.00,17719.00,172.00,103.00
2012/13,19.00,766030.00,1.00,1.00,0.00,0.00,23.00,0.00
2012/13,19.00,766100.00,1.00,1.00,0.00,0.00,15.00,0.00
2012/13,19.00,775930.00,1.00,2.00,144.00,96.00,26.00,3.00
2012/13,19.00,776030.00,1.00,1.00,0.00,0.00,22.00,0.00
2012/13,19.00,776100.00,1.00,1.00,0.00,0.00,15.00,0.00
2012/13,19.00,785930.00,1.00,1.00,4.00,3.00,25.00,0.00
2012/13,20.00,685600.00,1.00,1.00,,,104.00,
2012/13,20.00,735730.00,1.00,1.00,879.00,623.00,63.00,9.00
2012/13,20.00,735800.00,1.00,1.00,329.00,234.00,50.00,4.00
2012/13,20.00,735830.00,1.00,1.00,66218.00,46963.00,341.00,137.00
2012/13,20.00,745800.00,1.00,1.00,0.00,0.00,16.00,0.00
2012/13,20.00,745830.00,1.00,1.00,158925.00,112713.00,591.00,190.00
2012/13,20.00,745900.00,1.00,1.00,45515.00,32281.00,265.00,121.00
2012/13,20.00,756000.00,1.00,1.00,0.00,0.00,51.00,0.00
2012/13,20.00,766000.00,1.00,1.00,0.00,0.00,31.00,0.00
2012/13,22.00,735730.00,1.00,1.00,46452.00,33906.00,120.00,282.00
2012/13,22.00,735800.00,1.00,1.00,94312.00,68841.00,267.00,257.00
2012/13,46.00,725700.00,1.00,1.00,79339.00,59654.00,199.00,299.00
2012/13,46.00,725730.00,1.00,1.00,6899.00,5187.00,21.00,247.00
2012/13,46.00,735700.00,1.00,1.00,3450.00,2593.00,12.00,216.00
2012/13,46.00,735730.00,1.00,1.00,82788.00,62247.00,254.00,245.00
2012/13,48.00,725700.00,1.00,1.00,19983.00,14913.00,54.00,276.00
2012/13,48.00,725730.00,1.00,1.00,90834.00,67787.00,302.00,224.00
2012/13,48.00,735730.00,1.00,1.00,65400.00,48805.00,220.00,221.00
2012/13,48.00,735800.00,1.00,1.00,5450.00,4067.00,17.00,239.00
2012/13,50.00,725730.00,2.00,1.00,,,10.00,
2012/13,50.00,735730.00,2.00,1.00,189181.00,139103.00,361.00,385.00
2012/13,52.00,725630.00,2.00,2.00,205383.00,138915.00,340.00,408.00
2012/13,52.00,725700.00,1.00,1.00,121074.00,93133.00,282.00,330.00
2012/13,52.00,725730.00,1.00,1.00,68139.00,52414.00,116.00,451.00
2012/13,52.00,735630.00,1.00,1.00,763.00,587.00,13.00,45.00
2012/13,52.00,735700.00,1.00,1.00,607.00,468.00,2.00,234.00
2012/13,52.00,735730.00,2.00,2.00,224667.00,151856.00,483.00,314.00
2012/13,52.00,735800.00,1.00,1.00,70264.00,47157.00,170.00,277.00
2012/13,52.00,745800.00,1.00,1.00,8783.00,5895.00,21.00,280.00
2012/13,53.00,715600.00,1.00,1.00,462.00,351.00,7.00,50.00
2012/13,53.00,715630.00,3.00,4.00,706455.00,526695.00,1814.00,290.00
2012/13,53.00,715700.00,1.00,2.00,55281.00,39433.00,243.00,162.00
2012/13,53.00,725630.00,3.00,4.00,242598.00,173496.00,835.00,207.00
2012/13,53.00,725700.00,1.00,2.00,50460.00,35601.00,170.00,209.00
2013/14,1.00,715600.00,1.00,1.00,1739.00,1369.00,10.00,136.00
2013/14,1.00,715630.00,7.00,14.00,1393644.00,1049352.00,4611.00,227.00
2013/14,1.00,715700.00,1.00,1.00,2205.00,1634.00,10.00,163.00
2013/14,1.00,725630.00,5.00,10.00,999418.00,750588.00,2780.00,269.00
2013/14,1.00,725700.00,3.00,3.00,67998.00,55310.00,334.00,165.00
2013/14,1.00,725730.00,1.00,1.00,14184.00,11168.00,85.00,131.00
2013/14,1.00,725800.00,1.00,1.00,1773.00,1396.00,12.00,116.00
2013/14,1.00,735700.00,2.00,3.00,108969.00,89129.00,350.00,254.00
2013/14,1.00,735730.00,2.00,3.00,81557.00,64798.00,450.00,143.00
2013/14,1.00,735800.00,2.00,5.00,201800.00,166443.00,1099.00,151.00
2013/14,1.00,735830.00,1.00,1.00,18277.00,15359.00,56.00,274.00
2013/14,1.00,745800.00,2.00,5.00,273652.00,225914.00,1142.00,197.00
2013/14,1.00,745830.00,2.00,2.00,142489.00,119232.00,594.00,200.00
2013/14,1.00,755830.00,1.00,1.00,1134.00,937.00,15.00,62.00
2013/14,2.00,675530.00,1.00,1.00,197.00,149.00,11.00,13.00
2013/14,2.00,675600.00,1.00,1.00,95.00,72.00,10.00,7.00
2013/14,2.00,675630.00,1.00,1.00,,,3.00,
2013/14,2.00,685600.00,1.00,1.00,3053.00,2313.00,23.00,100.00
2013/14,2.00,705600.00,2.00,2.00,14947.00,11238.00,62.00,181.00
2013/14,2.00,705630.00,1.00,1.00,1486.00,1084.00,6.00,180.00
2013/14,2.00,715600.00,1.00,1.00,3733.00,2807.00,12.00,233.00
2013/14,2.00,715630.00,6.00,13.00,1185112.00,912545.00,4196.00,217.00
2013/14,2.00,715700.00,3.00,4.00,107249.00,84451.00,425.00,198.00
2013/14,2.00,725630.00,6.00,12.00,1623507.00,1253689.00,4733.00,264.00
2013/14,2.00,725700.00,4.00,3.00,127316.00,107792.00,337.00,319.00
2013/14,2.00,725730.00,1.00,1.00,8851.00,7376.00,25.00,295.00
2013/14,2.00,725800.00,1.00,1.00,733.00,555.00,15.00,37.00
2013/14,2.00,735730.00,1.00,1.00,31057.00,23528.00,165.00,142.00
2013/14,2.00,735800.00,1.00,1.00,68023.00,51533.00,388.00,132.00
2013/14,2.00,735830.00,1.00,1.00,3976.00,3182.00,22.00,144.00
2013/14,2.00,735900.00,1.00,1.00,1218.00,974.00,26.00,37.00
2013/14,2.00,745800.00,1.00,1.00,17163.00,13003.00,80.00,162.00
2013/14,2.00,745830.00,1.00,2.00,211035.00,164150.00,979.00,167.00
2013/14,2.00,745900.00,1.00,1.00,772.00,618.00,16.00,38.00
2013/14,2.00,755800.00,1.00,1.00,,,14.00,
2013/14,2.00,755830.00,1.00,1.00,129850.00,91443.00,495.00,184.00
2013/14,3.00,705630.00,1.00,1.00,7758.00,5877.00,48.00,122.00
2013/14,3.00,715630.00,8.00,12.00,1037080.00,792202.00,4115.00,192.00
2013/14,3.00,715700.00,3.00,2.00,34806.00,27266.00,151.00,180.00
2013/14,3.00,715730.00,1.00,1.00,3879.00,2939.00,16.00,183.00
2013/14,3.00,725600.00,2.00,2.00,5630.00,4428.00,17.00,260.00
2013/14,3.00,725630.00,8.00,16.00,1542665.00,1183254.00,5699.00,207.00
2013/14,3.00,725700.00,8.00,11.00,533020.00,418656.00,2050.00,204.00
2013/14,3.00,725730.00,1.00,2.00,18501.00,14267.00,103.00,138.00
2013/14,3.00,725800.00,1.00,2.00,19810.00,15314.00,120.00,127.00
2013/14,3.00,735630.00,2.00,2.00,2188.00,1690.00,7.00,241.00
2013/14,3.00,735700.00,5.00,6.00,533988.00,426756.00,2361.00,180.00
2013/14,3.00,735730.00,3.00,3.00,69085.00,55234.00,278.00,198.00
2013/14,3.00,735800.00,5.00,5.00,93070.00,73596.00,571.00,128.00
2013/14,3.00,735830.00,2.00,1.00,245.00,185.00,22.00,8.00
2013/14,3.00,745800.00,5.00,4.00,126651.00,100973.00,825.00,122.00
2013/14,3.00,745830.00,4.00,2.00,72614.00,58957.00,559.00,105.00
2013/14,3.00,765930.00,2.00,1.00,39.00,29.00,9.00,3.00
2013/14,3.00,775930.00,2.00,1.00,375965.00,284822.00,904.00,315.00
2013/14,4.00,705600.00,1.00,1.00,263.00,193.00,100.00,1.00
2013/14,4.00,705630.00,1.00,1.00,6001.00,4349.00,21.00,207.00
2013/14,4.00,715600.00,1.00,1.00,855.00,619.00,5.00,123.00
2013/14,4.00,715630.00,7.00,14.00,1586094.00,1184712.00,5554.00,213.00
2013/14,4.00,715700.00,4.00,5.00,216747.00,167780.00,767.00,218.00
2013/14,4.00,725630.00,9.00,17.00,841693.00,658657.00,3914.00,168.00
2013/14,4.00,725700.00,8.00,13.00,544425.00,426807.00,2122.00,201.00
2013/14,4.00,725730.00,5.00,7.00,187500.00,143895.00,537.00,267.00
2013/14,4.00,735630.00,4.00,4.00,180909.00,147780.00,780.00,189.00
2013/14,4.00,735700.00,5.00,6.00,542634.00,443085.00,2128.00,208.00
2013/14,4.00,735730.00,6.00,7.00,484180.00,384003.00,1942.00,197.00
2013/14,4.00,735800.00,3.00,3.00,35446.00,28464.00,144.00,197.00
2013/14,4.00,745800.00,1.00,1.00,6530.00,5309.00,31.00,171.00
2013/14,4.00,745830.00,1.00,1.00,8827.00,7235.00,140.00,51.00
2013/14,4.00,755830.00,1.00,1.00,6831.00,5553.00,71.00,78.00
2013/14,5.00,665530.00,2.00,2.00,1361.00,1053.00,30.00,35.00
2013/14,5.00,665600.00,2.00,2.00,4811.00,3595.00,123.00,29.00
2013/14,5.00,675530.00,2.00,2.00,758.00,574.00,5.00,114.00
2013/14,5.00,675600.00,6.00,8.00,102848.00,76689.00,588.00,130.00
2013/14,5.00,685530.00,1.00,2.00,26892.00,20032.00,170.00,117.00
2013/14,5.00,685600.00,6.00,12.00,826086.00,612251.00,3322.00,184.00
2013/14,5.00,685630.00,4.00,6.00,48925.00,36818.00,199.00,185.00
2013/14,5.00,715600.00,1.00,1.00,40333.00,29876.00,200.00,149.00
2013/14,5.00,715630.00,5.00,7.00,843870.00,610955.00,2983.00,204.00
2013/14,5.00,715700.00,5.00,6.00,468684.00,358364.00,1762.00,203.00
2013/14,5.00,715730.00,1.00,1.00,201.00,152.00,12.00,12.00
2013/14,5.00,715800.00,1.00,1.00,124.00,100.00,1.00,100.00
2013/14,5.00,725630.00,3.00,5.00,37194.00,28762.00,247.00,116.00
2013/14,5.00,725700.00,7.00,12.00,1202685.00,935556.00,4777.00,195.00
2013/14,5.00,725730.00,5.00,5.00,539559.00,426513.00,2043.00,208.00
2013/14,5.00,735630.00,1.00,1.00,2824.00,2296.00,35.00,65.00
2013/14,5.00,735700.00,5.00,6.00,376048.00,306226.00,1872.00,163.00
2013/14,5.00,735730.00,5.00,4.00,241886.00,202489.00,1005.00,201.00
2013/14,5.00,735830.00,1.00,1.00,7840.00,6077.00,111.00,54.00
2013/14,5.00,745800.00,1.00,1.00,20811.00,16783.00,222.00,75.00
2013/14,5.00,745830.00,2.00,2.00,10958.00,8475.00,172.00,49.00
2013/14,5.00,745900.00,1.00,1.00,1098.00,851.00,24.00,35.00
2013/14,5.00,755830.00,1.00,1.00,210337.00,147089.00,813.00,180.00
2013/14,5.00,765900.00,1.00,1.00,2450.00,1899.00,87.00,21.00
2013/14,5.00,765930.00,1.00,1.00,4056.00,3144.00,41.00,76.00
2013/14,5.00,775900.00,1.00,1.00,,,12.00,
2013/14,5.00,775930.00,2.00,2.00,303525.00,228319.00,1004.00,227.00
2013/14,5.00,776000.00,1.00,1.00,4144.00,3213.00,63.00,51.00
2013/14,5.00,776030.00,1.00,1.00,2963.00,2297.00,36.00,63.00
2013/14,6.00,675500.00,1.00,2.00,12.00,8.00,17.00,0.00
2013/14,6.00,675530.00,2.00,3.00,11743.00,8783.00,97.00,90.00
2013/14,6.00,675600.00,5.00,9.00,294624.00,215361.00,1477.00,145.00
2013/14,6.00,675630.00,1.00,1.00,814.00,626.00,4.00,156.00
2013/14,6.00,685530.00,2.00,2.00,10844.00,7950.00,72.00,110.00
2013/14,6.00,685600.00,6.00,11.00,684303.00,506163.00,2934.00,172.00
2013/14,6.00,685630.00,3.00,3.00,29057.00,21901.00,119.00,184.00
2013/14,6.00,705630.00,2.00,2.00,66012.00,44420.00,588.00,75.00
2013/14,6.00,715600.00,1.00,2.00,9874.00,7427.00,37.00,200.00
2013/14,6.00,715630.00,6.00,9.00,847446.00,629878.00,4004.00,157.00
2013/14,6.00,715700.00,7.00,11.00,857482.00,664050.00,2867.00,231.00
2013/14,6.00,715730.00,3.00,3.00,10769.00,8412.00,39.00,215.00
2013/14,6.00,725630.00,5.00,5.00,90859.00,71877.00,524.00,137.00
2013/14,6.00,725700.00,7.00,12.00,1150973.00,905722.00,3965.00,228.00
2013/14,6.00,725730.00,7.00,10.00,698443.00,574638.00,3045.00,188.00
2013/14,6.00,735700.00,6.00,4.00,134417.00,114282.00,814.00,140.00
2013/14,6.00,735730.00,6.00,6.00,454005.00,385185.00,1897.00,203.00
2013/14,7.00,665530.00,1.00,1.00,0.00,0.00,3.00,0.00
2013/14,7.00,665600.00,1.00,1.00,32.00,25.00,605.00,0.00
2013/14,7.00,675500.00,1.00,1.00,93.00,70.00,8.00,8.00
2013/14,7.00,675530.00,2.00,2.00,1556.00,1169.00,73.00,16.00
2013/14,7.00,675600.00,9.00,10.00,321933.00,247508.00,1837.00,134.00
2013/14,7.00,685530.00,1.00,1.00,444.00,341.00,2.00,170.00
2013/14,7.00,685600.00,8.00,12.00,537063.00,421875.00,2691.00,156.00
2013/14,7.00,685630.00,6.00,7.00,117369.00,94676.00,519.00,182.00
2013/14,7.00,705630.00,3.00,3.00,145191.00,103095.00,610.00,169.00
2013/14,7.00,715630.00,4.00,7.00,383644.00,277510.00,1775.00,156.00
2013/14,7.00,715700.00,7.00,14.00,920877.00,676970.00,4365.00,155.00
2013/14,7.00,715730.00,5.00,4.00,42173.00,32701.00,356.00,91.00
2013/14,7.00,725600.00,1.00,1.00,0.00,0.00,13.00,0.00
2013/14,7.00,725630.00,2.00,3.00,66848.00,53448.00,539.00,99.00
2013/14,7.00,725700.00,7.00,16.00,983001.00,777353.00,5268.00,147.00
2013/14,7.00,725730.00,9.00,12.00,288822.00,231008.00,1542.00,149.00
2013/14,7.00,735700.00,5.00,4.00,54739.00,43887.00,376.00,116.00
2013/14,7.00,735730.00,7.00,6.00,752640.00,627998.00,4090.00,153.00
2013/14,7.00,735800.00,2.00,1.00,68924.00,55585.00,304.00,182.00
2013/14,8.00,675530.00,3.00,4.00,90756.00,70554.00,408.00,172.00
2013/14,8.00,675600.00,5.00,6.00,672773.00,519069.00,2579.00,201.00
2013/14,8.00,685530.00,2.00,1.00,5654.00,4009.00,30.00,133.00
2013/14,8.00,685600.00,7.00,8.00,360984.00,287036.00,1894.00,151.00
2013/14,8.00,685630.00,4.00,4.00,172091.00,135150.00,864.00,156.00
2013/14,8.00,705630.00,3.00,5.00,319932.00,233379.00,1363.00,171.00
2013/14,8.00,715600.00,1.00,1.00,305.00,219.00,6.00,36.00
2013/14,8.00,715630.00,7.00,9.00,508187.00,383169.00,2818.00,135.00
2013/14,8.00,715700.00,7.00,10.00,387398.00,286286.00,1980.00,144.00
2013/14,8.00,715730.00,1.00,1.00,26152.00,20117.00,150.00,134.00
2013/14,8.00,725630.00,1.00,1.00,9296.00,7946.00,81.00,98.00
2013/14,8.00,725700.00,7.00,10.00,802799.00,641043.00,4371.00,146.00
2013/14,8.00,725730.00,4.00,5.00,312277.00,243760.00,2016.00,120.00
2013/14,8.00,735700.00,2.00,2.00,174228.00,154741.00,904.00,171.00
2013/14,8.00,735730.00,3.00,3.00,149190.00,134449.00,770.00,174.00
2013/14,8.00,735800.00,1.00,1.00,127686.00,98220.00,450.00,218.00
2013/14,8.00,755830.00,2.00,1.00,286112.00,203191.00,1036.00,196.00
2013/14,8.00,755900.00,2.00,1.00,2.00,2.00,14.00,0.00
2013/14,8.00,765830.00,2.00,1.00,957.00,681.00,43.00,15.00
2013/14,8.00,765900.00,2.00,1.00,13.00,9.00,30.00,0.00
2013/14,9.00,665600.00,1.00,1.00,3538.00,2093.00,1030.00,2.00
2013/14,9.00,675530.00,1.00,2.00,37226.00,28476.00,192.00,148.00
2013/14,9.00,675600.00,2.00,3.00,240362.00,194964.00,1135.00,171.00
2013/14,9.00,685600.00,2.00,2.00,30951.00,25269.00,199.00,126.00
2013/14,9.00,685630.00,2.00,2.00,66667.00,53201.00,266.00,200.00
2013/14,9.00,705600.00,4.00,1.00,3.00,3.00,9.00,0.00
2013/14,9.00,705630.00,4.00,2.00,113165.00,76584.00,723.00,105.00
2013/14,9.00,715600.00,2.00,1.00,,,3.00,
2013/14,9.00,715630.00,5.00,5.00,629656.00,463058.00,2569.00,180.00
2013/14,9.00,715700.00,2.00,4.00,154392.00,116421.00,882.00,131.00
2013/14,9.00,715730.00,1.00,1.00,11304.00,8312.00,102.00,81.00
2013/14,9.00,725700.00,3.00,5.00,507500.00,400937.00,2513.00,159.00
2013/14,9.00,725730.00,3.00,5.00,360837.00,291899.00,1483.00,196.00
2013/14,9.00,725800.00,2.00,2.00,1010.00,764.00,18.00,42.00
2013/14,9.00,735700.00,1.00,1.00,924.00,679.00,6.00,113.00
2013/14,9.00,735730.00,6.00,7.00,305575.00,253784.00,1801.00,140.00
2013/14,9.00,735800.00,4.00,5.00,689452.00,578189.00,2976.00,194.00
2013/14,10.00,665600.00,1.00,1.00,1171.00,908.00,635.00,1.00
2013/14,10.00,675530.00,1.00,1.00,20691.00,16822.00,108.00,155.00
2013/14,10.00,675600.00,4.00,5.00,565651.00,456206.00,2503.00,182.00
2013/14,10.00,685600.00,4.00,6.00,137677.00,112010.00,1079.00,103.00
2013/14,10.00,685630.00,1.00,1.00,8.00,6.00,10.00,0.00
2013/14,10.00,705630.00,2.00,2.00,63222.00,46726.00,232.00,201.00
2013/14,10.00,715630.00,5.00,6.00,348730.00,273946.00,1405.00,194.00
2013/14,10.00,715700.00,4.00,5.00,73521.00,58228.00,433.00,134.00
2013/14,10.00,715730.00,1.00,1.00,18201.00,14797.00,76.00,194.00
2013/14,10.00,725700.00,6.00,9.00,1059781.00,876268.00,5053.00,173.00
2013/14,10.00,725730.00,2.00,5.00,284160.00,220093.00,1465.00,150.00
2013/14,10.00,735700.00,2.00,2.00,147133.00,130062.00,754.00,172.00
2013/14,10.00,735730.00,2.00,2.00,58252.00,51392.00,241.00,213.00
2013/14,10.00,735800.00,2.00,2.00,140141.00,110993.00,825.00,134.00
2013/14,11.00,665600.00,1.00,1.00,9.00,7.00,798.00,0.00
2013/14,11.00,675600.00,2.00,2.00,100028.00,82668.00,1610.00,51.00
2013/14,11.00,685600.00,2.00,2.00,13548.00,11196.00,154.00,72.00
2013/14,11.00,715630.00,5.00,5.00,530213.00,408831.00,2028.00,201.00
2013/14,11.00,715700.00,1.00,1.00,1680.00,1217.00,8.00,152.00
2013/14,11.00,725700.00,2.00,2.00,54427.00,44237.00,295.00,149.00
2013/14,11.00,725730.00,2.00,2.00,340249.00,261104.00,1320.00,197.00
2013/14,11.00,735700.00,3.00,2.00,14766.00,11167.00,94.00,118.00
2013/14,11.00,735730.00,1.00,1.00,72512.00,61451.00,399.00,154.00
2013/14,11.00,735800.00,1.00,1.00,87855.00,74454.00,537.00,138.00
2013/14,11.00,755830.00,1.00,1.00,119694.00,84889.00,385.00,220.00
2013/14,12.00,675600.00,2.00,2.00,148182.00,122464.00,1705.00,71.00
2013/14,12.00,685600.00,2.00,2.00,6539.00,5403.00,688.00,7.00
2013/14,12.00,695600.00,1.00,1.00,17.00,13.00,633.00,0.00
2013/14,12.00,705630.00,1.00,1.00,3321.00,2536.00,25.00,101.00
2013/14,12.00,715630.00,4.00,6.00,750258.00,580645.00,3458.00,167.00
2013/14,12.00,715700.00,3.00,3.00,102389.00,81176.00,481.00,168.00
2013/14,12.00,725630.00,3.00,3.00,39447.00,32015.00,403.00,79.00
2013/14,12.00,725700.00,2.00,2.00,32745.00,26042.00,219.00,118.00
2013/14,12.00,725730.00,3.00,3.00,204825.00,163590.00,1209.00,135.00
2013/14,12.00,735630.00,1.00,1.00,518.00,396.00,50.00,7.00
2013/14,12.00,735700.00,2.00,2.00,17670.00,13644.00,178.00,76.00
2013/14,12.00,735730.00,2.00,2.00,139071.00,116769.00,990.00,117.00
2013/14,12.00,735800.00,2.00,1.00,258692.00,212044.00,1032.00,205.00
2013/14,13.00,705630.00,2.00,1.00,11670.00,9117.00,73.00,124.00
2013/14,13.00,715600.00,1.00,1.00,3127.00,2502.00,14.00,178.00
2013/14,13.00,715630.00,4.00,3.00,208702.00,165374.00,1234.00,134.00
2013/14,13.00,715700.00,1.00,1.00,178246.00,142596.00,671.00,212.00
2013/14,13.00,725700.00,1.00,1.00,50034.00,40026.00,191.00,209.00
2013/14,13.00,725730.00,2.00,2.00,143183.00,119071.00,886.00,134.00
2013/14,13.00,735730.00,1.00,1.00,48508.00,41109.00,359.00,114.00
2013/14,14.00,665600.00,1.00,1.00,4792.00,3833.00,183.00,20.00
2013/14,14.00,675530.00,1.00,1.00,,,49.00,
2013/14,14.00,675600.00,1.00,1.00,11290.00,9032.00,126.00,71.00
2013/14,14.00,685600.00,2.00,2.00,8999.00,6888.00,84.00,82.00
2013/14,14.00,685630.00,2.00,2.00,236608.00,188305.00,658.00,286.00
2013/14,14.00,715600.00,1.00,1.00,1672.00,1277.00,42.00,30.00
2013/14,14.00,715630.00,3.00,3.00,160653.00,126861.00,942.00,134.00
2013/14,14.00,715700.00,2.00,2.00,14453.00,11586.00,188.00,61.00
2013/14,14.00,715730.00,1.00,1.00,777.00,663.00,16.00,41.00
2013/14,14.00,725700.00,2.00,2.00,20371.00,16545.00,239.00,69.00
2013/14,14.00,725730.00,2.00,2.00,34829.00,29004.00,249.00,116.00
2013/14,15.00,715630.00,1.00,1.00,31086.00,24477.00,398.00,61.00
2013/14,15.00,715700.00,3.00,3.00,213154.00,166685.00,1356.00,122.00
2013/14,15.00,715730.00,1.00,1.00,22182.00,17063.00,141.00,121.00
2013/14,15.00,725700.00,3.00,3.00,92715.00,74881.00,697.00,107.00
2013/14,16.00,685630.00,2.00,2.00,106984.00,81031.00,262.00,309.00
2013/14,16.00,715600.00,1.00,1.00,963.00,747.00,12.00,62.00
2013/14,16.00,715700.00,1.00,1.00,8755.00,6787.00,140.00,48.00
2013/14,16.00,725700.00,1.00,1.00,37313.00,28925.00,398.00,72.00
2013/14,17.00,685630.00,1.00,1.00,41199.00,32959.00,240.00,137.00
2013/14,17.00,715700.00,2.00,2.00,60731.00,46041.00,381.00,120.00
2013/14,17.00,725700.00,1.00,1.00,3165.00,2532.00,107.00,23.00
2013/14,18.00,685600.00,1.00,1.00,28801.00,22501.00,75.00,300.00
2013/14,18.00,685630.00,1.00,1.00,90124.00,70409.00,317.00,222.00
2013/14,42.00,735800.00,1.00,1.00,5769.00,4438.00,41.00,108.00
2013/14,42.00,745800.00,1.00,1.00,49406.00,38004.00,231.00,164.00
2013/14,44.00,725700.00,1.00,1.00,16371.00,12891.00,60.00,214.00
2013/14,44.00,725730.00,1.00,1.00,12734.00,10026.00,40.00,250.00
2013/14,44.00,735730.00,1.00,1.00,23647.00,18620.00,150.00,124.00
2013/14,44.00,735800.00,1.00,1.00,7882.00,6206.00,20.00,310.00
2013/14,44.00,745800.00,2.00,1.00,53550.00,46348.00,203.00,228.00
2013/14,44.00,745830.00,2.00,1.00,73708.00,64184.00,203.00,316.00
2013/14,48.00,705630.00,1.00,1.00,1819.00,1399.00,83.00,16.00
2013/14,48.00,715630.00,1.00,1.00,87312.00,67163.00,293.00,229.00
2013/14,48.00,715700.00,1.00,1.00,92768.00,71360.00,256.00,278.00
2013/14,49.00,715630.00,1.00,1.00,47157.00,35456.00,187.00,189.00
2013/14,49.00,725630.00,1.00,3.00,457507.00,349532.00,782.00,446.00
2013/14,49.00,725700.00,1.00,1.00,206124.00,162303.00,620.00,261.00
2013/14,49.00,725730.00,1.00,1.00,930.00,732.00,3.00,244.00
2013/14,49.00,735700.00,1.00,1.00,329.00,260.00,2.00,130.00
2013/14,49.00,735730.00,1.00,1.00,186012.00,137787.00,458.00,300.00
2013/14,49.00,735830.00,1.00,1.00,3201.00,2603.00,40.00,65.00
2013/14,49.00,745800.00,1.00,1.00,35026.00,30457.00,114.00,267.00
2013/14,49.00,745830.00,1.00,4.00,373482.00,298549.00,1221.00,244.00
2013/14,49.00,755800.00,1.00,1.00,208.00,141.00,10.00,14.00
2013/14,49.00,755830.00,1.00,2.00,281974.00,192670.00,876.00,219.00
2013/14,50.00,715630.00,1.00,4.00,226206.00,167328.00,698.00,239.00
2013/14,50.00,715700.00,1.00,2.00,118825.00,87541.00,347.00,252.00
2013/14,50.00,725630.00,1.00,3.00,412055.00,311858.00,831.00,375.00
2013/14,50.00,725700.00,1.00,1.00,11098.00,7927.00,36.00,220.00
2013/14,50.00,725730.00,1.00,1.00,,,15.00,
2013/14,50.00,735730.00,1.00,3.00,543153.00,431894.00,1534.00,281.00
2013/14,50.00,735800.00,1.00,2.00,48365.00,36640.00,163.00,224.00
2013/14,50.00,745800.00,1.00,1.00,91621.00,69411.00,335.00,207.00
2013/14,50.00,745830.00,1.00,2.00,53084.00,39973.00,229.00,174.00
2013/14,50.00,755830.00,1.00,1.00,170699.00,127387.00,640.00,199.00
2013/14,51.00,715630.00,1.00,3.00,228987.00,174930.00,554.00,315.00
2013/14,51.00,715700.00,1.00,2.00,71216.00,52674.00,183.00,287.00
2013/14,51.00,725630.00,1.00,4.00,612653.00,460596.00,1140.00,404.00
2013/14,51.00,725700.00,1.00,3.00,70543.00,53401.00,374.00,142.00
2013/14,51.00,725730.00,1.00,1.00,679.00,518.00,4.00,129.00
2013/14,51.00,735700.00,1.00,1.00,147100.00,112290.00,406.00,276.00
2013/14,51.00,735730.00,1.00,2.00,146589.00,109863.00,739.00,148.00
2013/14,51.00,735800.00,1.00,1.00,159595.00,120982.00,620.00,195.00
2013/14,51.00,745800.00,1.00,1.00,39173.00,29903.00,246.00,121.00
2013/14,52.00,715630.00,2.00,2.00,314667.00,228782.00,755.00,303.00
2013/14,52.00,715700.00,2.00,2.00,47104.00,33743.00,195.00,173.00
2013/14,52.00,725630.00,3.00,5.00,577158.00,449313.00,1185.00,379.00
2013/14,52.00,725700.00,2.00,2.00,24359.00,17657.00,95.00,185.00
2013/14,52.00,735630.00,1.00,1.00,737.00,554.00,22.00,25.00
2013/14,52.00,735700.00,1.00,1.00,2763.00,2077.00,20.00,103.00
2013/14,52.00,735730.00,1.00,1.00,79388.00,57947.00,246.00,235.00
2013/14,52.00,745830.00,2.00,2.00,141718.00,104619.00,499.00,209.00
2013/14,52.00,755830.00,1.00,1.00,140587.00,102266.00,487.00,209.00
2013/14,53.00,715630.00,3.00,3.00,349637.00,265739.00,899.00,295.00
2013/14,53.00,715700.00,2.00,2.00,63701.00,47380.00,234.00,202.00
2013/14,53.00,725600.00,2.00,1.00,3385.00,2333.00,11.00,212.00
2013/14,53.00,725630.00,3.00,3.00,186893.00,139719.00,513.00,272.00
2013/14,53.00,725700.00,2.00,3.00,146760.00,112896.00,369.00,305.00
2014/15,1.00,665530.00,1.00,1.00,1.00,1.00,95.00,0.00
2014/15,1.00,665600.00,1.00,1.00,13.00,10.00,1332.00,0.00
2014/15,1.00,675530.00,2.00,2.00,365100.00,290382.00,655.00,443.00
2014/15,1.00,675600.00,2.00,2.00,179530.00,142990.00,340.00,420.00
2014/15,1.00,675630.00,2.00,1.00,3830.00,3041.00,26.00,116.00
2014/15,1.00,685530.00,2.00,1.00,72709.00,57704.00,197.00,292.00
2014/15,1.00,685600.00,2.00,1.00,,,34.00,
2014/15,1.00,685630.00,2.00,1.00,8945.00,7099.00,34.00,208.00
2014/15,1.00,705600.00,1.00,1.00,122.00,98.00,39.00,2.00
2014/15,1.00,705630.00,1.00,1.00,306.00,244.00,70.00,3.00
2014/15,1.00,715630.00,4.00,4.00,183286.00,144934.00,948.00,152.00
2014/15,1.00,715700.00,3.00,4.00,190542.00,146065.00,994.00,146.00
2014/15,1.00,725630.00,3.00,3.00,208712.00,159914.00,1180.00,135.00
2014/15,1.00,725700.00,4.00,6.00,583572.00,461272.00,2665.00,173.00
2014/15,1.00,725730.00,2.00,2.00,122337.00,99622.00,503.00,198.00
2014/15,1.00,735700.00,1.00,1.00,1457.00,1095.00,6.00,182.00
2014/15,1.00,735730.00,1.00,1.00,109648.00,87719.00,230.00,381.00
2014/15,1.00,735800.00,1.00,1.00,186070.00,148856.00,520.00,286.00
2014/15,1.00,745800.00,1.00,1.00,3323.00,2658.00,32.00,83.00
2014/15,2.00,675530.00,5.00,8.00,714580.00,581104.00,1834.00,316.00
2014/15,2.00,675600.00,5.00,7.00,381409.00,310835.00,1029.00,302.00
2014/15,2.00,675630.00,2.00,1.00,38749.00,31666.00,71.00,446.00
2014/15,2.00,685530.00,4.00,6.00,88130.00,72355.00,205.00,352.00
2014/15,2.00,685600.00,2.00,3.00,110454.00,88483.00,279.00,317.00
2014/15,2.00,685630.00,1.00,1.00,16288.00,12926.00,37.00,349.00
2014/15,2.00,715630.00,4.00,5.00,253528.00,194050.00,1691.00,114.00
2014/15,2.00,715700.00,6.00,9.00,266540.00,198468.00,1474.00,134.00
2014/15,2.00,725630.00,5.00,5.00,457491.00,351170.00,1412.00,248.00
2014/15,2.00,725700.00,6.00,8.00,722667.00,575438.00,3524.00,163.00
2014/15,2.00,725730.00,1.00,1.00,47120.00,35164.00,136.00,258.00
2014/15,2.00,735630.00,1.00,1.00,116.00,91.00,86.00,1.00
2014/15,2.00,735730.00,1.00,1.00,185100.00,144610.00,503.00,287.00
2014/15,2.00,735800.00,1.00,1.00,170308.00,138462.00,521.00,265.00
2014/15,2.00,745800.00,1.00,1.00,27724.00,22540.00,122.00,184.00
2014/15,2.00,745830.00,2.00,1.00,214239.00,164799.00,970.00,169.00
2014/15,3.00,665530.00,1.00,1.00,6761.00,5284.00,31.00,170.00
2014/15,3.00,665600.00,1.00,1.00,7.00,6.00,97.00,0.00
2014/15,3.00,675530.00,5.00,8.00,462353.00,379589.00,1453.00,261.00
2014/15,3.00,675600.00,7.00,10.00,612616.00,501637.00,1985.00,252.00
2014/15,3.00,675630.00,1.00,1.00,10245.00,8757.00,37.00,236.00
2014/15,3.00,685530.00,6.00,8.00,753448.00,617838.00,1740.00,355.00
2014/15,3.00,685600.00,5.00,6.00,311302.00,253510.00,722.00,351.00
2014/15,3.00,685630.00,1.00,1.00,524.00,448.00,3.00,149.00
2014/15,3.00,705600.00,1.00,1.00,,,38.00,
2014/15,3.00,705630.00,1.00,1.00,,,7.00,
2014/15,3.00,715630.00,3.00,3.00,56224.00,40168.00,223.00,180.00
2014/15,3.00,715700.00,5.00,8.00,317278.00,250418.00,1963.00,127.00
2014/15,3.00,715730.00,1.00,1.00,10040.00,7783.00,62.00,125.00
2014/15,3.00,725630.00,3.00,4.00,415912.00,316708.00,1709.00,185.00
2014/15,3.00,725700.00,6.00,12.00,740369.00,605540.00,3689.00,164.00
2014/15,3.00,725730.00,3.00,5.00,349424.00,284060.00,1673.00,169.00
2014/15,3.00,735630.00,1.00,1.00,0.00,0.00,16.00,0.00
2014/15,3.00,735700.00,4.00,6.00,145801.00,114927.00,512.00,224.00
2014/15,3.00,735730.00,4.00,4.00,734728.00,580190.00,2194.00,264.00
2014/15,3.00,735800.00,1.00,1.00,137643.00,114703.00,454.00,252.00
2014/15,3.00,735830.00,1.00,1.00,5899.00,4916.00,25.00,196.00
2014/15,3.00,745800.00,1.00,1.00,53091.00,44243.00,180.00,245.00
2014/15,4.00,665500.00,1.00,1.00,115.00,84.00,1.00,84.00
2014/15,4.00,665530.00,1.00,1.00,22032.00,16083.00,157.00,102.00
2014/15,4.00,665600.00,1.00,1.00,9376.00,6844.00,19.00,360.00
2014/15,4.00,675530.00,4.00,6.00,246146.00,201907.00,1112.00,181.00
2014/15,4.00,675600.00,9.00,21.00,1334501.00,1085323.00,4005.00,270.00
2014/15,4.00,675630.00,2.00,2.00,17246.00,12590.00,650.00,19.00
2014/15,4.00,685530.00,7.00,11.00,783118.00,646076.00,2729.00,236.00
2014/15,4.00,685600.00,9.00,18.00,1668730.00,1379039.00,5305.00,259.00
2014/15,4.00,685630.00,3.00,3.00,86121.00,72449.00,848.00,85.00
2014/15,4.00,695600.00,1.00,1.00,0.00,0.00,17.00,0.00
2014/15,4.00,715630.00,3.00,5.00,170428.00,124881.00,1432.00,87.00
2014/15,4.00,715700.00,5.00,8.00,207252.00,168436.00,1313.00,128.00
2014/15,4.00,725630.00,2.00,2.00,147223.00,107244.00,678.00,158.00
2014/15,4.00,725700.00,7.00,11.00,501418.00,411031.00,2875.00,142.00
2014/15,4.00,725730.00,4.00,6.00,493183.00,404194.00,2149.00,188.00
2014/15,4.00,735700.00,3.00,3.00,134312.00,109907.00,664.00,165.00
2014/15,4.00,735730.00,4.00,4.00,279464.00,229686.00,1122.00,204.00
2014/15,4.00,735800.00,1.00,1.00,213639.00,175113.00,539.00,324.00
2014/15,5.00,675530.00,5.00,3.00,9711.00,8160.00,73.00,111.00
2014/15,5.00,675600.00,5.00,5.00,547785.00,456641.00,1565.00,291.00
2014/15,5.00,685500.00,1.00,1.00,,,16.00,
2014/15,5.00,685530.00,6.00,4.00,344193.00,293369.00,1341.00,218.00
2014/15,5.00,685600.00,7.00,9.00,921934.00,781941.00,2713.00,288.00
2014/15,5.00,685630.00,3.00,3.00,44560.00,37132.00,105.00,353.00
2014/15,5.00,715630.00,2.00,2.00,92760.00,68084.00,842.00,80.00
2014/15,5.00,715700.00,3.00,3.00,28262.00,23650.00,217.00,108.00
2014/15,5.00,725630.00,1.00,1.00,7459.00,5694.00,42.00,135.00
2014/15,5.00,725700.00,6.00,6.00,123469.00,102720.00,814.00,126.00
2014/15,5.00,725730.00,3.00,3.00,122681.00,98227.00,582.00,168.00
2014/15,5.00,735700.00,5.00,6.00,455438.00,365897.00,2025.00,180.00
2014/15,5.00,735730.00,5.00,8.00,669891.00,544567.00,2367.00,230.00
2014/15,5.00,735800.00,1.00,1.00,43054.00,35582.00,284.00,125.00
2014/15,5.00,745800.00,1.00,1.00,8401.00,6943.00,30.00,231.00
2014/15,6.00,665530.00,1.00,1.00,15053.00,12544.00,33.00,380.00
2014/15,6.00,665600.00,2.00,2.00,7148.00,5928.00,42.00,141.00
2014/15,6.00,675530.00,5.00,5.00,118792.00,97221.00,699.00,139.00
2014/15,6.00,675600.00,11.00,17.00,1948583.00,1606485.00,7370.00,217.00
2014/15,6.00,675630.00,5.00,3.00,118634.00,100325.00,1355.00,74.00
2014/15,6.00,675700.00,3.00,2.00,593.00,464.00,104.00,4.00
2014/15,6.00,685530.00,5.00,6.00,83406.00,68774.00,342.00,201.00
2014/15,6.00,685600.00,9.00,16.00,1338432.00,1128006.00,4664.00,241.00
2014/15,6.00,685630.00,5.00,9.00,496967.00,420355.00,1911.00,219.00
2014/15,6.00,705630.00,1.00,1.00,,,27.00,
2014/15,6.00,715630.00,3.00,3.00,64069.00,46255.00,271.00,170.00
2014/15,6.00,715700.00,1.00,1.00,7648.00,5502.00,30.00,183.00
2014/15,6.00,725630.00,4.00,4.00,230930.00,178497.00,1402.00,127.00
2014/15,6.00,725700.00,3.00,4.00,51303.00,41489.00,348.00,119.00
2014/15,6.00,725730.00,3.00,4.00,179756.00,143211.00,744.00,192.00
2014/15,6.00,725800.00,1.00,1.00,1440.00,1199.00,35.00,34.00
2014/15,6.00,735700.00,4.00,4.00,147063.00,108719.00,1135.00,95.00
2014/15,6.00,735730.00,5.00,8.00,915714.00,747751.00,3544.00,210.00
2014/15,6.00,735800.00,5.00,4.00,147745.00,120417.00,540.00,222.00
2014/15,6.00,735830.00,3.00,1.00,1929.00,1543.00,6.00,257.00
2014/15,7.00,665600.00,3.00,3.00,26159.00,20706.00,147.00,140.00
2014/15,7.00,675530.00,5.00,7.00,219828.00,183939.00,1489.00,123.00
2014/15,7.00,675600.00,9.00,19.00,1386553.00,1124133.00,6687.00,168.00
2014/15,7.00,675630.00,5.00,8.00,225551.00,183332.00,1709.00,107.00
2014/15,7.00,685530.00,3.00,6.00,223976.00,185668.00,1012.00,183.00
2014/15,7.00,685600.00,10.00,19.00,773936.00,642736.00,3686.00,174.00
2014/15,7.00,685630.00,10.00,16.00,1283745.00,1049748.00,4238.00,247.00
2014/15,7.00,715630.00,2.00,1.00,50728.00,37857.00,417.00,90.00
2014/15,7.00,725630.00,3.00,2.00,17227.00,14092.00,221.00,63.00
2014/15,7.00,725700.00,2.00,1.00,39026.00,31220.00,246.00,126.00
2014/15,7.00,725730.00,2.00,1.00,4591.00,3673.00,33.00,111.00
2014/15,7.00,735700.00,4.00,3.00,48012.00,38958.00,366.00,106.00
2014/15,7.00,735730.00,4.00,3.00,28234.00,23322.00,181.00,128.00
2014/15,7.00,735800.00,2.00,1.00,14337.00,11849.00,57.00,207.00
2014/15,8.00,665530.00,2.00,2.00,238327.00,170123.00,604.00,281.00
2014/15,8.00,665600.00,5.00,5.00,127087.00,95791.00,305.00,314.00
2014/15,8.00,675500.00,2.00,2.00,2448.00,1736.00,49.00,35.00
2014/15,8.00,675530.00,3.00,4.00,201114.00,163864.00,814.00,201.00
2014/15,8.00,675600.00,6.00,9.00,383638.00,303219.00,1820.00,166.00
2014/15,8.00,675630.00,6.00,10.00,149837.00,125342.00,1252.00,100.00
2014/15,8.00,675700.00,1.00,1.00,8.00,6.00,786.00,0.00
2014/15,8.00,685530.00,2.00,1.00,31400.00,27543.00,140.00,196.00
2014/15,8.00,685600.00,8.00,15.00,505485.00,420002.00,2159.00,194.00
2014/15,8.00,685630.00,8.00,21.00,2765776.00,2299940.00,9370.00,245.00
2014/15,8.00,715630.00,3.00,3.00,245497.00,194912.00,803.00,242.00
2014/15,8.00,715700.00,1.00,1.00,205979.00,168835.00,583.00,289.00
2014/15,8.00,725600.00,1.00,1.00,3726.00,2934.00,45.00,65.00
2014/15,8.00,725630.00,2.00,2.00,155184.00,122115.00,646.00,189.00
2014/15,8.00,725700.00,3.00,4.00,134219.00,106844.00,803.00,133.00
2014/15,8.00,725730.00,2.00,3.00,25942.00,21131.00,123.00,171.00
2014/15,8.00,735700.00,4.00,4.00,105104.00,83689.00,693.00,120.00
2014/15,8.00,735730.00,3.00,5.00,186115.00,146937.00,807.00,182.00
2014/15,8.00,735800.00,2.00,2.00,72733.00,53638.00,530.00,101.00
2014/15,9.00,665530.00,7.00,10.00,961163.00,723887.00,2950.00,245.00
2014/15,9.00,665600.00,6.00,7.00,236559.00,180342.00,756.00,238.00
2014/15,9.00,665630.00,1.00,1.00,4.00,3.00,19.00,0.00
2014/15,9.00,675500.00,3.00,2.00,267.00,206.00,38.00,5.00
2014/15,9.00,675530.00,6.00,12.00,312842.00,262401.00,1582.00,165.00
2014/15,9.00,675600.00,8.00,14.00,875701.00,701160.00,3544.00,197.00
2014/15,9.00,675630.00,1.00,1.00,,,44.00,
2014/15,9.00,685530.00,3.00,5.00,163790.00,134555.00,852.00,157.00
2014/15,9.00,685600.00,5.00,9.00,395974.00,333995.00,1132.00,295.00
2014/15,9.00,685630.00,7.00,12.00,959990.00,795068.00,3105.00,256.00
2014/15,9.00,695600.00,1.00,1.00,109.00,93.00,3.00,31.00
2014/15,9.00,715600.00,1.00,1.00,,,10.00,
2014/15,9.00,715630.00,6.00,6.00,421725.00,326654.00,2096.00,155.00
2014/15,9.00,715700.00,3.00,2.00,269037.00,216965.00,749.00,289.00
2014/15,9.00,725630.00,4.00,3.00,10288.00,8215.00,88.00,93.00
2014/15,9.00,725700.00,3.00,2.00,9775.00,7730.00,58.00,133.00
2014/15,9.00,735630.00,1.00,1.00,2802.00,2296.00,31.00,74.00
2014/15,9.00,735700.00,3.00,3.00,36992.00,30029.00,181.00,165.00
2014/15,9.00,735730.00,2.00,2.00,29103.00,22961.00,148.00,155.00
2014/15,9.00,735800.00,2.00,2.00,386235.00,314352.00,1620.00,194.00
2014/15,10.00,665530.00,5.00,6.00,373188.00,282654.00,1402.00,201.00
2014/15,10.00,665600.00,6.00,6.00,91040.00,71304.00,354.00,201.00
2014/15,10.00,675530.00,6.00,7.00,86368.00,71262.00,662.00,107.00
2014/15,10.00,675600.00,6.00,5.00,487556.00,392950.00,2146.00,183.00
2014/15,10.00,675630.00,1.00,1.00,72238.00,60705.00,221.00,274.00
2014/15,10.00,685530.00,3.00,3.00,59012.00,50579.00,416.00,121.00
2014/15,10.00,685600.00,7.00,9.00,457031.00,380551.00,1590.00,239.00
2014/15,10.00,685630.00,8.00,12.00,743120.00,620409.00,2983.00,207.00
2014/15,10.00,705630.00,1.00,1.00,,,2.00,
2014/15,10.00,715630.00,3.00,5.00,511265.00,401145.00,2741.00,146.00
2014/15,10.00,715700.00,1.00,1.00,47257.00,37806.00,346.00,109.00
2014/15,10.00,725700.00,1.00,1.00,17881.00,14305.00,96.00,149.00
2014/15,10.00,735730.00,1.00,1.00,4114.00,2780.00,17.00,163.00
2014/15,10.00,735800.00,1.00,1.00,61713.00,41698.00,141.00,295.00
2014/15,10.00,735830.00,1.00,1.00,28799.00,19459.00,57.00,341.00
2014/15,11.00,665530.00,4.00,4.00,268141.00,209617.00,1422.00,147.00
2014/15,11.00,665600.00,2.00,2.00,8948.00,6865.00,51.00,134.00
2014/15,11.00,675530.00,3.00,7.00,40639.00,33620.00,318.00,105.00
2014/15,11.00,675600.00,6.00,8.00,478586.00,401198.00,2427.00,165.00
2014/15,11.00,675630.00,2.00,2.00,7088.00,6077.00,46.00,132.00
2014/15,11.00,685530.00,3.00,5.00,65395.00,56945.00,415.00,137.00
2014/15,11.00,685600.00,7.00,12.00,737686.00,642391.00,4335.00,148.00
2014/15,11.00,685630.00,5.00,7.00,224775.00,193298.00,1428.00,135.00
2014/15,11.00,715600.00,1.00,1.00,43446.00,31033.00,143.00,217.00
2014/15,11.00,715630.00,3.00,3.00,95709.00,75417.00,533.00,141.00
2014/15,11.00,715700.00,2.00,3.00,395932.00,318902.00,2378.00,134.00
2014/15,11.00,725700.00,2.00,2.00,67631.00,54906.00,279.00,196.00
2014/15,11.00,725730.00,1.00,1.00,12862.00,11693.00,120.00,97.00
2014/15,11.00,735730.00,1.00,1.00,55124.00,50112.00,302.00,165.00
2014/15,11.00,735800.00,1.00,1.00,12862.00,11693.00,75.00,155.00
2014/15,12.00,665530.00,3.00,3.00,182284.00,141769.00,718.00,197.00
2014/15,12.00,665600.00,1.00,1.00,1561.00,1174.00,62.00,18.00
2014/15,12.00,675600.00,4.00,6.00,335915.00,296829.00,1925.00,154.00
2014/15,12.00,675630.00,2.00,2.00,119637.00,96502.00,784.00,123.00
2014/15,12.00,685600.00,5.00,5.00,576458.00,492992.00,3228.00,152.00
2014/15,12.00,685630.00,4.00,4.00,82516.00,66684.00,515.00,129.00
2014/15,12.00,715630.00,4.00,6.00,498603.00,396459.00,2208.00,179.00
2014/15,12.00,715700.00,2.00,3.00,126549.00,101669.00,705.00,144.00
2014/15,12.00,725630.00,2.00,3.00,41510.00,31220.00,231.00,135.00
2014/15,12.00,725700.00,3.00,3.00,181892.00,142068.00,986.00,144.00
2014/15,12.00,725730.00,2.00,3.00,44900.00,36659.00,216.00,169.00
2014/15,12.00,735700.00,1.00,1.00,6089.00,4832.00,51.00,94.00
2014/15,12.00,735730.00,3.00,3.00,76034.00,61366.00,442.00,138.00
2014/15,12.00,735800.00,1.00,1.00,39479.00,32626.00,105.00,310.00
2014/15,12.00,735830.00,1.00,1.00,27012.00,22324.00,86.00,259.00
2014/15,12.00,745800.00,1.00,1.00,24934.00,20607.00,80.00,257.00
2014/15,12.00,745830.00,1.00,1.00,27012.00,22324.00,77.00,289.00
2014/15,12.00,785930.00,1.00,1.00,29626.00,23512.00,182.00,129.00
2014/15,12.00,786000.00,1.00,1.00,96408.00,76515.00,429.00,178.00
2014/15,13.00,665500.00,1.00,1.00,2710.00,2117.00,25.00,84.00
2014/15,13.00,665530.00,2.00,2.00,32179.00,27521.00,361.00,76.00
2014/15,13.00,665600.00,1.00,1.00,7268.00,6266.00,148.00,42.00
2014/15,13.00,675530.00,2.00,3.00,38395.00,32959.00,483.00,68.00
2014/15,13.00,675600.00,6.00,7.00,454786.00,403609.00,4233.00,95.00
2014/15,13.00,675630.00,2.00,2.00,8875.00,6992.00,68.00,102.00
2014/15,13.00,685530.00,3.00,2.00,49039.00,41725.00,376.00,110.00
2014/15,13.00,685600.00,8.00,10.00,144110.00,124591.00,1325.00,94.00
2014/15,13.00,685630.00,3.00,3.00,37811.00,31242.00,208.00,150.00
2014/15,13.00,705600.00,1.00,1.00,0.00,0.00,6.00,0.00
2014/15,13.00,705630.00,1.00,1.00,278.00,240.00,8.00,30.00
2014/15,13.00,715630.00,3.00,4.00,80253.00,65710.00,529.00,124.00
2014/15,13.00,715700.00,2.00,2.00,121678.00,94635.00,470.00,201.00
2014/15,13.00,725630.00,1.00,1.00,15843.00,13370.00,90.00,148.00
2014/15,13.00,725700.00,3.00,4.00,134657.00,109900.00,870.00,126.00
2014/15,13.00,725730.00,1.00,1.00,149381.00,126060.00,827.00,152.00
2014/15,13.00,735830.00,2.00,2.00,59768.00,47149.00,336.00,140.00
2014/15,13.00,745800.00,2.00,2.00,3406.00,2669.00,38.00,70.00
2014/15,13.00,745830.00,2.00,2.00,73294.00,58087.00,446.00,130.00
2014/15,13.00,755830.00,1.00,1.00,40512.00,32152.00,336.00,95.00
2014/15,13.00,755900.00,1.00,1.00,143.00,114.00,20.00,5.00
2014/15,13.00,765830.00,1.00,1.00,124.00,100.00,20.00,5.00
2014/15,13.00,765900.00,1.00,1.00,0.00,0.00,3.00,0.00
2014/15,14.00,665530.00,2.00,2.00,23459.00,19161.00,239.00,80.00
2014/15,14.00,665600.00,1.00,1.00,133.00,117.00,8.00,14.00
2014/15,14.00,675530.00,1.00,1.00,470.00,416.00,45.00,9.00
2014/15,14.00,675600.00,4.00,4.00,52414.00,45136.00,943.00,47.00
2014/15,14.00,675630.00,2.00,2.00,53839.00,44747.00,325.00,137.00
2014/15,14.00,685600.00,4.00,4.00,44845.00,39067.00,850.00,45.00
2014/15,14.00,685630.00,2.00,2.00,141914.00,119005.00,738.00,161.00
2014/15,14.00,715630.00,5.00,5.00,203427.00,168920.00,1221.00,138.00
2014/15,14.00,715700.00,4.00,4.00,25979.00,20646.00,251.00,82.00
2014/15,14.00,725630.00,1.00,1.00,16608.00,12582.00,220.00,57.00
2014/15,14.00,725700.00,3.00,3.00,61405.00,47640.00,543.00,87.00
2014/15,14.00,725730.00,2.00,3.00,150428.00,115202.00,640.00,180.00
2014/15,14.00,735700.00,1.00,1.00,0.00,0.00,27.00,0.00
2014/15,14.00,735730.00,2.00,2.00,81339.00,67223.00,333.00,201.00
2014/15,14.00,735800.00,2.00,2.00,139226.00,119561.00,693.00,172.00
2014/15,14.00,735830.00,1.00,1.00,85252.00,69311.00,463.00,149.00
2014/15,14.00,745800.00,1.00,1.00,2278.00,1851.00,10.00,185.00
2014/15,14.00,745830.00,1.00,1.00,47642.00,38113.00,220.00,173.00
2014/15,15.00,665530.00,1.00,1.00,37180.00,26747.00,237.00,112.00
2014/15,15.00,665600.00,1.00,2.00,46704.00,33635.00,297.00,113.00
2014/15,15.00,665630.00,3.00,2.00,13724.00,11102.00,143.00,77.00
2014/15,15.00,675600.00,4.00,5.00,137856.00,118762.00,962.00,123.00
2014/15,15.00,675630.00,4.00,4.00,140657.00,121133.00,713.00,169.00
2014/15,15.00,685600.00,3.00,3.00,11818.00,9611.00,77.00,124.00
2014/15,15.00,685630.00,6.00,7.00,340299.00,291508.00,1799.00,162.00
2014/15,15.00,715630.00,1.00,1.00,2268.00,2043.00,113.00,18.00
2014/15,15.00,725630.00,1.00,1.00,60.00,52.00,28.00,1.00
2014/15,15.00,725700.00,4.00,3.00,23627.00,19654.00,308.00,63.00
2014/15,15.00,725730.00,1.00,2.00,52016.00,40473.00,369.00,109.00
2014/15,15.00,735600.00,1.00,1.00,9657.00,7980.00,46.00,173.00
2014/15,15.00,735700.00,2.00,2.00,2388.00,2112.00,84.00,25.00
2014/15,15.00,735730.00,1.00,1.00,44518.00,33726.00,336.00,100.00
2014/15,15.00,735800.00,3.00,3.00,30816.00,26097.00,421.00,61.00
2014/15,15.00,735830.00,3.00,3.00,225505.00,185278.00,1167.00,158.00
2014/15,15.00,745730.00,1.00,1.00,890.00,675.00,19.00,35.00
2014/15,15.00,745800.00,2.00,1.00,6235.00,5100.00,63.00,80.00
2014/15,15.00,745830.00,2.00,2.00,21255.00,17488.00,116.00,150.00
2014/15,15.00,775930.00,1.00,1.00,1604.00,1314.00,25.00,52.00
2014/15,15.00,776000.00,1.00,1.00,17401.00,14264.00,212.00,67.00
2014/15,15.00,785930.00,1.00,1.00,48.00,40.00,2.00,20.00
2014/15,15.00,786000.00,1.00,1.00,69761.00,57181.00,386.00,148.00
2014/15,15.00,786030.00,1.00,1.00,122914.00,100743.00,649.00,155.00
2014/15,16.00,665500.00,1.00,1.00,3040.00,2321.00,98.00,23.00
2014/15,16.00,665530.00,1.00,1.00,760.00,580.00,19.00,30.00
2014/15,16.00,665600.00,1.00,1.00,13759.00,12036.00,40.00,300.00
2014/15,16.00,675530.00,2.00,1.00,54754.00,45251.00,278.00,162.00
2014/15,16.00,675600.00,3.00,2.00,96363.00,82448.00,333.00,247.00
2014/15,16.00,675630.00,4.00,3.00,95835.00,79532.00,449.00,177.00
2014/15,16.00,685530.00,1.00,1.00,158777.00,132229.00,464.00,284.00
2014/15,16.00,685600.00,1.00,1.00,646.00,493.00,56.00,8.00
2014/15,16.00,685630.00,3.00,3.00,180438.00,151736.00,727.00,208.00
2014/15,16.00,715600.00,1.00,1.00,8.00,7.00,2.00,3.00
2014/15,16.00,715630.00,2.00,3.00,183641.00,148075.00,1311.00,112.00
2014/15,16.00,725700.00,1.00,1.00,3158.00,2430.00,169.00,14.00
2014/15,16.00,725730.00,3.00,3.00,87772.00,67489.00,585.00,115.00
2014/15,16.00,735700.00,1.00,1.00,4763.00,3636.00,33.00,110.00
2014/15,16.00,735730.00,2.00,2.00,24779.00,19058.00,155.00,122.00
2014/15,16.00,735800.00,1.00,1.00,24473.00,18825.00,190.00,99.00
2014/15,16.00,735830.00,2.00,2.00,24543.00,18884.00,178.00,106.00
2014/15,16.00,755830.00,1.00,1.00,10003.00,8406.00,190.00,44.00
2014/15,16.00,755900.00,1.00,1.00,3.00,3.00,4.00,0.00
2014/15,16.00,765830.00,1.00,1.00,6.00,5.00,18.00,0.00
2014/15,16.00,765900.00,1.00,1.00,8.00,7.00,14.00,0.00
2014/15,16.00,775930.00,1.00,1.00,38.00,33.00,20.00,1.00
2014/15,16.00,776000.00,1.00,1.00,127.00,106.00,8.00,13.00
2014/15,16.00,785930.00,1.00,1.00,0.00,0.00,7.00,0.00
2014/15,16.00,786000.00,1.00,1.00,335.00,282.00,7.00,40.00
2014/15,17.00,665530.00,1.00,1.00,12006.00,9453.00,72.00,131.00
2014/15,17.00,665600.00,1.00,1.00,14507.00,11423.00,89.00,128.00
2014/15,17.00,675600.00,2.00,2.00,92317.00,73268.00,404.00,181.00
2014/15,17.00,675630.00,3.00,3.00,164867.00,132350.00,618.00,214.00
2014/15,17.00,685600.00,2.00,2.00,17402.00,13735.00,83.00,165.00
2014/15,17.00,685630.00,4.00,5.00,648157.00,549048.00,1732.00,317.00
2014/15,17.00,725630.00,1.00,1.00,0.00,0.00,39.00,0.00
2014/15,17.00,725700.00,3.00,2.00,25767.00,21692.00,287.00,75.00
2014/15,17.00,725730.00,1.00,1.00,36476.00,27221.00,520.00,52.00
2014/15,17.00,735700.00,1.00,1.00,947.00,707.00,25.00,28.00
2014/15,17.00,735730.00,1.00,1.00,8053.00,6010.00,175.00,34.00
2014/15,17.00,735800.00,1.00,1.00,474.00,354.00,20.00,17.00
2014/15,18.00,665530.00,2.00,1.00,10989.00,9515.00,58.00,164.00
2014/15,18.00,665600.00,2.00,1.00,14286.00,12369.00,71.00,174.00
2014/15,18.00,675530.00,1.00,1.00,6259.00,5690.00,20.00,284.00
2014/15,18.00,675600.00,3.00,2.00,3437.00,3021.00,28.00,107.00
2014/15,18.00,675630.00,4.00,4.00,54645.00,47006.00,198.00,237.00
2014/15,18.00,685600.00,3.00,2.00,4606.00,4054.00,18.00,225.00
2014/15,18.00,685630.00,5.00,9.00,1023940.00,877585.00,3871.00,226.00
2014/15,18.00,715700.00,1.00,1.00,59156.00,45505.00,301.00,151.00
2014/15,18.00,725700.00,1.00,1.00,845.00,650.00,20.00,32.00
2014/15,18.00,725730.00,1.00,1.00,12676.00,9751.00,93.00,104.00
2014/15,18.00,735830.00,1.00,1.00,10141.00,7801.00,205.00,38.00
2014/15,18.00,745830.00,1.00,1.00,1690.00,1300.00,68.00,19.00
2014/15,19.00,675600.00,1.00,1.00,3280.00,2603.00,46.00,56.00
2014/15,19.00,675630.00,1.00,1.00,67244.00,53369.00,518.00,103.00
2014/15,19.00,685600.00,2.00,2.00,46296.00,37056.00,311.00,119.00
2014/15,19.00,685630.00,3.00,5.00,556557.00,452933.00,2477.00,182.00
2014/15,19.00,715700.00,1.00,1.00,84139.00,66251.00,246.00,269.00
2014/15,20.00,685600.00,1.00,2.00,21752.00,17982.00,76.00,236.00
2014/15,20.00,685630.00,1.00,3.00,194793.00,167139.00,1236.00,135.00
2014/15,20.00,715700.00,1.00,1.00,119796.00,89400.00,234.00,382.00
2014/15,20.00,725700.00,1.00,1.00,9866.00,7362.00,27.00,272.00
2014/15,20.00,735700.00,1.00,1.00,31558.00,28953.00,242.00,119.00
2014/15,20.00,735730.00,2.00,2.00,34689.00,29895.00,357.00,83.00
2014/15,20.00,735830.00,1.00,1.00,40304.00,34155.00,287.00,119.00
2014/15,20.00,745830.00,1.00,1.00,34282.00,29053.00,176.00,165.00
2014/15,21.00,735730.00,2.00,2.00,63006.00,49708.00,295.00,168.00
2014/15,21.00,735830.00,1.00,3.00,311861.00,254989.00,1370.00,186.00
2014/15,21.00,745700.00,1.00,1.00,315.00,258.00,7.00,36.00
2014/15,21.00,745730.00,1.00,1.00,1342.00,1100.00,31.00,35.00
2014/15,21.00,745830.00,1.00,1.00,7700.00,6313.00,76.00,83.00
2014/15,44.00,705630.00,1.00,1.00,278.00,205.00,14.00,14.00
2014/15,44.00,715630.00,1.00,1.00,3612.00,2676.00,61.00,43.00
2014/15,44.00,725630.00,1.00,1.00,23897.00,17702.00,123.00,143.00
2014/15,45.00,725630.00,1.00,2.00,165197.00,127701.00,826.00,154.00
2014/15,46.00,725630.00,1.00,1.00,59396.00,46043.00,258.00,178.00
2014/15,47.00,725730.00,1.00,1.00,27843.00,20778.00,184.00,112.00
2014/15,47.00,735800.00,1.00,1.00,33538.00,25029.00,226.00,110.00
2014/15,47.00,745800.00,1.00,1.00,1898.00,1416.00,11.00,128.00
2014/15,48.00,725730.00,1.00,1.00,155365.00,116816.00,446.00,261.00
2014/15,49.00,665530.00,1.00,1.00,4552.00,3528.00,114.00,30.00
2014/15,49.00,665600.00,1.00,1.00,5162.00,4002.00,68.00,58.00
2014/15,49.00,665630.00,1.00,1.00,231.00,179.00,6.00,29.00
2014/15,49.00,675600.00,2.00,2.00,139200.00,107869.00,358.00,301.00
2014/15,49.00,675630.00,1.00,1.00,2018.00,1529.00,17.00,89.00
2014/15,49.00,685600.00,1.00,1.00,32286.00,24460.00,179.00,136.00
2014/15,49.00,685630.00,1.00,1.00,10089.00,7644.00,77.00,99.00
2014/15,49.00,715600.00,1.00,2.00,15003.00,11205.00,48.00,233.00
2014/15,49.00,715630.00,2.00,6.00,163557.00,123779.00,846.00,146.00
2014/15,49.00,715700.00,2.00,4.00,69289.00,51525.00,272.00,189.00
2014/15,49.00,725600.00,1.00,1.00,2018.00,1529.00,5.00,305.00
2014/15,49.00,725630.00,2.00,5.00,430150.00,328234.00,1185.00,276.00
2014/15,49.00,725700.00,2.00,6.00,712098.00,547383.00,1994.00,274.00
2014/15,49.00,725730.00,2.00,4.00,779230.00,603203.00,2030.00,297.00
2014/15,49.00,735730.00,1.00,1.00,9056.00,6708.00,32.00,209.00
2014/15,50.00,715630.00,1.00,1.00,20347.00,16277.00,127.00,128.00
2014/15,50.00,715700.00,3.00,3.00,99236.00,78297.00,314.00,249.00
2014/15,50.00,715730.00,1.00,1.00,1415.00,1114.00,5.00,222.00
2014/15,50.00,715800.00,1.00,1.00,521.00,410.00,2.00,205.00
2014/15,50.00,725630.00,3.00,4.00,436140.00,336576.00,1106.00,304.00
2014/15,50.00,725700.00,3.00,5.00,596073.00,471003.00,1776.00,265.00
2014/15,50.00,725730.00,4.00,5.00,231183.00,186784.00,837.00,223.00
2014/15,51.00,665600.00,1.00,1.00,,,15.00,
2014/15,51.00,675530.00,2.00,3.00,26214.00,20604.00,70.00,294.00
2014/15,51.00,675600.00,3.00,3.00,511137.00,399611.00,1213.00,329.00
2014/15,51.00,715700.00,2.00,2.00,141431.00,112700.00,350.00,322.00
2014/15,51.00,715730.00,1.00,1.00,2933.00,2385.00,11.00,216.00
2014/15,51.00,725630.00,1.00,1.00,5949.00,4612.00,29.00,159.00
2014/15,51.00,725700.00,4.00,6.00,973066.00,782920.00,2746.00,285.00
2014/15,51.00,725730.00,4.00,5.00,158469.00,125646.00,516.00,243.00
2014/15,51.00,735700.00,2.00,2.00,31278.00,24403.00,88.00,277.00
2014/15,51.00,735730.00,2.00,2.00,196883.00,150569.00,432.00,348.00
2014/15,52.00,675530.00,1.00,1.00,5921.00,4775.00,24.00,198.00
2014/15,52.00,675600.00,1.00,2.00,290296.00,231655.00,702.00,329.00
2014/15,52.00,675630.00,1.00,1.00,6173.00,4899.00,14.00,349.00
2014/15,52.00,675700.00,1.00,1.00,3969.00,3150.00,9.00,350.00
2014/15,52.00,715630.00,4.00,4.00,121737.00,92761.00,346.00,268.00
2014/15,52.00,715700.00,3.00,2.00,134697.00,105232.00,446.00,235.00
2014/15,52.00,725630.00,4.00,4.00,451037.00,341848.00,1421.00,240.00
2014/15,52.00,725700.00,4.00,4.00,227921.00,178334.00,908.00,196.00
2014/15,52.00,725730.00,1.00,1.00,117582.00,94826.00,452.00,209.00
2014/15,52.00,735730.00,1.00,1.00,218434.00,164236.00,608.00,270.00
2014/15,52.00,735830.00,1.00,1.00,2166.00,1692.00,11.00,153.00
2014/15,52.00,745830.00,1.00,1.00,3545.00,2770.00,111.00,24.00
2014/15,53.00,675530.00,2.00,2.00,139484.00,110036.00,292.00,376.00
2014/15,53.00,675600.00,2.00,2.00,325513.00,257246.00,785.00,327.00
2014/15,53.00,675630.00,1.00,1.00,31351.00,24686.00,52.00,474.00
2014/15,53.00,715630.00,3.00,3.00,45216.00,35358.00,207.00,170.00
2014/15,53.00,715700.00,2.00,2.00,112665.00,84797.00,352.00,240.00
2014/15,53.00,725630.00,3.00,4.00,486717.00,374857.00,1642.00,228.00
2014/15,53.00,725700.00,3.00,3.00,100847.00,77720.00,390.00,199.00
2014/15,53.00,725730.00,1.00,1.00,32088.00,25467.00,117.00,217.00
2014/15,53.00,735730.00,1.00,2.00,366418.00,281815.00,904.00,311.00
2014/15,53.00,735800.00,1.00,1.00,1337.00,1061.00,18.00,58.00
2015/16,1.00,665600.00,1.00,1.00,7664.00,5323.00,22.00,241.00
2015/16,1.00,675500.00,1.00,1.00,7664.00,5322.00,26.00,204.00
2015/16,1.00,675530.00,1.00,1.00,1916.00,1331.00,35.00,38.00
2015/16,1.00,675600.00,3.00,3.00,318514.00,219096.00,1436.00,152.00
2015/16,1.00,675630.00,1.00,1.00,3882.00,2571.00,25.00,102.00
2015/16,1.00,685530.00,1.00,1.00,1916.00,1331.00,7.00,190.00
2015/16,1.00,685600.00,1.00,1.00,30276.00,20051.00,201.00,99.00
2015/16,1.00,685630.00,1.00,1.00,12421.00,8226.00,58.00,141.00
2015/16,2.00,645530.00,1.00,1.00,2.00,1.00,53.00,0.00
2015/16,2.00,655530.00,1.00,1.00,6.00,5.00,179.00,0.00
2015/16,2.00,665530.00,2.00,2.00,221661.00,136138.00,651.00,209.00
2015/16,2.00,665600.00,2.00,2.00,15126.00,8994.00,115.00,78.00
2015/16,2.00,665630.00,1.00,1.00,6940.00,4658.00,30.00,155.00
2015/16,2.00,675530.00,2.00,3.00,73316.00,49508.00,319.00,155.00
2015/16,2.00,675600.00,2.00,5.00,518827.00,365649.00,2026.00,180.00
2015/16,2.00,675630.00,4.00,5.00,413872.00,272968.00,1588.00,171.00
2015/16,2.00,685530.00,1.00,1.00,12142.00,9486.00,140.00,67.00
2015/16,2.00,685600.00,3.00,4.00,67484.00,48158.00,459.00,104.00
2015/16,2.00,685630.00,3.00,2.00,68100.00,44820.00,299.00,149.00
2015/16,2.00,715630.00,1.00,1.00,5376.00,4199.00,58.00,72.00
2015/16,2.00,715700.00,2.00,2.00,97877.00,76031.00,751.00,101.00
2015/16,2.00,725700.00,3.00,5.00,226792.00,176627.00,981.00,180.00
2015/16,2.00,725730.00,4.00,6.00,380766.00,307177.00,1638.00,187.00
2015/16,2.00,735700.00,1.00,1.00,3469.00,2711.00,40.00,67.00
2015/16,2.00,735730.00,5.00,8.00,1270268.00,947264.00,3493.00,271.00
2015/16,2.00,735800.00,3.00,1.00,2038.00,1492.00,16.00,93.00
2015/16,3.00,645501.00,1.00,1.00,2.00,1.00,76.00,0.00
2015/16,3.00,645600.00,1.00,1.00,16.00,13.00,345.00,0.00
2015/16,3.00,655600.00,1.00,1.00,22.00,17.00,700.00,0.00
2015/16,3.00,665530.00,4.00,4.00,621561.00,401610.00,2114.00,189.00
2015/16,3.00,665600.00,2.00,2.00,100798.00,66923.00,277.00,241.00
2015/16,3.00,665630.00,1.00,1.00,2431.00,1528.00,17.00,89.00
2015/16,3.00,675600.00,3.00,2.00,126647.00,84652.00,380.00,222.00
2015/16,3.00,675630.00,3.00,2.00,89303.00,60354.00,206.00,292.00
2015/16,3.00,685600.00,2.00,1.00,113709.00,79518.00,630.00,126.00
2015/16,3.00,685630.00,2.00,1.00,60883.00,40861.00,190.00,215.00
2015/16,3.00,715600.00,2.00,1.00,,,40.00,
2015/16,3.00,715630.00,3.00,2.00,48430.00,35860.00,364.00,98.00
2015/16,3.00,715700.00,1.00,1.00,62237.00,49789.00,301.00,165.00
2015/16,3.00,725630.00,3.00,2.00,182746.00,137986.00,576.00,239.00
2015/16,3.00,725700.00,2.00,4.00,201044.00,157028.00,645.00,243.00
2015/16,3.00,725730.00,2.00,3.00,85346.00,63284.00,512.00,123.00
2015/16,3.00,735700.00,3.00,3.00,86000.00,64189.00,264.00,243.00
2015/16,3.00,735730.00,4.00,8.00,1040289.00,808324.00,3379.00,239.00
2015/16,3.00,735800.00,3.00,3.00,108249.00,81216.00,276.00,294.00
2015/16,3.00,735830.00,1.00,1.00,2755.00,2136.00,27.00,79.00
2015/16,3.00,745800.00,1.00,1.00,1763.00,1388.00,18.00,77.00
2015/16,3.00,745830.00,2.00,2.00,261823.00,205072.00,1841.00,111.00
2015/16,4.00,665430.00,1.00,1.00,2087.00,1281.00,12.00,106.00
2015/16,4.00,665530.00,4.00,4.00,394089.00,247124.00,1047.00,236.00
2015/16,4.00,665600.00,4.00,6.00,416091.00,265273.00,1576.00,168.00
2015/16,4.00,665630.00,3.00,3.00,24715.00,15349.00,130.00,118.00
2015/16,4.00,675530.00,2.00,4.00,47446.00,31250.00,157.00,199.00
2015/16,4.00,675600.00,5.00,8.00,252176.00,160856.00,1233.00,130.00
2015/16,4.00,675630.00,4.00,5.00,326238.00,199186.00,1291.00,154.00
2015/16,4.00,685600.00,2.00,1.00,4049.00,3115.00,65.00,47.00
2015/16,4.00,685630.00,2.00,2.00,6739.00,4376.00,44.00,99.00
2015/16,4.00,715630.00,1.00,1.00,1668.00,1303.00,4.00,325.00
2015/16,4.00,715700.00,4.00,3.00,45230.00,35335.00,748.00,47.00
2015/16,4.00,725630.00,1.00,1.00,40030.00,31274.00,111.00,281.00
2015/16,4.00,725700.00,5.00,7.00,557177.00,437200.00,2365.00,184.00
2015/16,4.00,725730.00,2.00,2.00,126578.00,100069.00,735.00,136.00
2015/16,4.00,725800.00,2.00,1.00,347.00,277.00,18.00,15.00
2015/16,4.00,735700.00,3.00,3.00,91355.00,72022.00,638.00,112.00
2015/16,4.00,735730.00,6.00,9.00,719953.00,551306.00,2542.00,216.00
2015/16,4.00,735800.00,6.00,5.00,686867.00,528651.00,2026.00,260.00
2015/16,4.00,745800.00,5.00,4.00,290679.00,229689.00,763.00,301.00
2015/16,4.00,745830.00,2.00,2.00,262346.00,216190.00,1079.00,200.00
2015/16,5.00,665500.00,2.00,2.00,5646.00,3790.00,56.00,67.00
2015/16,5.00,665530.00,3.00,6.00,738862.00,470596.00,2580.00,182.00
2015/16,5.00,665600.00,5.00,5.00,314929.00,194592.00,1319.00,147.00
2015/16,5.00,675530.00,1.00,1.00,77195.00,50455.00,310.00,162.00
2015/16,5.00,675600.00,2.00,2.00,13044.00,8227.00,161.00,51.00
2015/16,5.00,675630.00,1.00,1.00,8555.00,5281.00,37.00,142.00
2015/16,5.00,685600.00,2.00,2.00,136732.00,99085.00,1067.00,92.00
2015/16,5.00,685630.00,1.00,1.00,250.00,191.00,319.00,0.00
2015/16,5.00,715630.00,2.00,2.00,13704.00,10573.00,80.00,132.00
2015/16,5.00,715700.00,3.00,3.00,117715.00,94922.00,1255.00,75.00
2015/16,5.00,715730.00,1.00,1.00,3.00,2.00,589.00,0.00
2015/16,5.00,725630.00,5.00,6.00,175852.00,135034.00,1411.00,95.00
2015/16,5.00,725700.00,6.00,9.00,725120.00,570712.00,3399.00,167.00
2015/16,5.00,725730.00,4.00,4.00,53729.00,42153.00,372.00,113.00
2015/16,5.00,725800.00,2.00,1.00,556.00,440.00,18.00,24.00
2015/16,5.00,735700.00,6.00,6.00,286156.00,226600.00,1233.00,183.00
2015/16,5.00,735730.00,6.00,10.00,562381.00,439533.00,2791.00,157.00
2015/16,5.00,735800.00,6.00,9.00,823561.00,657492.00,3044.00,215.00
2015/16,5.00,735830.00,2.00,2.00,19341.00,15453.00,184.00,83.00
2015/16,5.00,745800.00,5.00,6.00,625973.00,490764.00,1912.00,256.00
2015/16,5.00,745830.00,5.00,6.00,109716.00,85790.00,389.00,220.00
2015/16,6.00,645600.00,1.00,1.00,1.00,1.00,699.00,0.00
2015/16,6.00,655600.00,1.00,1.00,1.00,1.00,453.00,0.00
2015/16,6.00,665500.00,2.00,2.00,184663.00,118848.00,559.00,212.00
2015/16,6.00,665530.00,6.00,6.00,676357.00,452405.00,2882.00,156.00
2015/16,6.00,665600.00,6.00,5.00,471710.00,295101.00,2298.00,128.00
2015/16,6.00,675500.00,2.00,2.00,8059.00,5520.00,51.00,108.00
2015/16,6.00,675530.00,5.00,4.00,88962.00,58157.00,355.00,163.00
2015/16,6.00,675600.00,6.00,6.00,200652.00,129803.00,800.00,162.00
2015/16,6.00,685600.00,2.00,3.00,141900.00,98052.00,756.00,129.00
2015/16,6.00,685630.00,3.00,3.00,325104.00,226194.00,1298.00,174.00
2015/16,6.00,715630.00,2.00,2.00,163606.00,118228.00,766.00,154.00
2015/16,6.00,715700.00,3.00,4.00,149541.00,116931.00,672.00,174.00
2015/16,6.00,715730.00,2.00,1.00,31.00,22.00,12.00,1.00
2015/16,6.00,715800.00,2.00,1.00,0.00,0.00,14.00,0.00
2015/16,6.00,715830.00,2.00,1.00,7.00,5.00,9.00,0.00
2015/16,6.00,725600.00,2.00,1.00,2547.00,2006.00,10.00,200.00
2015/16,6.00,725630.00,3.00,2.00,32716.00,25739.00,206.00,124.00
2015/16,6.00,725700.00,3.00,4.00,245249.00,191035.00,1289.00,148.00
2015/16,6.00,725830.00,2.00,1.00,197.00,133.00,17.00,7.00
2015/16,6.00,735700.00,1.00,1.00,25190.00,18522.00,168.00,110.00
2015/16,6.00,735730.00,4.00,3.00,36356.00,28462.00,145.00,196.00
2015/16,6.00,735800.00,6.00,7.00,470106.00,362990.00,2011.00,180.00
2015/16,6.00,735830.00,2.00,3.00,147014.00,114939.00,616.00,186.00
2015/16,6.00,745800.00,6.00,7.00,162841.00,117284.00,658.00,178.00
2015/16,6.00,745830.00,4.00,4.00,249601.00,194718.00,1340.00,145.00
2015/16,6.00,745930.00,1.00,1.00,245167.00,206023.00,1390.00,148.00
2015/16,7.00,635600.00,1.00,1.00,0.00,0.00,36.00,0.00
2015/16,7.00,635630.00,2.00,2.00,2.00,2.00,1019.00,0.00
2015/16,7.00,645530.00,2.00,2.00,46.00,35.00,816.00,0.00
2015/16,7.00,645600.00,2.00,2.00,57.00,45.00,871.00,0.00
2015/16,7.00,645630.00,1.00,1.00,0.00,0.00,614.00,0.00
2015/16,7.00,655600.00,1.00,1.00,5.00,5.00,178.00,0.00
2015/16,7.00,665500.00,1.00,1.00,745.00,477.00,19.00,25.00
2015/16,7.00,665530.00,4.00,5.00,240612.00,151981.00,932.00,163.00
2015/16,7.00,665600.00,3.00,5.00,185121.00,113873.00,648.00,175.00
2015/16,7.00,665630.00,1.00,1.00,29015.00,18719.00,85.00,220.00
2015/16,7.00,675530.00,1.00,1.00,18526.00,12188.00,52.00,234.00
2015/16,7.00,675600.00,1.00,1.00,131371.00,94510.00,940.00,100.00
2015/16,7.00,675630.00,4.00,4.00,28112.00,19722.00,141.00,139.00
2015/16,7.00,675700.00,1.00,1.00,195.00,115.00,288.00,0.00
2015/16,7.00,685600.00,3.00,3.00,151305.00,123607.00,1273.00,97.00
2015/16,7.00,685630.00,7.00,7.00,703410.00,516631.00,2409.00,214.00
2015/16,7.00,715630.00,4.00,5.00,185351.00,141570.00,894.00,158.00
2015/16,7.00,715700.00,5.00,7.00,270864.00,212643.00,1220.00,174.00
2015/16,7.00,725630.00,5.00,5.00,206665.00,157333.00,1179.00,133.00
2015/16,7.00,725700.00,6.00,8.00,315086.00,246340.00,1907.00,129.00
2015/16,7.00,725730.00,3.00,3.00,227282.00,178315.00,1341.00,132.00
2015/16,7.00,735700.00,1.00,1.00,37939.00,28103.00,253.00,111.00
2015/16,7.00,735730.00,2.00,2.00,162091.00,131718.00,993.00,132.00
2015/16,7.00,735800.00,3.00,3.00,70984.00,55459.00,359.00,154.00
2015/16,7.00,735830.00,5.00,5.00,105605.00,85361.00,506.00,168.00
2015/16,7.00,745800.00,4.00,5.00,53381.00,42836.00,251.00,170.00
2015/16,7.00,745830.00,5.00,5.00,237553.00,187508.00,950.00,197.00
2015/16,7.00,745900.00,1.00,1.00,2862.00,2446.00,28.00,87.00
2015/16,7.00,755830.00,1.00,1.00,21.00,18.00,8.00,2.00
2015/16,7.00,755900.00,1.00,1.00,80428.00,68742.00,264.00,260.00
2015/16,7.00,755930.00,1.00,1.00,2468.00,2108.00,7.00,301.00
2015/16,8.00,635600.00,1.00,1.00,16.00,12.00,852.00,0.00
2015/16,8.00,645600.00,1.00,1.00,1.00,1.00,190.00,0.00
2015/16,8.00,655600.00,1.00,1.00,1.00,1.00,59.00,0.00
2015/16,8.00,665600.00,4.00,3.00,257385.00,163199.00,507.00,321.00
2015/16,8.00,675600.00,4.00,4.00,282677.00,190801.00,1127.00,169.00
2015/16,8.00,675630.00,4.00,4.00,389841.00,242138.00,1737.00,139.00
2015/16,8.00,685600.00,1.00,1.00,1823.00,1215.00,31.00,39.00
2015/16,8.00,685630.00,4.00,4.00,160096.00,101033.00,697.00,144.00
2015/16,8.00,715630.00,3.00,2.00,177021.00,138298.00,990.00,139.00
2015/16,8.00,715700.00,3.00,4.00,212559.00,168002.00,1347.00,124.00
2015/16,8.00,715730.00,1.00,1.00,5.00,4.00,264.00,0.00
2015/16,8.00,725630.00,4.00,4.00,142925.00,108856.00,659.00,165.00
2015/16,8.00,725700.00,3.00,3.00,73276.00,58399.00,552.00,105.00
2015/16,8.00,725730.00,2.00,2.00,254137.00,205294.00,1314.00,156.00
2015/16,8.00,735730.00,1.00,1.00,43465.00,32195.00,232.00,138.00
2015/16,8.00,735800.00,4.00,2.00,91463.00,72390.00,617.00,117.00
2015/16,8.00,745800.00,4.00,2.00,46792.00,37026.00,394.00,93.00
2015/16,8.00,745830.00,1.00,2.00,30853.00,23959.00,266.00,90.00
2015/16,8.00,745900.00,2.00,2.00,5438.00,4651.00,72.00,64.00
2015/16,8.00,745930.00,1.00,1.00,2612.00,1980.00,26.00,76.00
2015/16,8.00,755900.00,2.00,2.00,369572.00,300030.00,1520.00,197.00
2015/16,8.00,755930.00,2.00,2.00,24570.00,19777.00,104.00,190.00
2015/16,9.00,665430.00,1.00,1.00,21.00,13.00,2.00,6.00
2015/16,9.00,665500.00,3.00,3.00,8130.00,5261.00,432.00,12.00
2015/16,9.00,665530.00,6.00,6.00,114168.00,74745.00,942.00,79.00
2015/16,9.00,665600.00,5.00,6.00,180551.00,129012.00,2121.00,60.00
2015/16,9.00,665630.00,1.00,1.00,1.00,1.00,406.00,0.00
2015/16,9.00,675500.00,1.00,1.00,13409.00,9787.00,75.00,130.00
2015/16,9.00,675530.00,4.00,4.00,53311.00,36876.00,268.00,137.00
2015/16,9.00,675600.00,5.00,7.00,677208.00,484320.00,2982.00,162.00
2015/16,9.00,675630.00,5.00,5.00,376988.00,246337.00,1800.00,136.00
2015/16,9.00,685600.00,2.00,1.00,43277.00,31136.00,111.00,280.00
2015/16,9.00,685630.00,4.00,4.00,123548.00,88460.00,432.00,204.00
2015/16,9.00,715600.00,1.00,1.00,,,29.00,
2015/16,9.00,715630.00,3.00,3.00,57916.00,42754.00,540.00,79.00
2015/16,9.00,715700.00,3.00,5.00,316490.00,259308.00,1181.00,219.00
2015/16,9.00,725630.00,5.00,5.00,84584.00,64521.00,631.00,102.00
2015/16,9.00,725700.00,5.00,8.00,211297.00,163706.00,1092.00,149.00
2015/16,9.00,725730.00,1.00,1.00,184295.00,146266.00,757.00,193.00
2015/16,9.00,735730.00,1.00,2.00,119143.00,92974.00,677.00,137.00
2015/16,9.00,735800.00,1.00,2.00,355895.00,269671.00,1571.00,171.00
2015/16,9.00,745800.00,1.00,1.00,9798.00,7204.00,45.00,160.00
2015/16,9.00,745830.00,1.00,2.00,182693.00,144727.00,984.00,147.00
2015/16,9.00,745900.00,1.00,1.00,,,9.00,
2015/16,9.00,755830.00,1.00,1.00,83804.00,66511.00,684.00,97.00
2015/16,9.00,755900.00,1.00,1.00,42846.00,36936.00,132.00,279.00
2015/16,9.00,755930.00,1.00,1.00,16493.00,14218.00,50.00,284.00
2015/16,9.00,765830.00,1.00,1.00,3.00,2.00,2.00,1.00
2015/16,10.00,665530.00,5.00,4.00,406234.00,276929.00,1708.00,162.00
2015/16,10.00,665600.00,4.00,4.00,144078.00,90783.00,788.00,115.00
2015/16,10.00,675530.00,3.00,2.00,25792.00,19240.00,193.00,99.00
2015/16,10.00,675600.00,5.00,6.00,98051.00,68348.00,585.00,116.00
2015/16,10.00,675630.00,4.00,6.00,524940.00,351619.00,2773.00,126.00
2015/16,10.00,685600.00,2.00,3.00,71553.00,47175.00,303.00,155.00
2015/16,10.00,685630.00,2.00,3.00,131014.00,88550.00,799.00,110.00
2015/16,10.00,715630.00,1.00,1.00,10781.00,9059.00,95.00,95.00
2015/16,10.00,715700.00,1.00,1.00,67382.00,56625.00,251.00,225.00
2015/16,10.00,725630.00,2.00,2.00,59590.00,45207.00,375.00,120.00
2015/16,10.00,725700.00,1.00,1.00,39082.00,32842.00,126.00,260.00
2015/16,10.00,745830.00,1.00,1.00,1081.00,892.00,82.00,10.00
2015/16,10.00,745900.00,1.00,1.00,7012.00,5993.00,320.00,18.00
2015/16,10.00,755830.00,2.00,2.00,127616.00,103003.00,978.00,105.00
2015/16,10.00,755900.00,2.00,2.00,170841.00,143421.00,965.00,148.00
2015/16,10.00,755930.00,2.00,2.00,93899.00,79951.00,534.00,149.00
2015/16,11.00,665530.00,3.00,2.00,39230.00,27228.00,159.00,171.00
2015/16,11.00,665600.00,3.00,2.00,4245.00,2894.00,32.00,90.00
2015/16,11.00,665630.00,1.00,1.00,4978.00,3297.00,100.00,32.00
2015/16,11.00,675500.00,1.00,1.00,2475.00,1719.00,10.00,171.00
2015/16,11.00,675530.00,3.00,3.00,166922.00,111223.00,724.00,153.00
2015/16,11.00,675600.00,7.00,9.00,640381.00,434958.00,2544.00,170.00
2015/16,11.00,675630.00,7.00,8.00,532115.00,368009.00,2466.00,149.00
2015/16,11.00,685600.00,3.00,3.00,10072.00,7120.00,51.00,139.00
2015/16,11.00,685630.00,6.00,6.00,542161.00,400695.00,1819.00,220.00
2015/16,11.00,715700.00,1.00,2.00,89652.00,68824.00,304.00,226.00
2015/16,11.00,725700.00,4.00,4.00,368253.00,301990.00,1159.00,260.00
2015/16,11.00,725730.00,2.00,1.00,2645.00,2176.00,7.00,310.00
2015/16,11.00,745900.00,1.00,1.00,238.00,210.00,5.00,42.00
2015/16,11.00,755830.00,1.00,1.00,64184.00,50144.00,288.00,174.00
2015/16,11.00,755900.00,1.00,1.00,15314.00,13552.00,68.00,199.00
2015/16,11.00,755930.00,1.00,1.00,178035.00,157554.00,703.00,224.00
2015/16,12.00,665530.00,3.00,2.00,49351.00,33440.00,195.00,171.00
2015/16,12.00,665600.00,2.00,2.00,168046.00,114318.00,494.00,231.00
2015/16,12.00,675500.00,2.00,1.00,5818.00,4511.00,23.00,196.00
2015/16,12.00,675530.00,3.00,2.00,101101.00,71863.00,432.00,166.00
2015/16,12.00,675600.00,5.00,5.00,205122.00,148260.00,723.00,205.00
2015/16,12.00,675630.00,3.00,3.00,84729.00,58241.00,434.00,134.00
2015/16,12.00,675700.00,1.00,1.00,68.00,53.00,1255.00,0.00
2015/16,12.00,685530.00,2.00,1.00,243129.00,188473.00,602.00,313.00
2015/16,12.00,685600.00,3.00,2.00,16155.00,12146.00,77.00,157.00
2015/16,12.00,685630.00,4.00,4.00,314597.00,236602.00,1486.00,159.00
2015/16,12.00,685700.00,1.00,1.00,1.00,0.00,14.00,0.00
2015/16,12.00,715700.00,1.00,1.00,5.00,4.00,116.00,0.00
2015/16,12.00,715730.00,1.00,1.00,2.00,1.00,25.00,0.00
2015/16,12.00,725700.00,1.00,1.00,63188.00,48606.00,223.00,217.00
2015/16,12.00,725730.00,3.00,2.00,155792.00,125991.00,588.00,214.00
2015/16,12.00,735730.00,2.00,1.00,17906.00,13735.00,123.00,111.00
2015/16,12.00,735800.00,3.00,2.00,87784.00,63143.00,362.00,174.00
2015/16,13.00,665530.00,2.00,1.00,30294.00,20196.00,143.00,141.00
2015/16,13.00,665600.00,4.00,5.00,132692.00,84978.00,1341.00,63.00
2015/16,13.00,675530.00,2.00,1.00,2114.00,1409.00,21.00,67.00
2015/16,13.00,675600.00,6.00,6.00,451644.00,299809.00,2649.00,113.00
2015/16,13.00,675630.00,5.00,4.00,133372.00,87868.00,920.00,95.00
2015/16,13.00,685630.00,4.00,4.00,240148.00,184945.00,690.00,268.00
2015/16,13.00,715700.00,1.00,1.00,33406.00,26099.00,84.00,310.00
2015/16,13.00,725700.00,1.00,1.00,45324.00,38411.00,115.00,334.00
2015/16,13.00,725730.00,1.00,1.00,3412.00,2891.00,16.00,180.00
2015/16,14.00,675500.00,2.00,1.00,348.00,250.00,20.00,12.00
2015/16,14.00,675530.00,2.00,1.00,103363.00,74362.00,374.00,198.00
2015/16,14.00,675600.00,2.00,2.00,174604.00,125614.00,1096.00,114.00
2015/16,14.00,675630.00,3.00,3.00,10193.00,7360.00,828.00,8.00
2015/16,14.00,685530.00,2.00,1.00,221640.00,159454.00,586.00,272.00
2015/16,14.00,685600.00,2.00,2.00,35642.00,25642.00,217.00,118.00
2015/16,14.00,685630.00,3.00,3.00,207856.00,156351.00,794.00,196.00
2015/16,14.00,686500.00,1.00,1.00,3317.00,2386.00,16.00,149.00
2015/16,15.00,665530.00,1.00,1.00,573.00,376.00,5.00,75.00
2015/16,15.00,665600.00,2.00,2.00,82899.00,53106.00,456.00,116.00
2015/16,15.00,675530.00,1.00,1.00,8228.00,5413.00,127.00,42.00
2015/16,15.00,675600.00,3.00,3.00,200177.00,133358.00,1168.00,114.00
2015/16,15.00,675630.00,1.00,1.00,60533.00,39825.00,623.00,63.00
2015/16,15.00,685600.00,1.00,1.00,6445.00,4240.00,83.00,51.00
2015/16,15.00,685630.00,2.00,2.00,179225.00,120426.00,1361.00,88.00
2015/16,15.00,735800.00,1.00,1.00,6233.00,5068.00,149.00,34.00
2015/16,15.00,735830.00,1.00,1.00,129.00,105.00,22.00,4.00
2015/16,15.00,745800.00,1.00,1.00,3316.00,2696.00,82.00,32.00
2015/16,15.00,745830.00,1.00,1.00,28.00,23.00,2.00,11.00
2015/16,16.00,665600.00,1.00,1.00,91103.00,57660.00,464.00,124.00
2015/16,16.00,675530.00,1.00,2.00,117893.00,80965.00,1922.00,42.00
2015/16,16.00,675600.00,3.00,4.00,248549.00,168689.00,1410.00,119.00
2015/16,16.00,675630.00,3.00,2.00,2172.00,1510.00,74.00,20.00
2015/16,16.00,685530.00,1.00,2.00,37592.00,25848.00,141.00,183.00
2015/16,16.00,685600.00,3.00,2.00,33316.00,23457.00,230.00,101.00
2015/16,16.00,685630.00,2.00,3.00,114779.00,78492.00,909.00,86.00
2015/16,16.00,735730.00,1.00,1.00,9884.00,8036.00,213.00,37.00
2015/16,16.00,735800.00,1.00,1.00,69072.00,56156.00,716.00,78.00
2015/16,16.00,735830.00,1.00,1.00,188.00,153.00,9.00,17.00
2015/16,16.00,745800.00,1.00,1.00,1538.00,1251.00,61.00,20.00
2015/16,16.00,745830.00,1.00,1.00,188.00,153.00,9.00,17.00
2015/16,17.00,685600.00,1.00,1.00,3989.00,2642.00,70.00,37.00
2015/16,17.00,685630.00,1.00,1.00,195485.00,129460.00,1184.00,109.00
2015/16,17.00,725730.00,1.00,1.00,91842.00,70229.00,651.00,107.00
2015/16,17.00,735730.00,1.00,1.00,22693.00,17456.00,396.00,44.00
2015/16,17.00,735800.00,1.00,1.00,14.00,11.00,7.00,1.00
2015/16,17.00,735830.00,1.00,1.00,651.00,501.00,119.00,4.00
2015/16,17.00,745830.00,1.00,1.00,20.00,15.00,20.00,0.00
2015/16,18.00,665600.00,1.00,1.00,104966.00,72544.00,483.00,150.00
2015/16,18.00,675530.00,1.00,1.00,11663.00,8060.00,55.00,146.00
2015/16,18.00,675600.00,1.00,2.00,61073.00,42090.00,167.00,252.00
2015/16,18.00,685600.00,1.00,1.00,6797.00,4623.00,59.00,78.00
2015/16,18.00,685630.00,1.00,1.00,94506.00,62586.00,696.00,89.00
2015/16,18.00,725730.00,1.00,1.00,54300.00,41450.00,238.00,174.00
2015/16,19.00,685600.00,1.00,1.00,938.00,652.00,11.00,59.00
2015/16,19.00,685630.00,1.00,2.00,127932.00,85274.00,893.00,95.00
2015/16,19.00,725730.00,1.00,1.00,136532.00,96831.00,204.00,474.00
2015/16,20.00,665600.00,1.00,1.00,18369.00,12329.00,65.00,189.00
2015/16,20.00,675600.00,1.00,1.00,2270.00,1523.00,6.00,253.00
2015/16,20.00,685630.00,1.00,1.00,29419.00,18273.00,232.00,78.00
2015/16,42.00,615630.00,1.00,1.00,,,285.00,
2015/16,42.00,615700.00,1.00,1.00,,,78.00,
2015/16,42.00,635600.00,1.00,2.00,2.00,2.00,676.00,0.00
2015/16,43.00,635530.00,1.00,1.00,0.00,0.00,44.00,0.00
2015/16,43.00,635600.00,1.00,1.00,12.00,9.00,838.00,0.00
2015/16,44.00,635530.00,1.00,1.00,0.00,0.00,143.00,0.00
2015/16,44.00,635600.00,1.00,1.00,0.00,0.00,541.00,0.00
2015/16,44.00,635630.00,1.00,1.00,0.00,0.00,12.00,0.00
2015/16,44.00,645530.00,1.00,1.00,0.00,0.00,313.00,0.00
2015/16,44.00,645600.00,1.00,1.00,2.00,2.00,490.00,0.00
2015/16,44.00,655600.00,1.00,1.00,0.00,0.00,61.00,0.00
2015/16,44.00,665600.00,1.00,1.00,65.00,51.00,330.00,0.00
2015/16,44.00,665630.00,1.00,1.00,8.00,6.00,45.00,0.00
2015/16,44.00,725630.00,1.00,1.00,40521.00,27944.00,200.00,139.00
2015/16,44.00,725700.00,1.00,1.00,24763.00,17078.00,125.00,136.00
2015/16,44.00,735730.00,1.00,1.00,9755.00,6728.00,50.00,134.00
2015/16,45.00,635530.00,2.00,2.00,0.00,0.00,140.00,0.00
2015/16,45.00,635600.00,1.00,1.00,0.00,0.00,59.00,0.00
2015/16,45.00,645501.00,1.00,1.00,0.00,0.00,12.00,0.00
2015/16,45.00,645530.00,2.00,2.00,1.00,1.00,548.00,0.00
2015/16,45.00,645600.00,1.00,1.00,0.00,0.00,479.00,0.00
2015/16,45.00,645630.00,1.00,1.00,0.00,0.00,30.00,0.00
2015/16,45.00,655500.00,1.00,1.00,5.00,4.00,498.00,0.00
2015/16,45.00,655530.00,1.00,1.00,4.00,3.00,251.00,0.00
2015/16,45.00,655600.00,2.00,2.00,0.00,0.00,56.00,0.00
2015/16,45.00,655630.00,1.00,1.00,0.00,0.00,10.00,0.00
2015/16,45.00,665600.00,2.00,2.00,421.00,327.00,425.00,0.00
2015/16,45.00,665630.00,1.00,1.00,2.00,2.00,80.00,0.00
2015/16,45.00,665730.00,1.00,1.00,0.00,0.00,30.00,0.00
2015/16,45.00,675600.00,1.00,1.00,0.00,0.00,10.00,0.00
2015/16,45.00,675630.00,1.00,1.00,0.00,0.00,34.00,0.00
2015/16,45.00,675700.00,1.00,1.00,0.00,0.00,19.00,0.00
2015/16,45.00,675730.00,1.00,1.00,1.00,1.00,192.00,0.00
2015/16,45.00,685630.00,2.00,2.00,11568.00,8967.00,390.00,22.00
2015/16,45.00,705630.00,1.00,1.00,,,9.00,
2015/16,45.00,715630.00,1.00,1.00,,,33.00,
2015/16,45.00,715700.00,1.00,1.00,1.00,1.00,251.00,0.00
2015/16,45.00,735730.00,1.00,1.00,204698.00,159922.00,525.00,304.00
2015/16,46.00,635530.00,1.00,1.00,10.00,7.00,90.00,0.00
2015/16,46.00,635600.00,1.00,1.00,10.00,8.00,64.00,0.00
2015/16,46.00,645501.00,1.00,1.00,9.00,7.00,45.00,0.00
2015/16,46.00,645530.00,2.00,2.00,164.00,126.00,901.00,0.00
2015/16,46.00,655500.00,2.00,2.00,157.00,123.00,749.00,0.00
2015/16,46.00,655530.00,3.00,3.00,42.00,34.00,376.00,0.00
2015/16,46.00,685630.00,1.00,1.00,1887.00,1209.00,749.00,1.00
2015/16,46.00,715700.00,1.00,1.00,564.00,361.00,194.00,1.00
2015/16,47.00,645530.00,2.00,3.00,11.00,10.00,539.00,0.00
2015/16,47.00,645600.00,2.00,3.00,23.00,17.00,1209.00,0.00
2015/16,47.00,655530.00,1.00,2.00,11.00,8.00,471.00,0.00
2015/16,47.00,655600.00,1.00,2.00,31.00,24.00,1681.00,0.00
2015/16,47.00,735730.00,1.00,1.00,162317.00,122968.00,475.00,258.00
2015/16,48.00,635600.00,2.00,2.00,1.00,1.00,181.00,0.00
2015/16,48.00,645600.00,2.00,2.00,20.00,16.00,1252.00,0.00
2015/16,48.00,735730.00,1.00,1.00,203641.00,150104.00,750.00,200.00
2015/16,49.00,645501.00,1.00,1.00,4.00,3.00,170.00,0.00
2015/16,49.00,645530.00,1.00,2.00,2.00,2.00,446.00,0.00
2015/16,49.00,645600.00,2.00,2.00,3.00,3.00,427.00,0.00
2015/16,49.00,655500.00,1.00,1.00,9.00,7.00,687.00,0.00
2015/16,49.00,655530.00,2.00,2.00,20.00,15.00,1341.00,0.00
2015/16,49.00,655600.00,1.00,1.00,1.00,1.00,85.00,0.00
2015/16,49.00,665600.00,1.00,1.00,1637.00,935.00,220.00,4.00
2015/16,49.00,665630.00,1.00,1.00,882.00,504.00,141.00,3.00
2015/16,51.00,665600.00,1.00,1.00,250.00,194.00,356.00,0.00
2015/16,51.00,665630.00,1.00,1.00,2.00,2.00,14.00,0.00
2015/16,51.00,675530.00,1.00,1.00,2.00,1.00,13.00,0.00
2015/16,51.00,675630.00,1.00,1.00,594.00,427.00,166.00,2.00
2015/16,51.00,675700.00,1.00,1.00,2.00,2.00,20.00,0.00
2015/16,51.00,685530.00,1.00,1.00,1.00,1.00,3.00,0.00
2015/16,51.00,685600.00,1.00,1.00,4615.00,3320.00,790.00,4.00
2015/16,51.00,685630.00,1.00,1.00,2382.00,1714.00,506.00,3.00
2015/16,51.00,695600.00,1.00,1.00,27.00,20.00,29.00,0.00
2015/16,52.00,665600.00,1.00,1.00,11563.00,7761.00,122.00,63.00
2015/16,52.00,665630.00,1.00,1.00,568.00,381.00,3.00,127.00
2015/16,52.00,675600.00,1.00,1.00,282517.00,189609.00,732.00,259.00
2015/16,52.00,675630.00,1.00,1.00,59789.00,40126.00,156.00,257.00
2016/17,1.00,665530.00,1.00,1.00,224952.00,134701.00,569.00,236.00
2016/17,1.00,665600.00,2.00,2.00,87024.00,56155.00,343.00,163.00
2016/17,1.00,675500.00,1.00,1.00,2321.00,1389.00,13.00,106.00
2016/17,1.00,675530.00,1.00,1.00,4899.00,3828.00,58.00,66.00
2016/17,1.00,675600.00,4.00,4.00,73216.00,49083.00,400.00,122.00
2016/17,1.00,675630.00,2.00,2.00,11848.00,8112.00,147.00,55.00
2016/17,1.00,685500.00,1.00,1.00,1269.00,760.00,8.00,95.00
2016/17,1.00,685530.00,1.00,1.00,3266.00,2552.00,49.00,52.00
2016/17,1.00,685600.00,2.00,2.00,4786.00,3164.00,78.00,40.00
2016/17,1.00,715630.00,3.00,3.00,12886.00,10424.00,201.00,51.00
2016/17,1.00,715700.00,1.00,1.00,8745.00,7168.00,82.00,87.00
2016/17,1.00,725630.00,3.00,3.00,47021.00,37092.00,572.00,64.00
2016/17,1.00,725700.00,6.00,5.00,53584.00,42995.00,412.00,104.00
2016/17,1.00,725730.00,6.00,5.00,132535.00,107380.00,687.00,156.00
2016/17,1.00,735700.00,1.00,1.00,2471.00,1843.00,7.00,263.00
2016/17,1.00,735730.00,6.00,7.00,616405.00,484402.00,2186.00,221.00
2016/17,1.00,735800.00,5.00,6.00,391689.00,301617.00,952.00,316.00
2016/17,1.00,735830.00,3.00,2.00,3372.00,2643.00,29.00,91.00
2016/17,1.00,745800.00,5.00,5.00,628774.00,493024.00,1350.00,365.00
2016/17,1.00,745830.00,4.00,3.00,5194.00,4057.00,32.00,126.00
2016/17,1.00,775930.00,1.00,1.00,6986.00,5471.00,46.00,118.00
2016/17,2.00,665600.00,1.00,2.00,10647.00,6688.00,43.00,155.00
2016/17,2.00,675530.00,1.00,1.00,5954.00,3653.00,50.00,73.00
2016/17,2.00,675600.00,1.00,2.00,287989.00,184333.00,1234.00,149.00
2016/17,2.00,685600.00,1.00,1.00,4466.00,2740.00,15.00,182.00
2016/17,2.00,685630.00,1.00,1.00,50188.00,36633.00,215.00,170.00
2016/17,2.00,715630.00,1.00,2.00,21619.00,16701.00,315.00,53.00
2016/17,2.00,715700.00,2.00,4.00,25730.00,20796.00,264.00,78.00
2016/17,2.00,725630.00,1.00,1.00,4163.00,3227.00,30.00,107.00
2016/17,2.00,725700.00,2.00,4.00,261472.00,205507.00,1418.00,144.00
2016/17,2.00,725730.00,4.00,3.00,458753.00,369849.00,1777.00,208.00
2016/17,2.00,735700.00,2.00,1.00,9364.00,7551.00,26.00,290.00
2016/17,2.00,735730.00,9.00,9.00,602705.00,491624.00,2538.00,193.00
2016/17,2.00,735800.00,7.00,8.00,428464.00,344816.00,1653.00,208.00
2016/17,2.00,735830.00,3.00,3.00,3984.00,3192.00,52.00,61.00
2016/17,2.00,735900.00,1.00,1.00,23.00,19.00,7.00,2.00
2016/17,2.00,745700.00,2.00,1.00,3229.00,2605.00,10.00,260.00
2016/17,2.00,745800.00,6.00,5.00,410364.00,329337.00,1310.00,251.00
2016/17,2.00,745830.00,3.00,2.00,49580.00,41110.00,181.00,227.00
2016/17,3.00,665530.00,1.00,1.00,1074.00,752.00,16.00,47.00
2016/17,3.00,665600.00,1.00,1.00,4295.00,3003.00,17.00,176.00
2016/17,3.00,675530.00,1.00,1.00,,,12.00,
2016/17,3.00,675600.00,2.00,3.00,234605.00,158139.00,1339.00,118.00
2016/17,3.00,685600.00,2.00,2.00,2147.00,1501.00,26.00,57.00
2016/17,3.00,685630.00,2.00,2.00,104566.00,83867.00,560.00,149.00
2016/17,3.00,725630.00,2.00,1.00,124673.00,98167.00,444.00,221.00
2016/17,3.00,725700.00,4.00,5.00,452101.00,365132.00,2216.00,164.00
2016/17,3.00,725730.00,4.00,5.00,124285.00,99023.00,657.00,150.00
2016/17,3.00,725800.00,2.00,1.00,,,10.00,
2016/17,3.00,735630.00,1.00,1.00,8482.00,7069.00,25.00,282.00
2016/17,3.00,735700.00,3.00,2.00,8018.00,6429.00,35.00,183.00
2016/17,3.00,735730.00,5.00,7.00,184408.00,149868.00,1131.00,132.00
2016/17,3.00,735800.00,7.00,10.00,641106.00,529193.00,3402.00,155.00
2016/17,3.00,735830.00,4.00,4.00,60.00,46.00,185.00,0.00
2016/17,3.00,745800.00,7.00,8.00,445000.00,359422.00,1996.00,180.00
2016/17,3.00,745830.00,4.00,4.00,320764.00,251297.00,921.00,272.00
2016/17,3.00,745900.00,1.00,1.00,4414.00,3589.00,21.00,170.00
2016/17,3.00,745930.00,1.00,1.00,548.00,446.00,29.00,15.00
2016/17,3.00,755930.00,1.00,1.00,14153.00,11506.00,102.00,112.00
2016/17,3.00,756000.00,1.00,1.00,133.00,107.00,58.00,1.00
2016/17,3.00,765930.00,2.00,1.00,8993.00,6470.00,36.00,179.00
2016/17,3.00,766000.00,1.00,1.00,,,8.00,
2016/17,3.00,775930.00,2.00,1.00,114280.00,82216.00,394.00,208.00
2016/17,3.00,776000.00,2.00,1.00,15944.00,11469.00,38.00,301.00
2016/17,4.00,665530.00,5.00,4.00,320186.00,198725.00,1082.00,183.00
2016/17,4.00,665600.00,3.00,3.00,19086.00,12157.00,147.00,82.00
2016/17,4.00,665630.00,2.00,1.00,102.00,66.00,6.00,11.00
2016/17,4.00,675530.00,3.00,3.00,96407.00,63350.00,485.00,130.00
2016/17,4.00,675600.00,3.00,3.00,206347.00,135877.00,1220.00,111.00
2016/17,4.00,715700.00,1.00,1.00,8907.00,7424.00,38.00,195.00
2016/17,4.00,725700.00,5.00,6.00,388451.00,319384.00,1741.00,183.00
2016/17,4.00,725730.00,2.00,3.00,104371.00,85787.00,534.00,160.00
2016/17,4.00,735700.00,2.00,2.00,52769.00,40916.00,415.00,98.00
2016/17,4.00,735730.00,3.00,4.00,67965.00,56325.00,618.00,91.00
2016/17,4.00,735800.00,4.00,7.00,288986.00,241920.00,1632.00,148.00
2016/17,4.00,735830.00,3.00,3.00,4026.00,3390.00,211.00,16.00
2016/17,4.00,745700.00,1.00,1.00,744.00,621.00,16.00,38.00
2016/17,4.00,745800.00,3.00,5.00,123391.00,99283.00,878.00,113.00
2016/17,4.00,745830.00,3.00,3.00,252770.00,205767.00,822.00,250.00
2016/17,4.00,775900.00,2.00,1.00,609.00,458.00,2.00,229.00
2016/17,4.00,775930.00,2.00,1.00,65506.00,49251.00,167.00,294.00
2016/17,5.00,655530.00,2.00,1.00,,,2.00,
2016/17,5.00,665500.00,1.00,1.00,3618.00,2247.00,25.00,89.00
2016/17,5.00,665530.00,7.00,9.00,523597.00,322321.00,3014.00,106.00
2016/17,5.00,665600.00,5.00,5.00,318933.00,190993.00,1698.00,112.00
2016/17,5.00,675530.00,7.00,6.00,19039.00,12645.00,281.00,45.00
2016/17,5.00,675600.00,8.00,8.00,428540.00,310127.00,2326.00,133.00
2016/17,5.00,675630.00,2.00,2.00,12041.00,9044.00,133.00,68.00
2016/17,5.00,685600.00,6.00,7.00,231846.00,168261.00,1271.00,132.00
2016/17,5.00,685630.00,4.00,4.00,106359.00,80265.00,646.00,124.00
2016/17,5.00,705600.00,2.00,1.00,0.00,0.00,112.00,0.00
2016/17,5.00,705630.00,2.00,1.00,0.00,0.00,5.00,0.00
2016/17,5.00,715630.00,3.00,2.00,11304.00,8970.00,99.00,90.00
2016/17,5.00,715700.00,3.00,2.00,17519.00,13953.00,91.00,153.00
2016/17,5.00,725630.00,1.00,1.00,12610.00,10008.00,106.00,94.00
2016/17,5.00,725700.00,7.00,16.00,609006.00,493585.00,4252.00,116.00
2016/17,5.00,725730.00,8.00,14.00,356782.00,283288.00,2616.00,108.00
2016/17,5.00,725800.00,3.00,1.00,205.00,155.00,50.00,3.00
2016/17,5.00,725830.00,1.00,1.00,2011.00,1636.00,47.00,34.00
2016/17,5.00,735630.00,2.00,1.00,0.00,0.00,3.00,0.00
2016/17,5.00,735700.00,5.00,7.00,66214.00,52652.00,702.00,75.00
2016/17,5.00,735730.00,7.00,7.00,132948.00,106942.00,1041.00,102.00
2016/17,5.00,735800.00,6.00,8.00,97805.00,78207.00,1016.00,76.00
2016/17,5.00,735830.00,2.00,2.00,5212.00,3616.00,167.00,21.00
2016/17,5.00,745730.00,2.00,1.00,61.00,38.00,9.00,4.00
2016/17,5.00,745800.00,6.00,7.00,48821.00,37418.00,534.00,70.00
2016/17,5.00,745830.00,2.00,1.00,2745.00,1961.00,26.00,75.00
2016/17,5.00,755830.00,1.00,1.00,40861.00,30723.00,382.00,80.00
2016/17,5.00,765930.00,3.00,1.00,989.00,744.00,29.00,25.00
2016/17,5.00,775930.00,3.00,1.00,2226.00,1674.00,31.00,54.00
2016/17,5.00,785930.00,3.00,1.00,195263.00,146812.00,391.00,375.00
2016/17,6.00,665530.00,2.00,3.00,158398.00,97975.00,893.00,109.00
2016/17,6.00,665600.00,2.00,2.00,96152.00,60115.00,651.00,92.00
2016/17,6.00,675530.00,3.00,2.00,32256.00,22981.00,312.00,73.00
2016/17,6.00,675600.00,3.00,3.00,187018.00,136141.00,1207.00,112.00
2016/17,6.00,675630.00,1.00,1.00,1980.00,1293.00,24.00,53.00
2016/17,6.00,685600.00,4.00,2.00,130550.00,90523.00,957.00,94.00
2016/17,6.00,685630.00,3.00,1.00,57940.00,44137.00,272.00,162.00
2016/17,6.00,715700.00,4.00,4.00,169993.00,140960.00,828.00,170.00
2016/17,6.00,715730.00,2.00,1.00,2464.00,2053.00,21.00,97.00
2016/17,6.00,725700.00,6.00,10.00,248139.00,200243.00,1704.00,117.00
2016/17,6.00,725730.00,6.00,8.00,88396.00,71527.00,731.00,97.00
2016/17,6.00,735700.00,5.00,7.00,92159.00,73101.00,840.00,87.00
2016/17,6.00,735730.00,4.00,5.00,196748.00,162896.00,1494.00,109.00
2016/17,6.00,735800.00,2.00,1.00,3855.00,3352.00,24.00,139.00
2016/17,6.00,745800.00,2.00,1.00,37252.00,32393.00,138.00,234.00
2016/17,6.00,745830.00,4.00,3.00,111393.00,93904.00,573.00,163.00
2016/17,6.00,745900.00,2.00,2.00,1360.00,1096.00,51.00,21.00
2016/17,6.00,755830.00,2.00,2.00,201649.00,151952.00,1347.00,112.00
2016/17,6.00,755900.00,2.00,2.00,129967.00,104808.00,416.00,251.00
2016/17,6.00,755930.00,1.00,1.00,57527.00,46393.00,208.00,223.00
2016/17,7.00,665500.00,1.00,1.00,3110.00,1908.00,8.00,238.00
2016/17,7.00,665530.00,4.00,3.00,151525.00,94078.00,653.00,144.00
2016/17,7.00,665600.00,4.00,3.00,30142.00,18889.00,223.00,84.00
2016/17,7.00,665630.00,1.00,1.00,3844.00,2358.00,25.00,94.00
2016/17,7.00,675600.00,6.00,6.00,164953.00,118471.00,1210.00,97.00
2016/17,7.00,675630.00,4.00,3.00,63896.00,44813.00,462.00,96.00
2016/17,7.00,685600.00,6.00,5.00,134369.00,93361.00,716.00,130.00
2016/17,7.00,685630.00,6.00,5.00,236840.00,163706.00,1867.00,87.00
2016/17,7.00,715630.00,2.00,2.00,5143.00,4053.00,21.00,193.00
2016/17,7.00,715700.00,8.00,6.00,111224.00,91502.00,766.00,119.00
2016/17,7.00,715730.00,4.00,2.00,3731.00,3028.00,19.00,159.00
2016/17,7.00,725600.00,2.00,2.00,2181.00,1718.00,13.00,132.00
2016/17,7.00,725630.00,1.00,2.00,145102.00,114280.00,740.00,154.00
2016/17,7.00,725700.00,8.00,9.00,403335.00,336167.00,3088.00,108.00
2016/17,7.00,725730.00,7.00,6.00,93796.00,80193.00,755.00,106.00
2016/17,7.00,735700.00,4.00,3.00,27780.00,20525.00,223.00,92.00
2016/17,7.00,735730.00,4.00,3.00,29691.00,24546.00,227.00,108.00
2016/17,7.00,735830.00,1.00,1.00,,,20.00,
2016/17,7.00,745830.00,4.00,4.00,463948.00,368906.00,2568.00,143.00
2016/17,7.00,745900.00,1.00,1.00,,,1.00,
2016/17,7.00,755830.00,1.00,1.00,71224.00,53551.00,581.00,92.00
2016/17,7.00,755900.00,1.00,1.00,109888.00,90073.00,486.00,185.00
2016/17,7.00,755930.00,1.00,1.00,40644.00,33314.00,268.00,124.00
2016/17,7.00,785930.00,1.00,2.00,398666.00,304553.00,825.00,369.00
2016/17,7.00,795930.00,1.00,1.00,,,20.00,
2016/17,8.00,665500.00,1.00,1.00,1779.00,1280.00,10.00,128.00
2016/17,8.00,665530.00,4.00,3.00,100758.00,64538.00,499.00,129.00
2016/17,8.00,665600.00,5.00,5.00,267371.00,179403.00,1612.00,111.00
2016/17,8.00,665630.00,3.00,1.00,1643.00,1095.00,7.00,156.00
2016/17,8.00,665700.00,3.00,1.00,1606.00,1072.00,13.00,82.00
2016/17,8.00,675530.00,5.00,2.00,84066.00,56419.00,540.00,104.00
2016/17,8.00,675600.00,6.00,5.00,274531.00,199221.00,2164.00,92.00
2016/17,8.00,675630.00,1.00,1.00,1779.00,1280.00,20.00,64.00
2016/17,8.00,685600.00,3.00,2.00,54534.00,35605.00,369.00,96.00
2016/17,8.00,685630.00,4.00,4.00,242211.00,168696.00,1505.00,112.00
2016/17,8.00,715600.00,2.00,1.00,,,2.00,
2016/17,8.00,715630.00,4.00,4.00,98141.00,81417.00,798.00,102.00
2016/17,8.00,715700.00,4.00,4.00,360484.00,296886.00,2384.00,124.00
2016/17,8.00,715730.00,2.00,1.00,1876.00,1551.00,25.00,62.00
2016/17,8.00,725630.00,3.00,3.00,64062.00,54596.00,338.00,161.00
2016/17,8.00,725700.00,5.00,6.00,233694.00,196614.00,1523.00,129.00
2016/17,8.00,725730.00,1.00,1.00,4996.00,4235.00,40.00,105.00
2016/17,8.00,735700.00,1.00,1.00,,,8.00,
2016/17,8.00,745830.00,1.00,1.00,34567.00,26387.00,494.00,53.00
2016/17,8.00,745900.00,1.00,1.00,4968.00,3974.00,42.00,94.00
2016/17,8.00,745930.00,1.00,1.00,126.00,101.00,3.00,33.00
2016/17,8.00,755830.00,1.00,1.00,151.00,115.00,2.00,57.00
2016/17,8.00,755900.00,1.00,1.00,46727.00,37382.00,260.00,143.00
2016/17,8.00,755930.00,1.00,1.00,2896.00,2317.00,12.00,193.00
2016/17,8.00,775930.00,1.00,1.00,253.00,203.00,46.00,4.00
2016/17,8.00,785930.00,1.00,1.00,5732.00,4585.00,13.00,352.00
2016/17,9.00,665530.00,3.00,2.00,17516.00,11121.00,89.00,124.00
2016/17,9.00,665600.00,3.00,2.00,51093.00,32487.00,721.00,45.00
2016/17,9.00,665630.00,2.00,1.00,831.00,525.00,7.00,75.00
2016/17,9.00,675530.00,4.00,4.00,43503.00,29570.00,237.00,124.00
2016/17,9.00,675600.00,5.00,6.00,198723.00,139857.00,1728.00,80.00
2016/17,9.00,675630.00,3.00,3.00,108865.00,80466.00,655.00,122.00
2016/17,9.00,685600.00,1.00,1.00,7711.00,5842.00,39.00,149.00
2016/17,9.00,685630.00,3.00,3.00,134370.00,100626.00,855.00,117.00
2016/17,10.00,685600.00,1.00,1.00,33949.00,24780.00,120.00,206.00
2016/17,10.00,715630.00,6.00,5.00,263455.00,210395.00,1402.00,150.00
2016/17,10.00,715700.00,3.00,2.00,13582.00,11280.00,139.00,81.00
2016/17,10.00,725600.00,2.00,1.00,1422.00,1228.00,6.00,204.00
2016/17,10.00,725630.00,4.00,2.00,110339.00,94630.00,574.00,164.00
2016/17,10.00,725700.00,4.00,2.00,17652.00,14670.00,116.00,126.00
2016/17,10.00,725730.00,2.00,1.00,1077.00,929.00,5.00,185.00
2016/17,11.00,665530.00,2.00,2.00,41621.00,26890.00,157.00,171.00
2016/17,11.00,665600.00,2.00,1.00,68.00,47.00,10.00,4.00
2016/17,11.00,675530.00,2.00,2.00,25688.00,16534.00,206.00,80.00
2016/17,11.00,675600.00,3.00,3.00,176914.00,116311.00,1039.00,111.00
2016/17,11.00,675630.00,3.00,3.00,73591.00,47955.00,520.00,92.00
2016/17,11.00,685600.00,1.00,1.00,4749.00,3084.00,36.00,85.00
2016/17,11.00,685630.00,3.00,4.00,200876.00,139502.00,1074.00,129.00
2016/17,11.00,715700.00,2.00,1.00,25835.00,21530.00,285.00,75.00
2016/17,11.00,725630.00,2.00,1.00,261226.00,217688.00,1333.00,163.00
2016/17,12.00,685630.00,1.00,1.00,29337.00,20807.00,172.00,120.00
2016/17,13.00,675600.00,1.00,1.00,2455.00,1573.00,33.00,47.00
2016/17,13.00,675630.00,1.00,1.00,1894.00,1214.00,13.00,93.00
2016/17,13.00,685630.00,1.00,1.00,2665.00,1709.00,19.00,89.00
2016/17,14.00,675530.00,1.00,1.00,31896.00,21697.00,405.00,53.00
2016/17,14.00,675630.00,1.00,1.00,7974.00,5425.00,67.00,80.00
2016/17,14.00,685530.00,1.00,1.00,12323.00,8384.00,102.00,82.00
2016/17,14.00,685600.00,1.00,1.00,1450.00,986.00,70.00,14.00
2016/17,14.00,685630.00,1.00,1.00,18848.00,12822.00,255.00,50.00
2016/17,16.00,675600.00,1.00,1.00,2104.00,1384.00,31.00,44.00
2016/17,16.00,675630.00,1.00,1.00,18236.00,11998.00,101.00,118.00
2016/17,16.00,685630.00,1.00,1.00,14729.00,9690.00,169.00,57.00
2016/17,42.00,635600.00,1.00,1.00,5.00,4.00,397.00,0.00
2017/18,1.00,715700.00,1.00,1.00,3405.00,2838.00,41.00,69.00
2017/18,1.00,725700.00,4.00,3.00,118452.00,98851.00,555.00,178.00
2017/18,1.00,725730.00,5.00,3.00,211484.00,183540.00,1022.00,179.00
2017/18,1.00,735730.00,7.00,5.00,156466.00,127110.00,969.00,131.00
2017/18,1.00,735800.00,7.00,6.00,902024.00,711656.00,3581.00,198.00
2017/18,1.00,735830.00,7.00,6.00,102082.00,80432.00,414.00,194.00
2017/18,1.00,735900.00,1.00,1.00,200.00,153.00,13.00,11.00
2017/18,1.00,745800.00,7.00,6.00,133998.00,107402.00,557.00,192.00
2017/18,1.00,745830.00,5.00,4.00,515590.00,401511.00,1254.00,320.00
2017/18,1.00,745900.00,1.00,1.00,335.00,255.00,14.00,18.00
2017/18,1.00,745930.00,2.00,1.00,1142.00,900.00,45.00,20.00
2017/18,1.00,746000.00,1.00,1.00,6.00,5.00,2.00,2.00
2017/18,1.00,755930.00,2.00,1.00,1359.00,1070.00,21.00,50.00
2017/18,1.00,756000.00,2.00,1.00,39.00,32.00,8.00,4.00
2017/18,1.00,765900.00,3.00,1.00,0.00,0.00,84.00,0.00
2017/18,1.00,765930.00,4.00,2.00,324.00,256.00,6.00,42.00
2017/18,1.00,766030.00,2.00,1.00,26.00,21.00,5.00,4.00
2017/18,1.00,776000.00,3.00,1.00,0.00,0.00,13.00,0.00
2017/18,1.00,776030.00,5.00,2.00,68.00,54.00,74.00,0.00
2017/18,1.00,785930.00,1.00,1.00,0.00,0.00,55.00,0.00
2017/18,1.00,786030.00,5.00,2.00,237.00,187.00,28.00,6.00
2017/18,2.00,655500.00,3.00,2.00,1419.00,1028.00,104.00,9.00
2017/18,2.00,655530.00,3.00,2.00,1942.00,1407.00,96.00,14.00
2017/18,2.00,665430.00,1.00,1.00,0.00,0.00,3.00,0.00
2017/18,2.00,665500.00,3.00,2.00,365.00,265.00,17.00,15.00
2017/18,2.00,665530.00,5.00,3.00,14020.00,10362.00,290.00,35.00
2017/18,2.00,665600.00,2.00,1.00,1015.00,735.00,19.00,38.00
2017/18,2.00,665630.00,2.00,1.00,196.00,142.00,3.00,47.00
2017/18,2.00,675530.00,5.00,3.00,32151.00,25331.00,406.00,62.00
2017/18,2.00,675600.00,5.00,3.00,175882.00,143804.00,1629.00,88.00
2017/18,2.00,685530.00,1.00,1.00,3476.00,2896.00,72.00,40.00
2017/18,2.00,685600.00,4.00,3.00,17431.00,12793.00,159.00,80.00
2017/18,2.00,685630.00,3.00,2.00,13050.00,9647.00,244.00,39.00
2017/18,2.00,715630.00,4.00,3.00,72887.00,58168.00,437.00,133.00
2017/18,2.00,725630.00,4.00,3.00,98789.00,79276.00,579.00,136.00
2017/18,2.00,725700.00,2.00,4.00,148539.00,127148.00,678.00,187.00
2017/18,2.00,725730.00,2.00,4.00,346334.00,297951.00,1511.00,197.00
2017/18,2.00,735730.00,3.00,3.00,166583.00,141551.00,695.00,203.00
2017/18,2.00,735800.00,1.00,1.00,50979.00,38620.00,370.00,104.00
2017/18,2.00,745800.00,1.00,1.00,5098.00,3862.00,89.00,43.00
2017/18,2.00,755930.00,2.00,1.00,405613.00,316886.00,1073.00,295.00
2017/18,2.00,756000.00,2.00,1.00,64.00,50.00,10.00,5.00
2017/18,2.00,765930.00,2.00,1.00,831.00,648.00,15.00,43.00
2017/18,2.00,775930.00,2.00,1.00,103.00,80.00,10.00,8.00
2017/18,2.00,776000.00,2.00,1.00,155.00,122.00,11.00,11.00
2017/18,3.00,655500.00,1.00,1.00,837.00,495.00,25.00,19.00
2017/18,3.00,655530.00,1.00,1.00,8368.00,4952.00,116.00,42.00
2017/18,3.00,655600.00,1.00,1.00,1004.00,594.00,21.00,28.00
2017/18,3.00,665430.00,1.00,1.00,0.00,0.00,2.00,0.00
2017/18,3.00,665530.00,2.00,2.00,1850.00,1130.00,125.00,9.00
2017/18,3.00,665600.00,1.00,1.00,335.00,198.00,22.00,9.00
2017/18,3.00,675530.00,3.00,3.00,6971.00,5481.00,135.00,40.00
2017/18,3.00,675600.00,2.00,2.00,757.00,606.00,30.00,20.00
2017/18,3.00,685530.00,1.00,1.00,4184.00,2476.00,149.00,16.00
2017/18,3.00,685600.00,4.00,3.00,205344.00,172144.00,1230.00,139.00
2017/18,3.00,685630.00,4.00,2.00,124561.00,102141.00,468.00,218.00
2017/18,3.00,705600.00,1.00,1.00,0.00,0.00,10.00,0.00
2017/18,3.00,715600.00,3.00,1.00,0.00,0.00,32.00,0.00
2017/18,3.00,715630.00,4.00,3.00,190107.00,166551.00,1165.00,142.00
2017/18,3.00,715700.00,2.00,2.00,12187.00,10979.00,106.00,103.00
2017/18,3.00,725600.00,2.00,1.00,108750.00,99771.00,415.00,240.00
2017/18,3.00,725630.00,5.00,4.00,201779.00,173415.00,912.00,190.00
2017/18,3.00,725700.00,4.00,5.00,153349.00,130180.00,872.00,149.00
2017/18,3.00,725730.00,4.00,7.00,364551.00,308547.00,1813.00,170.00
2017/18,3.00,735700.00,3.00,3.00,25622.00,21591.00,132.00,163.00
2017/18,3.00,735730.00,4.00,4.00,431933.00,363668.00,1674.00,217.00
2017/18,3.00,735800.00,3.00,3.00,79258.00,60871.00,594.00,102.00
2017/18,3.00,735830.00,3.00,3.00,73894.00,57840.00,325.00,177.00
2017/18,3.00,745800.00,3.00,3.00,32298.00,25052.00,239.00,104.00
2017/18,3.00,745830.00,3.00,3.00,191348.00,152877.00,765.00,199.00
2017/18,4.00,665600.00,2.00,1.00,580.00,503.00,110.00,4.00
2017/18,4.00,675600.00,1.00,1.00,1947.00,1621.00,27.00,60.00
2017/18,4.00,675630.00,1.00,1.00,343.00,286.00,4.00,71.00
2017/18,4.00,685600.00,2.00,2.00,7660.00,6383.00,82.00,77.00
2017/18,4.00,685630.00,2.00,2.00,100574.00,80054.00,609.00,131.00
2017/18,4.00,695600.00,1.00,1.00,0.00,0.00,10.00,0.00
2017/18,4.00,715630.00,4.00,3.00,18396.00,16131.00,105.00,153.00
2017/18,4.00,715700.00,2.00,2.00,3138.00,2623.00,33.00,79.00
2017/18,4.00,725630.00,4.00,6.00,418082.00,360842.00,3496.00,103.00
2017/18,4.00,725700.00,6.00,12.00,225345.00,192096.00,2082.00,92.00
2017/18,4.00,725730.00,6.00,11.00,632318.00,535710.00,4526.00,118.00
2017/18,4.00,735700.00,5.00,6.00,164731.00,134945.00,1158.00,116.00
2017/18,4.00,735730.00,6.00,7.00,110320.00,93141.00,787.00,118.00
2017/18,4.00,735800.00,3.00,2.00,42603.00,35471.00,280.00,126.00
2017/18,4.00,735830.00,3.00,3.00,111041.00,88561.00,505.00,175.00
2017/18,4.00,745700.00,2.00,1.00,3297.00,2681.00,41.00,65.00
2017/18,4.00,745730.00,2.00,1.00,55.00,45.00,9.00,5.00
2017/18,4.00,745800.00,4.00,3.00,37700.00,30064.00,172.00,174.00
2017/18,4.00,745830.00,5.00,5.00,273791.00,218529.00,1791.00,122.00
2017/18,4.00,755830.00,1.00,1.00,5875.00,4896.00,40.00,122.00
2017/18,4.00,755930.00,2.00,2.00,508901.00,389941.00,1244.00,313.00
2017/18,5.00,675600.00,4.00,3.00,129056.00,101462.00,800.00,126.00
2017/18,5.00,675630.00,2.00,1.00,579.00,452.00,17.00,26.00
2017/18,5.00,685600.00,7.00,6.00,234066.00,196538.00,1760.00,111.00
2017/18,5.00,685630.00,4.00,3.00,14402.00,11562.00,192.00,60.00
2017/18,5.00,695600.00,1.00,1.00,0.00,0.00,10.00,0.00
2017/18,5.00,715630.00,8.00,7.00,445226.00,403016.00,3675.00,109.00
2017/18,5.00,715700.00,3.00,3.00,16440.00,14210.00,131.00,108.00
2017/18,5.00,715730.00,2.00,1.00,3444.00,2969.00,13.00,228.00
2017/18,5.00,725600.00,1.00,1.00,2764.00,2468.00,26.00,94.00
2017/18,5.00,725630.00,9.00,10.00,354922.00,322297.00,3436.00,93.00
2017/18,5.00,725700.00,6.00,11.00,474048.00,414129.00,3382.00,122.00
2017/18,5.00,725730.00,4.00,7.00,168244.00,146699.00,1184.00,123.00
2017/18,5.00,735630.00,1.00,1.00,0.00,0.00,9.00,0.00
2017/18,5.00,735700.00,3.00,4.00,105855.00,89139.00,735.00,121.00
2017/18,5.00,735730.00,3.00,3.00,117633.00,99171.00,713.00,139.00
2017/18,5.00,735800.00,4.00,2.00,15430.00,12402.00,143.00,86.00
2017/18,5.00,735830.00,4.00,2.00,37977.00,29968.00,266.00,112.00
2017/18,5.00,745800.00,3.00,1.00,2669.00,2101.00,41.00,51.00
2017/18,5.00,745830.00,5.00,4.00,223791.00,176323.00,983.00,179.00
2017/18,5.00,745900.00,2.00,1.00,65.00,48.00,18.00,2.00
2017/18,5.00,745930.00,2.00,1.00,502.00,370.00,4.00,92.00
2017/18,5.00,755830.00,2.00,1.00,383.00,281.00,19.00,14.00
2017/18,5.00,755900.00,2.00,1.00,7672.00,5642.00,72.00,78.00
2017/18,5.00,755930.00,3.00,3.00,499283.00,379103.00,1518.00,249.00
2017/18,5.00,765830.00,2.00,1.00,482.00,354.00,60.00,5.00
2017/18,5.00,765900.00,2.00,1.00,86.00,63.00,36.00,1.00
2017/18,6.00,675530.00,2.00,2.00,23340.00,20357.00,660.00,30.00
2017/18,6.00,675600.00,2.00,2.00,23559.00,19209.00,247.00,77.00
2017/18,6.00,685530.00,1.00,1.00,5917.00,4659.00,79.00,58.00
2017/18,6.00,685600.00,3.00,3.00,87398.00,69501.00,757.00,91.00
2017/18,6.00,685630.00,3.00,2.00,71300.00,57682.00,392.00,147.00
2017/18,6.00,705600.00,1.00,1.00,33.00,28.00,8.00,3.00
2017/18,6.00,705630.00,2.00,1.00,20.00,17.00,32.00,0.00
2017/18,6.00,715600.00,2.00,1.00,4079.00,3428.00,45.00,76.00
2017/18,6.00,715630.00,7.00,10.00,267586.00,222278.00,2581.00,86.00
2017/18,6.00,715700.00,5.00,5.00,17063.00,14500.00,155.00,93.00
2017/18,6.00,725630.00,5.00,7.00,121884.00,107343.00,1251.00,85.00
2017/18,6.00,725700.00,7.00,13.00,591834.00,506463.00,4839.00,104.00
2017/18,6.00,725730.00,4.00,6.00,302965.00,260949.00,1936.00,134.00
2017/18,6.00,735700.00,1.00,1.00,567.00,488.00,19.00,25.00
2017/18,6.00,745900.00,3.00,1.00,1338.00,1060.00,20.00,53.00
2017/18,6.00,745930.00,5.00,2.00,88682.00,71167.00,281.00,253.00
2017/18,6.00,755900.00,3.00,1.00,1132.00,898.00,12.00,74.00
2017/18,6.00,755930.00,6.00,4.00,560018.00,456526.00,2009.00,227.00
2017/18,7.00,675600.00,2.00,2.00,62783.00,47932.00,354.00,135.00
2017/18,7.00,685600.00,2.00,2.00,65354.00,54988.00,358.00,153.00
2017/18,7.00,685630.00,1.00,1.00,3423.00,2901.00,56.00,51.00
2017/18,7.00,715630.00,6.00,7.00,175840.00,151793.00,1965.00,77.00
2017/18,7.00,715700.00,2.00,2.00,5115.00,4505.00,49.00,91.00
2017/18,7.00,715730.00,2.00,1.00,1233.00,1110.00,17.00,65.00
2017/18,7.00,725600.00,1.00,1.00,4144.00,3572.00,45.00,79.00
2017/18,7.00,725630.00,6.00,4.00,81090.00,73836.00,718.00,102.00
2017/18,7.00,725700.00,7.00,6.00,134936.00,117355.00,1530.00,76.00
2017/18,7.00,725730.00,4.00,5.00,54568.00,47681.00,525.00,90.00
2017/18,7.00,735700.00,5.00,3.00,14854.00,12839.00,206.00,62.00
2017/18,7.00,735730.00,2.00,2.00,2115.00,1855.00,27.00,68.00
2017/18,7.00,735800.00,1.00,1.00,43302.00,35204.00,432.00,81.00
2017/18,7.00,735830.00,1.00,1.00,4385.00,3565.00,44.00,81.00
2017/18,7.00,745830.00,1.00,1.00,7126.00,5794.00,69.00,83.00
2017/18,7.00,745900.00,1.00,1.00,105.00,81.00,5.00,16.00
2017/18,7.00,745930.00,3.00,2.00,161607.00,132097.00,469.00,281.00
2017/18,7.00,755630.00,2.00,1.00,861.00,696.00,2.00,348.00
2017/18,7.00,755700.00,2.00,1.00,1721.00,1390.00,4.00,347.00
2017/18,7.00,755730.00,2.00,1.00,1721.00,1390.00,4.00,347.00
2017/18,7.00,755800.00,2.00,1.00,861.00,696.00,2.00,348.00
2017/18,7.00,755830.00,2.00,1.00,1721.00,1390.00,4.00,347.00
2017/18,7.00,755900.00,3.00,2.00,4063.00,3192.00,74.00,43.00
2017/18,7.00,755930.00,6.00,3.00,469912.00,372684.00,1788.00,208.00
2017/18,8.00,675600.00,2.00,3.00,64201.00,48530.00,346.00,140.00
2017/18,8.00,685600.00,2.00,3.00,81122.00,64251.00,585.00,109.00
2017/18,8.00,685630.00,2.00,2.00,146.00,117.00,38.00,3.00
2017/18,8.00,705600.00,3.00,2.00,14.00,13.00,81.00,0.00
2017/18,8.00,705630.00,3.00,2.00,9.00,9.00,38.00,0.00
2017/18,8.00,715600.00,1.00,1.00,36.00,33.00,5.00,6.00
2017/18,8.00,715630.00,6.00,7.00,231226.00,208703.00,3210.00,65.00
2017/18,8.00,715700.00,4.00,3.00,51439.00,46251.00,608.00,76.00
2017/18,8.00,715730.00,3.00,2.00,3707.00,3347.00,31.00,107.00
2017/18,8.00,725700.00,6.00,6.00,69764.00,63462.00,693.00,91.00
2017/18,8.00,725730.00,5.00,5.00,247141.00,223176.00,2372.00,94.00
2017/18,8.00,735700.00,2.00,2.00,25535.00,23218.00,388.00,59.00
2017/18,8.00,745900.00,3.00,2.00,40402.00,33679.00,110.00,306.00
2017/18,8.00,745930.00,3.00,2.00,131425.00,107448.00,396.00,271.00
2017/18,8.00,755930.00,2.00,2.00,159320.00,131403.00,647.00,203.00
2017/18,9.00,675530.00,2.00,2.00,590.00,441.00,117.00,3.00
2017/18,9.00,675600.00,2.00,4.00,194488.00,148004.00,1227.00,120.00
2017/18,9.00,685600.00,2.00,2.00,143707.00,112426.00,740.00,151.00
2017/18,9.00,685630.00,1.00,1.00,33247.00,26178.00,199.00,131.00
2017/18,9.00,695600.00,1.00,1.00,0.00,0.00,23.00,0.00
2017/18,9.00,705530.00,1.00,1.00,0.00,0.00,30.00,0.00
2017/18,9.00,705600.00,1.00,1.00,126.00,110.00,177.00,0.00
2017/18,9.00,705630.00,1.00,1.00,0.00,0.00,27.00,0.00
2017/18,9.00,715630.00,3.00,3.00,39503.00,35068.00,783.00,44.00
2017/18,9.00,715700.00,2.00,1.00,2939.00,2697.00,29.00,93.00
2017/18,9.00,725630.00,1.00,1.00,5010.00,4356.00,38.00,114.00
2017/18,9.00,725700.00,5.00,3.00,108615.00,98849.00,952.00,103.00
2017/18,9.00,725730.00,5.00,4.00,154805.00,136700.00,1252.00,109.00
2017/18,9.00,735700.00,2.00,2.00,54009.00,47551.00,393.00,120.00
2017/18,9.00,745700.00,1.00,1.00,51904.00,45932.00,363.00,126.00
2017/18,9.00,745900.00,5.00,5.00,166076.00,130853.00,424.00,308.00
2017/18,9.00,745930.00,6.00,7.00,500687.00,397272.00,1584.00,250.00
2017/18,9.00,755900.00,2.00,2.00,17699.00,13765.00,32.00,430.00
2017/18,9.00,755930.00,7.00,7.00,326523.00,258154.00,1136.00,227.00
2017/18,10.00,675600.00,1.00,1.00,19190.00,12966.00,349.00,37.00
2017/18,10.00,685600.00,1.00,1.00,7838.00,5296.00,145.00,36.00
2017/18,11.00,675530.00,1.00,1.00,624.00,471.00,2.00,235.00
2017/18,11.00,675600.00,2.00,2.00,22335.00,18761.00,146.00,128.00
2017/18,11.00,675900.00,1.00,1.00,3743.00,2836.00,23.00,123.00
2017/18,11.00,685600.00,1.00,1.00,23707.00,17960.00,99.00,181.00
2017/18,11.00,685630.00,1.00,1.00,25578.00,19378.00,77.00,251.00
2017/18,11.00,715630.00,3.00,3.00,89409.00,80017.00,1136.00,70.00
2017/18,11.00,725700.00,2.00,2.00,30908.00,26887.00,244.00,110.00
2017/18,11.00,725730.00,3.00,3.00,82181.00,72860.00,655.00,111.00
2017/18,11.00,735730.00,1.00,1.00,1602.00,1282.00,6.00,213.00
2017/18,11.00,735900.00,1.00,1.00,82079.00,64629.00,153.00,422.00
2017/18,11.00,745900.00,2.00,3.00,138349.00,109775.00,698.00,157.00
2017/18,11.00,745930.00,2.00,3.00,82682.00,65687.00,456.00,144.00
2017/18,11.00,755930.00,1.00,2.00,140832.00,112405.00,737.00,152.00
2017/18,12.00,675600.00,1.00,1.00,4287.00,3697.00,24.00,154.00
2017/18,12.00,685600.00,1.00,1.00,3628.00,3127.00,26.00,120.00
2017/18,12.00,715630.00,1.00,1.00,25065.00,21607.00,186.00,116.00
2017/18,12.00,715700.00,1.00,1.00,13222.00,11399.00,600.00,18.00
2017/18,12.00,725730.00,2.00,2.00,12573.00,11020.00,271.00,40.00
2017/18,12.00,745900.00,1.00,1.00,70927.00,54982.00,147.00,374.00
2017/18,12.00,745930.00,1.00,1.00,3733.00,2894.00,8.00,361.00
2017/18,13.00,715630.00,1.00,1.00,3506.00,2760.00,48.00,57.00
2017/18,13.00,725730.00,1.00,1.00,23359.00,21603.00,192.00,112.00
2017/18,13.00,755930.00,1.00,2.00,61825.00,48550.00,465.00,104.00
2017/18,14.00,725630.00,1.00,1.00,3874.00,3339.00,30.00,111.00
2017/18,14.00,725700.00,2.00,2.00,20220.00,17431.00,207.00,84.00
2017/18,14.00,725730.00,2.00,2.00,16036.00,13824.00,203.00,68.00
2017/18,14.00,735800.00,1.00,1.00,0.00,0.00,53.00,0.00
2017/18,14.00,745900.00,1.00,1.00,9893.00,8528.00,78.00,109.00
2017/18,14.00,745930.00,1.00,1.00,13754.00,11857.00,90.00,131.00
2017/18,42.00,715700.00,1.00,1.00,68.00,66.00,292.00,0.00
2017/18,43.00,715700.00,1.00,1.00,6.00,5.00,339.00,0.00
2017/18,45.00,715600.00,1.00,1.00,0.00,0.00,14.00,0.00
2017/18,45.00,715630.00,1.00,1.00,6.00,5.00,355.00,0.00
2017/18,45.00,715700.00,1.00,1.00,12.00,9.00,618.00,0.00
2017/18,53.00,725700.00,1.00,1.00,82389.00,66443.00,582.00,114.00
2017/18,53.00,725730.00,1.00,1.00,21901.00,17662.00,124.00,142.00
2018/19,1.00,675530.00,1.00,1.00,45.00,40.00,19.00,2.00
2018/19,1.00,675600.00,1.00,1.00,6021.00,5424.00,60.00,90.00
2018/19,1.00,685530.00,1.00,1.00,45.00,40.00,10.00,4.00
2018/19,1.00,685600.00,1.00,1.00,13872.00,12498.00,117.00,106.00
2018/19,1.00,715600.00,1.00,1.00,11592.00,11364.00,35.00,324.00
2018/19,1.00,715630.00,2.00,2.00,35788.00,32148.00,328.00,98.00
2018/19,1.00,715700.00,2.00,3.00,6273.00,5514.00,595.00,9.00
2018/19,1.00,715730.00,2.00,3.00,18711.00,16300.00,1369.00,11.00
2018/19,1.00,725630.00,2.00,2.00,28636.00,27920.00,274.00,101.00
2018/19,1.00,725700.00,2.00,2.00,15281.00,13711.00,151.00,90.00
2018/19,1.00,725730.00,3.00,2.00,7956.00,6239.00,153.00,40.00
2018/19,1.00,735730.00,2.00,1.00,175.00,131.00,12.00,10.00
2018/19,1.00,745900.00,2.00,1.00,1533.00,1146.00,27.00,42.00
2018/19,1.00,745930.00,2.00,1.00,152604.00,113884.00,290.00,392.00
2018/19,1.00,755930.00,2.00,1.00,13295.00,9920.00,28.00,354.00
2018/19,2.00,675600.00,3.00,2.00,42603.00,40012.00,216.00,185.00
2018/19,2.00,685600.00,3.00,2.00,219520.00,203507.00,824.00,246.00
2018/19,2.00,685630.00,3.00,2.00,59818.00,54220.00,372.00,145.00
2018/19,2.00,705630.00,1.00,1.00,40.00,36.00,18.00,2.00
2018/19,2.00,715630.00,2.00,2.00,4267.00,3932.00,116.00,33.00
2018/19,2.00,715700.00,5.00,9.00,277074.00,255424.00,1665.00,153.00
2018/19,2.00,715730.00,4.00,7.00,161708.00,143822.00,1286.00,111.00
2018/19,2.00,715800.00,2.00,2.00,3029.00,2735.00,23.00,118.00
2018/19,2.00,725700.00,4.00,8.00,201439.00,184040.00,1370.00,134.00
2018/19,2.00,725730.00,4.00,7.00,65985.00,60470.00,625.00,96.00
2018/19,2.00,725800.00,3.00,2.00,2607.00,2112.00,27.00,78.00
2018/19,2.00,725830.00,1.00,1.00,736.00,670.00,7.00,95.00
2018/19,2.00,735730.00,2.00,1.00,2540.00,1939.00,200.00,9.00
2018/19,2.00,735800.00,4.00,3.00,607.00,471.00,213.00,2.00
2018/19,2.00,735900.00,3.00,1.00,0.00,0.00,40.00,0.00
2018/19,2.00,745800.00,4.00,3.00,9135.00,6767.00,69.00,98.00
2018/19,2.00,745900.00,3.00,1.00,28272.00,20943.00,95.00,220.00
2018/19,2.00,745930.00,4.00,2.00,292495.00,219645.00,512.00,428.00
2018/19,2.00,755900.00,2.00,1.00,0.00,0.00,2.00,0.00
2018/19,2.00,755930.00,4.00,3.00,243360.00,183645.00,553.00,332.00
2018/19,2.00,756000.00,2.00,1.00,44678.00,33593.00,88.00,381.00
2018/19,2.00,765930.00,2.00,1.00,3437.00,2584.00,20.00,129.00
2018/19,2.00,766000.00,2.00,1.00,58425.00,43929.00,118.00,372.00
2018/19,2.00,775930.00,2.00,1.00,213080.00,160212.00,407.00,393.00
2018/19,3.00,675530.00,1.00,1.00,1524.00,1423.00,7.00,203.00
2018/19,3.00,675600.00,2.00,2.00,166797.00,155886.00,874.00,178.00
2018/19,3.00,675630.00,1.00,1.00,1524.00,1425.00,18.00,79.00
2018/19,3.00,685600.00,2.00,3.00,76854.00,71456.00,411.00,173.00
2018/19,3.00,685630.00,2.00,2.00,178107.00,157518.00,1006.00,156.00
2018/19,3.00,715630.00,3.00,2.00,37129.00,29854.00,244.00,122.00
2018/19,3.00,715700.00,4.00,11.00,389015.00,350286.00,1970.00,177.00
2018/19,3.00,715730.00,1.00,1.00,4718.00,4175.00,56.00,74.00
2018/19,3.00,715800.00,1.00,1.00,9436.00,8351.00,49.00,170.00
2018/19,3.00,725700.00,3.00,8.00,268476.00,246317.00,1400.00,175.00
2018/19,3.00,725730.00,1.00,2.00,9679.00,7705.00,279.00,27.00
2018/19,3.00,725800.00,1.00,2.00,8322.00,7295.00,84.00,86.00
2018/19,3.00,745830.00,2.00,1.00,5651.00,4381.00,8.00,547.00
2018/19,3.00,745900.00,5.00,4.00,66538.00,50552.00,170.00,297.00
2018/19,3.00,745930.00,5.00,4.00,341343.00,262649.00,595.00,441.00
2018/19,3.00,755730.00,1.00,1.00,45508.00,42137.00,144.00,292.00
2018/19,3.00,755900.00,5.00,4.00,95998.00,77402.00,206.00,375.00
2018/19,3.00,755930.00,5.00,8.00,1478257.00,1156816.00,3399.00,340.00
2018/19,4.00,665600.00,1.00,1.00,1463.00,1283.00,16.00,80.00
2018/19,4.00,675500.00,1.00,1.00,9526.00,8357.00,66.00,126.00
2018/19,4.00,675530.00,3.00,3.00,58659.00,52899.00,465.00,113.00
2018/19,4.00,675600.00,5.00,5.00,217401.00,198866.00,1648.00,120.00
2018/19,4.00,675630.00,2.00,2.00,487.00,365.00,25.00,14.00
2018/19,4.00,675700.00,1.00,1.00,91.00,69.00,6.00,11.00
2018/19,4.00,685530.00,1.00,1.00,313.00,274.00,34.00,8.00
2018/19,4.00,685600.00,4.00,6.00,167757.00,151595.00,977.00,155.00
2018/19,4.00,685630.00,4.00,5.00,74967.00,62187.00,617.00,100.00
2018/19,4.00,705600.00,1.00,1.00,0.00,0.00,81.00,0.00
2018/19,4.00,705630.00,1.00,1.00,0.00,0.00,16.00,0.00
2018/19,4.00,715630.00,6.00,6.00,256382.00,241120.00,1620.00,148.00
2018/19,4.00,715700.00,4.00,11.00,160176.00,143319.00,1351.00,106.00
2018/19,4.00,715730.00,3.00,3.00,35767.00,31394.00,299.00,104.00
2018/19,4.00,725630.00,4.00,4.00,53805.00,50004.00,310.00,161.00
2018/19,4.00,725700.00,5.00,14.00,451375.00,383429.00,2616.00,146.00
2018/19,4.00,725730.00,4.00,8.00,77462.00,66415.00,725.00,91.00
2018/19,4.00,725800.00,1.00,1.00,1.00,1.00,8.00,0.00
2018/19,4.00,735700.00,2.00,2.00,2048.00,1532.00,65.00,23.00
2018/19,4.00,735730.00,3.00,5.00,3892.00,3179.00,255.00,12.00
2018/19,4.00,735800.00,2.00,2.00,3617.00,2659.00,270.00,9.00
2018/19,4.00,735830.00,1.00,1.00,20049.00,14742.00,211.00,69.00
2018/19,4.00,745730.00,2.00,1.00,11011.00,8155.00,17.00,479.00
2018/19,4.00,745800.00,1.00,1.00,39.00,29.00,15.00,1.00
2018/19,4.00,745830.00,1.00,1.00,14447.00,10623.00,171.00,62.00
2018/19,4.00,745900.00,8.00,11.00,350618.00,257456.00,1148.00,224.00
2018/19,4.00,745930.00,9.00,15.00,802266.00,617153.00,2224.00,277.00
2018/19,4.00,755900.00,8.00,8.00,194948.00,143010.00,584.00,244.00
2018/19,4.00,755930.00,9.00,18.00,1495313.00,1121676.00,4052.00,276.00
2018/19,5.00,665530.00,4.00,3.00,3552.00,2832.00,50.00,56.00
2018/19,5.00,665600.00,1.00,1.00,641.00,478.00,8.00,59.00
2018/19,5.00,675530.00,6.00,5.00,103949.00,97026.00,776.00,125.00
2018/19,5.00,675600.00,8.00,7.00,281519.00,259982.00,1751.00,148.00
2018/19,5.00,675630.00,1.00,1.00,662.00,476.00,51.00,9.00
2018/19,5.00,685600.00,3.00,3.00,61264.00,55291.00,353.00,156.00
2018/19,5.00,685630.00,1.00,1.00,84542.00,76858.00,595.00,129.00
2018/19,5.00,715630.00,2.00,2.00,91745.00,86230.00,556.00,155.00
2018/19,5.00,715700.00,1.00,1.00,526.00,408.00,7.00,58.00
2018/19,5.00,715730.00,1.00,1.00,11337.00,8098.00,61.00,132.00
2018/19,5.00,715800.00,1.00,1.00,12754.00,9110.00,34.00,267.00
2018/19,5.00,725630.00,2.00,2.00,78445.00,72076.00,311.00,231.00
2018/19,5.00,725700.00,2.00,2.00,27137.00,24669.00,180.00,137.00
2018/19,5.00,725800.00,1.00,1.00,2834.00,2025.00,7.00,289.00
2018/19,5.00,735830.00,1.00,1.00,22102.00,15035.00,106.00,141.00
2018/19,5.00,745830.00,1.00,1.00,125242.00,85199.00,494.00,172.00
2018/19,5.00,745900.00,5.00,5.00,381510.00,286961.00,1451.00,197.00
2018/19,5.00,745930.00,8.00,11.00,707143.00,564530.00,2098.00,269.00
2018/19,5.00,755900.00,2.00,2.00,65937.00,48984.00,166.00,295.00
2018/19,5.00,755930.00,8.00,13.00,1607063.00,1199744.00,4577.00,262.00
2018/19,5.00,756000.00,3.00,4.00,240033.00,177861.00,571.00,311.00
2018/19,5.00,765930.00,1.00,1.00,11366.00,8419.00,34.00,247.00
2018/19,5.00,766000.00,2.00,3.00,26174.00,19292.00,77.00,250.00
2018/19,6.00,675600.00,6.00,4.00,123748.00,100836.00,705.00,143.00
2018/19,6.00,685600.00,5.00,4.00,149887.00,120414.00,774.00,155.00
2018/19,6.00,685630.00,3.00,3.00,34288.00,29452.00,384.00,76.00
2018/19,6.00,705630.00,2.00,1.00,2170.00,1875.00,34.00,55.00
2018/19,6.00,715600.00,4.00,3.00,3545.00,3095.00,47.00,65.00
2018/19,6.00,715630.00,6.00,6.00,214321.00,195994.00,1251.00,156.00
2018/19,6.00,715700.00,2.00,2.00,26452.00,23961.00,155.00,154.00
2018/19,6.00,715730.00,1.00,1.00,14135.00,13462.00,153.00,87.00
2018/19,6.00,725630.00,4.00,5.00,107372.00,101030.00,534.00,189.00
2018/19,6.00,725700.00,3.00,4.00,212287.00,184964.00,1366.00,135.00
2018/19,6.00,725730.00,2.00,2.00,35931.00,33005.00,345.00,95.00
2018/19,6.00,725800.00,1.00,1.00,5958.00,4052.00,157.00,25.00
2018/19,6.00,735830.00,1.00,1.00,16383.00,11145.00,106.00,105.00
2018/19,6.00,735900.00,3.00,2.00,70197.00,47803.00,346.00,138.00
2018/19,6.00,745830.00,2.00,2.00,203886.00,148713.00,809.00,183.00
2018/19,6.00,745900.00,5.00,7.00,323759.00,237354.00,1474.00,161.00
2018/19,6.00,745930.00,7.00,12.00,583942.00,468648.00,2100.00,223.00
2018/19,6.00,755900.00,3.00,3.00,119113.00,84461.00,440.00,191.00
2018/19,6.00,755930.00,7.00,15.00,727256.00,567996.00,2913.00,194.00
2018/19,6.00,756000.00,4.00,4.00,304174.00,243185.00,907.00,268.00
2018/19,6.00,765900.00,1.00,1.00,0.00,0.00,61.00,0.00
2018/19,6.00,766000.00,2.00,1.00,3094.00,2536.00,12.00,211.00
2018/19,6.00,775900.00,1.00,1.00,0.00,0.00,18.00,0.00
2018/19,7.00,675600.00,3.00,3.00,45068.00,41176.00,380.00,108.00
2018/19,7.00,685600.00,2.00,2.00,76707.00,69972.00,640.00,109.00
2018/19,7.00,685630.00,2.00,1.00,19848.00,18378.00,182.00,100.00
2018/19,7.00,715630.00,4.00,5.00,172765.00,158765.00,697.00,227.00
2018/19,7.00,715700.00,4.00,2.00,2450.00,1959.00,20.00,97.00
2018/19,7.00,715800.00,1.00,1.00,2298.00,1574.00,15.00,104.00
2018/19,7.00,725630.00,3.00,4.00,93282.00,84943.00,401.00,211.00
2018/19,7.00,725700.00,3.00,4.00,75530.00,63048.00,397.00,158.00
2018/19,7.00,735830.00,4.00,2.00,15955.00,11315.00,80.00,141.00
2018/19,7.00,735900.00,4.00,2.00,186842.00,132513.00,776.00,170.00
2018/19,7.00,745830.00,1.00,1.00,69698.00,46158.00,187.00,246.00
2018/19,7.00,745900.00,4.00,3.00,175129.00,124646.00,774.00,161.00
2018/19,7.00,745930.00,6.00,8.00,301322.00,254635.00,1170.00,217.00
2018/19,7.00,746000.00,1.00,1.00,7794.00,6235.00,25.00,249.00
2018/19,7.00,755900.00,1.00,1.00,5774.00,4215.00,138.00,30.00
2018/19,7.00,755930.00,7.00,13.00,759430.00,577789.00,3150.00,183.00
2018/19,7.00,756000.00,6.00,8.00,467902.00,362853.00,1602.00,226.00
2018/19,7.00,765900.00,1.00,1.00,8971.00,6317.00,23.00,274.00
2018/19,7.00,766000.00,6.00,7.00,363534.00,280791.00,893.00,314.00
2018/19,7.00,766030.00,1.00,1.00,5846.00,4676.00,723.00,6.00
2018/19,8.00,665530.00,1.00,1.00,627.00,494.00,19.00,26.00
2018/19,8.00,675530.00,1.00,1.00,3628.00,2857.00,64.00,44.00
2018/19,8.00,675600.00,1.00,2.00,11496.00,8796.00,71.00,123.00
2018/19,8.00,685600.00,2.00,2.00,41413.00,34778.00,304.00,114.00
2018/19,8.00,685630.00,1.00,1.00,5861.00,5329.00,36.00,148.00
2018/19,8.00,715600.00,1.00,1.00,1156.00,1051.00,3.00,350.00
2018/19,8.00,715630.00,5.00,8.00,290615.00,262113.00,1338.00,195.00
2018/19,8.00,715700.00,4.00,5.00,153184.00,137318.00,886.00,154.00
2018/19,8.00,725630.00,5.00,7.00,414126.00,377543.00,1771.00,213.00
2018/19,8.00,725700.00,5.00,7.00,165628.00,152615.00,775.00,196.00
2018/19,8.00,735830.00,3.00,3.00,41819.00,31966.00,301.00,106.00
2018/19,8.00,735900.00,1.00,2.00,100331.00,69514.00,420.00,165.00
2018/19,8.00,745830.00,3.00,2.00,97066.00,74667.00,679.00,109.00
2018/19,8.00,745900.00,8.00,7.00,64858.00,46890.00,428.00,109.00
2018/19,8.00,745930.00,8.00,5.00,99166.00,71621.00,589.00,121.00
2018/19,8.00,746000.00,2.00,1.00,0.00,0.00,3.00,0.00
2018/19,8.00,755830.00,2.00,1.00,0.00,0.00,35.00,0.00
2018/19,8.00,755900.00,3.00,3.00,9616.00,7824.00,54.00,144.00
2018/19,8.00,755930.00,8.00,8.00,158081.00,122881.00,732.00,167.00
2018/19,8.00,756000.00,7.00,9.00,477817.00,375065.00,1487.00,252.00
2018/19,8.00,765900.00,1.00,1.00,5336.00,4484.00,11.00,407.00
2018/19,8.00,765930.00,3.00,3.00,46393.00,35172.00,112.00,314.00
2018/19,8.00,766000.00,8.00,10.00,983093.00,758532.00,3827.00,198.00
2018/19,8.00,766030.00,1.00,1.00,209.00,159.00,46.00,3.00
2018/19,8.00,775930.00,2.00,1.00,0.00,0.00,14.00,0.00
2018/19,8.00,785930.00,2.00,1.00,0.00,0.00,37.00,0.00
2018/19,9.00,715630.00,5.00,6.00,244637.00,225033.00,883.00,254.00
2018/19,9.00,715700.00,1.00,1.00,56696.00,48876.00,46.00,1062.00
2018/19,9.00,725630.00,4.00,5.00,371451.00,342239.00,1632.00,209.00
2018/19,9.00,735830.00,1.00,1.00,15872.00,10797.00,100.00,107.00
2018/19,9.00,735900.00,1.00,1.00,37695.00,25643.00,196.00,130.00
2018/19,9.00,745830.00,1.00,1.00,142844.00,97173.00,667.00,145.00
2018/19,9.00,745900.00,1.00,1.00,1984.00,1350.00,12.00,112.00
2018/19,9.00,755930.00,1.00,1.00,9969.00,7495.00,39.00,192.00
2018/19,9.00,756000.00,3.00,2.00,39462.00,32228.00,384.00,83.00
2018/19,9.00,765930.00,1.00,1.00,9969.00,7495.00,40.00,187.00
2018/19,9.00,766000.00,4.00,3.00,355174.00,285309.00,1491.00,191.00
2018/19,9.00,766030.00,2.00,1.00,102.00,83.00,7.00,11.00
2018/19,10.00,675600.00,1.00,1.00,162.00,119.00,24.00,4.00
2018/19,10.00,685600.00,2.00,2.00,10355.00,8697.00,125.00,69.00
2018/19,10.00,685630.00,2.00,2.00,6156.00,4608.00,250.00,18.00
2018/19,10.00,705600.00,2.00,2.00,2528.00,2238.00,16.00,139.00
2018/19,10.00,705630.00,1.00,1.00,2362.00,2128.00,29.00,73.00
2018/19,10.00,715600.00,1.00,1.00,70214.00,63255.00,423.00,149.00
2018/19,10.00,715630.00,4.00,4.00,235669.00,215283.00,856.00,251.00
2018/19,10.00,715700.00,3.00,3.00,52905.00,41072.00,154.00,266.00
2018/19,10.00,725630.00,5.00,4.00,348481.00,344085.00,1481.00,232.00
2018/19,10.00,725700.00,4.00,4.00,97781.00,93687.00,496.00,188.00
2018/19,10.00,735830.00,2.00,3.00,33935.00,25108.00,188.00,133.00
2018/19,10.00,735900.00,3.00,4.00,89097.00,68500.00,438.00,156.00
2018/19,10.00,745900.00,1.00,1.00,0.00,0.00,19.00,0.00
2018/19,10.00,745930.00,1.00,1.00,35358.00,26992.00,198.00,136.00
2018/19,10.00,755930.00,5.00,4.00,25258.00,20206.00,198.00,102.00
2018/19,10.00,756000.00,4.00,4.00,90017.00,68872.00,493.00,139.00
2018/19,10.00,765930.00,4.00,3.00,54802.00,44232.00,228.00,194.00
2018/19,10.00,766000.00,5.00,5.00,556504.00,443786.00,3132.00,141.00
2018/19,11.00,715700.00,1.00,1.00,33740.00,30673.00,161.00,190.00
2018/19,11.00,725700.00,1.00,1.00,35118.00,31925.00,181.00,176.00
2018/19,11.00,735830.00,2.00,1.00,9933.00,7468.00,39.00,191.00
2018/19,11.00,735900.00,2.00,1.00,100429.00,75511.00,500.00,151.00
2018/19,11.00,745930.00,1.00,1.00,40322.00,30318.00,226.00,134.00
2018/19,11.00,766100.00,1.00,1.00,40322.00,30316.00,225.00,134.00
2018/19,12.00,675600.00,1.00,1.00,2511.00,2486.00,40.00,62.00
2018/19,12.00,685600.00,1.00,1.00,5058.00,5008.00,39.00,128.00
2018/19,12.00,685630.00,1.00,1.00,153.00,151.00,2.00,75.00
2018/19,12.00,715600.00,1.00,1.00,1894.00,1874.00,6.00,312.00
2018/19,12.00,715630.00,2.00,3.00,230998.00,227606.00,610.00,373.00
2018/19,12.00,715700.00,1.00,1.00,37775.00,34030.00,109.00,312.00
2018/19,12.00,725630.00,1.00,1.00,21823.00,20984.00,123.00,170.00
2018/19,12.00,725700.00,3.00,2.00,33491.00,29145.00,140.00,208.00
2018/19,12.00,745830.00,1.00,1.00,11646.00,8260.00,39.00,211.00
2018/19,12.00,766000.00,1.00,1.00,14661.00,14517.00,74.00,196.00
2018/19,13.00,715600.00,1.00,1.00,630.00,567.00,7.00,81.00
2018/19,13.00,715630.00,1.00,1.00,68104.00,61355.00,637.00,96.00
2018/19,13.00,715700.00,1.00,1.00,60150.00,54190.00,552.00,98.00
2018/19,13.00,725600.00,1.00,1.00,8972.00,8011.00,65.00,123.00
2018/19,13.00,725700.00,1.00,1.00,11470.00,10523.00,104.00,101.00
2018/19,13.00,745930.00,1.00,1.00,50268.00,35906.00,188.00,190.00
2018/19,13.00,755930.00,1.00,1.00,20532.00,14666.00,129.00,113.00
2018/19,14.00,715600.00,1.00,1.00,1062.00,1031.00,6.00,171.00
2018/19,14.00,715630.00,3.00,2.00,106328.00,106052.00,610.00,173.00
2018/19,14.00,725630.00,1.00,1.00,2655.00,2577.00,6.00,429.00
2018/19,16.00,715630.00,1.00,1.00,9355.00,7995.00,50.00,159.00
2018/19,16.00,715700.00,1.00,1.00,43203.00,37626.00,473.00,79.00
2018/19,16.00,715730.00,1.00,1.00,1316.00,1186.00,19.00,62.00
2018/19,42.00,625600.00,1.00,1.00,0.00,0.00,23.00,0.00
2018/19,42.00,625630.00,1.00,1.00,0.00,0.00,126.00,0.00
2018/19,42.00,635600.00,2.00,2.00,1.00,1.00,780.00,0.00
2018/19,42.00,635630.00,2.00,2.00,0.00,0.00,117.00,0.00
2018/19,42.00,645600.00,2.00,2.00,1.00,1.00,292.00,0.00
2018/19,43.00,685600.00,1.00,1.00,6465.00,5256.00,105.00,50.00
2018/19,43.00,685630.00,1.00,1.00,24489.00,19910.00,514.00,38.00
2018/19,43.00,715630.00,1.00,1.00,,,34.00,
2018/19,43.00,715700.00,1.00,1.00,3.00,2.00,485.00,0.00
2018/19,43.00,715730.00,1.00,1.00,1.00,1.00,156.00,0.00
2018/19,44.00,665430.00,1.00,1.00,200.00,125.00,63.00,1.00
2018/19,44.00,665500.00,1.00,1.00,20.00,12.00,26.00,0.00
2018/19,44.00,665600.00,1.00,1.00,40.00,24.00,7.00,3.00
2018/19,44.00,675530.00,1.00,1.00,619.00,385.00,167.00,2.00
2018/19,44.00,675600.00,1.00,1.00,1118.00,694.00,221.00,3.00
2018/19,44.00,675700.00,1.00,1.00,,,22.00,
2018/19,44.00,685600.00,1.00,1.00,6636.00,5575.00,629.00,8.00
2018/19,44.00,685630.00,2.00,3.00,3552.00,2985.00,1786.00,1.00
2018/19,44.00,695600.00,1.00,1.00,207.00,175.00,70.00,2.00
2018/19,45.00,665600.00,1.00,1.00,0.00,0.00,20.00,0.00
2018/19,45.00,685600.00,1.00,1.00,0.00,0.00,202.00,0.00
2018/19,45.00,685630.00,1.00,1.00,1.00,1.00,370.00,0.00
2018/19,46.00,715630.00,1.00,1.00,38.00,31.00,25.00,1.00
2018/19,46.00,715700.00,1.00,1.00,6543.00,5276.00,862.00,6.00
2018/19,53.00,675600.00,2.00,1.00,69073.00,65163.00,317.00,205.00
2018/19,53.00,685600.00,2.00,1.00,129512.00,122182.00,374.00,326.00
2018/19,53.00,685630.00,2.00,1.00,17268.00,16291.00,62.00,262.00
2018/19,53.00,715630.00,2.00,2.00,2620.00,2324.00,45.00,51.00
2018/19,53.00,715700.00,2.00,2.00,73325.00,66631.00,463.00,143.00
2018/19,53.00,715730.00,1.00,1.00,51543.00,38465.00,290.00,132.00
2018/19,53.00,725630.00,1.00,1.00,3924.00,2928.00,95.00,30.00
2018/19,53.00,725700.00,1.00,1.00,21723.00,16212.00,71.00,228.00
2018/19,53.00,725730.00,1.00,1.00,4611.00,3441.00,58.00,59.00
2018/19,53.00,735730.00,1.00,1.00,873.00,649.00,49.00,13.00
2018/19,53.00,735800.00,1.00,1.00,0.00,0.00,32.00,0.00
2018/19,53.00,745800.00,1.00,1.00,0.00,0.00,3.00,0.00
2019/20,1.00,705600.00,1.00,1.00,1.00,1.00,1.00,1.00
2019/20,1.00,715600.00,3.00,2.00,2485.00,2160.00,70.00,30.00
2019/20,1.00,715630.00,4.00,4.00,153697.00,133444.00,704.00,189.00
2019/20,1.00,715700.00,2.00,1.00,13564.00,11800.00,47.00,251.00
2019/20,1.00,725600.00,3.00,2.00,5716.00,4971.00,35.00,142.00
2019/20,1.00,725630.00,4.00,4.00,332637.00,288659.00,1043.00,276.00
2019/20,1.00,725700.00,4.00,4.00,85596.00,73125.00,542.00,134.00
2019/20,1.00,725730.00,4.00,4.00,112961.00,93873.00,557.00,168.00
2019/20,1.00,735630.00,2.00,1.00,7119.00,6193.00,20.00,309.00
2019/20,1.00,735730.00,2.00,2.00,144813.00,107605.00,580.00,185.00
2019/20,2.00,695600.00,1.00,1.00,0.00,0.00,10.00,0.00
2019/20,2.00,705630.00,1.00,2.00,248.00,202.00,37.00,5.00
2019/20,2.00,715630.00,5.00,8.00,283863.00,241157.00,1862.00,129.00
2019/20,2.00,715700.00,3.00,2.00,5211.00,4242.00,68.00,62.00
2019/20,2.00,715730.00,1.00,1.00,1502.00,1105.00,4.00,276.00
2019/20,2.00,725630.00,6.00,9.00,548715.00,471271.00,2633.00,178.00
2019/20,2.00,725700.00,3.00,2.00,8056.00,7185.00,77.00,93.00
2019/20,2.00,725730.00,3.00,4.00,324923.00,267962.00,1422.00,188.00
2019/20,2.00,735730.00,2.00,3.00,9838.00,7842.00,75.00,104.00
2019/20,2.00,745900.00,1.00,1.00,330.00,249.00,32.00,7.00
2019/20,2.00,745930.00,1.00,2.00,123119.00,91024.00,555.00,164.00
2019/20,2.00,755900.00,1.00,1.00,508.00,361.00,9.00,40.00
2019/20,2.00,755930.00,1.00,3.00,397558.00,294574.00,1446.00,203.00
2019/20,2.00,756000.00,1.00,1.00,1016.00,726.00,10.00,72.00
2019/20,2.00,765930.00,1.00,1.00,2539.00,1814.00,47.00,38.00
2019/20,2.00,766000.00,1.00,1.00,1016.00,726.00,9.00,80.00
2019/20,3.00,705600.00,1.00,1.00,128.00,111.00,10.00,11.00
2019/20,3.00,715630.00,4.00,8.00,382977.00,323693.00,1956.00,165.00
2019/20,3.00,715700.00,2.00,2.00,44026.00,39424.00,209.00,188.00
2019/20,3.00,715730.00,2.00,2.00,8551.00,7666.00,30.00,255.00
2019/20,3.00,715800.00,1.00,1.00,3342.00,2739.00,27.00,101.00
2019/20,3.00,725630.00,4.00,9.00,729345.00,629153.00,3252.00,193.00
2019/20,3.00,725700.00,3.00,5.00,112490.00,97359.00,617.00,157.00
2019/20,3.00,725730.00,4.00,6.00,166440.00,138571.00,966.00,143.00
2019/20,3.00,725800.00,1.00,1.00,8593.00,7043.00,69.00,102.00
2019/20,3.00,725830.00,1.00,1.00,2387.00,1957.00,20.00,97.00
2019/20,3.00,735700.00,1.00,1.00,42.00,37.00,8.00,4.00
2019/20,3.00,735730.00,3.00,3.00,13200.00,10708.00,129.00,83.00
2019/20,3.00,735800.00,3.00,3.00,139711.00,114966.00,827.00,139.00
2019/20,3.00,735830.00,2.00,2.00,4911.00,4018.00,67.00,59.00
2019/20,3.00,735900.00,1.00,1.00,70.00,54.00,2.00,27.00
2019/20,3.00,745800.00,2.00,2.00,14580.00,12017.00,130.00,92.00
2019/20,3.00,745830.00,1.00,1.00,935.00,714.00,16.00,44.00
2019/20,3.00,745900.00,1.00,1.00,106.00,81.00,66.00,1.00
2019/20,3.00,745930.00,1.00,1.00,5434.00,4149.00,24.00,172.00
2019/20,3.00,755930.00,1.00,2.00,386701.00,279946.00,1897.00,147.00
2019/20,3.00,756000.00,1.00,1.00,10180.00,7771.00,24.00,323.00
2019/20,3.00,765930.00,1.00,1.00,659.00,503.00,7.00,71.00
2019/20,3.00,766000.00,1.00,2.00,61510.00,42902.00,326.00,131.00
2019/20,4.00,675600.00,3.00,4.00,72824.00,61501.00,586.00,104.00
2019/20,4.00,675630.00,2.00,2.00,6180.00,5127.00,67.00,76.00
2019/20,4.00,685600.00,4.00,5.00,93780.00,79724.00,698.00,114.00
2019/20,4.00,685630.00,4.00,5.00,155795.00,127095.00,785.00,161.00
2019/20,4.00,695800.00,1.00,1.00,1300.00,1172.00,98.00,11.00
2019/20,4.00,705600.00,1.00,1.00,110.00,93.00,29.00,3.00
2019/20,4.00,705630.00,1.00,1.00,772.00,643.00,93.00,6.00
2019/20,4.00,705800.00,1.00,1.00,1625.00,1463.00,62.00,23.00
2019/20,4.00,715600.00,1.00,1.00,110.00,91.00,11.00,8.00
2019/20,4.00,715630.00,7.00,12.00,337850.00,296935.00,2022.00,146.00
2019/20,4.00,715700.00,4.00,7.00,86013.00,76866.00,418.00,183.00
2019/20,4.00,715800.00,1.00,1.00,3032.00,2732.00,36.00,75.00
2019/20,4.00,725630.00,6.00,10.00,420853.00,371769.00,2149.00,172.00
2019/20,4.00,725700.00,6.00,11.00,378067.00,329114.00,1962.00,167.00
2019/20,4.00,725730.00,2.00,3.00,218384.00,204675.00,776.00,263.00
2019/20,4.00,725800.00,1.00,1.00,14481.00,12068.00,70.00,172.00
2019/20,4.00,735700.00,1.00,3.00,1752.00,1458.00,30.00,48.00
2019/20,4.00,735730.00,1.00,3.00,175276.00,131219.00,809.00,162.00
2019/20,4.00,735800.00,2.00,4.00,238835.00,196141.00,1492.00,131.00
2019/20,4.00,735830.00,2.00,2.00,56723.00,44833.00,437.00,102.00
2019/20,4.00,735900.00,2.00,2.00,3418.00,2912.00,115.00,25.00
2019/20,4.00,745800.00,2.00,3.00,16643.00,13214.00,99.00,133.00
2019/20,4.00,745830.00,2.00,2.00,36468.00,28499.00,255.00,111.00
2019/20,4.00,745900.00,1.00,1.00,117.00,88.00,45.00,1.00
2019/20,4.00,745930.00,3.00,3.00,3852.00,2819.00,81.00,34.00
2019/20,4.00,755900.00,1.00,1.00,4.00,3.00,29.00,0.00
2019/20,4.00,755930.00,4.00,8.00,1371095.00,947855.00,5623.00,168.00
2019/20,4.00,756000.00,1.00,1.00,24113.00,17731.00,100.00,177.00
2019/20,4.00,765930.00,1.00,1.00,2362.00,1763.00,15.00,117.00
2019/20,4.00,766000.00,1.00,1.00,6890.00,5066.00,32.00,158.00
2019/20,5.00,675500.00,2.00,1.00,350.00,295.00,5.00,59.00
2019/20,5.00,675530.00,2.00,2.00,5039.00,4128.00,95.00,43.00
2019/20,5.00,675600.00,5.00,8.00,72275.00,60349.00,805.00,74.00
2019/20,5.00,675630.00,4.00,3.00,2047.00,1723.00,56.00,30.00
2019/20,5.00,685530.00,1.00,1.00,603.00,495.00,8.00,61.00
2019/20,5.00,685600.00,5.00,10.00,105445.00,88966.00,1043.00,85.00
2019/20,5.00,685630.00,4.00,7.00,235867.00,195108.00,1727.00,112.00
2019/20,5.00,715630.00,9.00,16.00,740567.00,654033.00,4440.00,147.00
2019/20,5.00,715700.00,6.00,11.00,400897.00,339763.00,1885.00,180.00
2019/20,5.00,715730.00,4.00,3.00,21974.00,18099.00,90.00,201.00
2019/20,5.00,715800.00,3.00,1.00,29195.00,25387.00,333.00,76.00
2019/20,5.00,725630.00,8.00,11.00,218327.00,195895.00,1238.00,158.00
2019/20,5.00,725700.00,7.00,14.00,451561.00,383882.00,2492.00,154.00
2019/20,5.00,725730.00,4.00,5.00,104003.00,89286.00,638.00,139.00
2019/20,5.00,725800.00,3.00,1.00,2013.00,1752.00,14.00,125.00
2019/20,5.00,735700.00,1.00,1.00,103.00,75.00,9.00,8.00
2019/20,5.00,735730.00,1.00,1.00,2610.00,2122.00,28.00,75.00
2019/20,5.00,735800.00,3.00,3.00,55759.00,40522.00,211.00,192.00
2019/20,5.00,735830.00,1.00,1.00,304.00,247.00,18.00,13.00
2019/20,5.00,745800.00,3.00,2.00,0.00,0.00,19.00,0.00
2019/20,5.00,745830.00,3.00,3.00,216713.00,159002.00,1122.00,141.00
2019/20,5.00,745900.00,1.00,1.00,73.00,60.00,7.00,8.00
2019/20,5.00,745930.00,1.00,1.00,441.00,358.00,6.00,59.00
2019/20,5.00,755830.00,1.00,1.00,9.00,7.00,53.00,0.00
2019/20,5.00,755930.00,4.00,4.00,273728.00,201129.00,1527.00,131.00
2019/20,5.00,756000.00,3.00,2.00,28275.00,21665.00,68.00,318.00
2019/20,5.00,765830.00,1.00,1.00,3.00,2.00,17.00,0.00
2019/20,5.00,765930.00,4.00,3.00,29987.00,22739.00,110.00,206.00
2019/20,5.00,766000.00,4.00,3.00,310767.00,236020.00,879.00,268.00
2019/20,5.00,776000.00,2.00,1.00,0.00,0.00,40.00,0.00
2019/20,6.00,675600.00,2.00,3.00,43003.00,36887.00,460.00,80.00
2019/20,6.00,675630.00,1.00,2.00,6673.00,5656.00,184.00,30.00
2019/20,6.00,685600.00,2.00,3.00,16805.00,14911.00,249.00,59.00
2019/20,6.00,685630.00,2.00,3.00,88641.00,75219.00,938.00,80.00
2019/20,6.00,715630.00,2.00,2.00,87521.00,75684.00,519.00,145.00
2019/20,6.00,715700.00,2.00,1.00,10233.00,8776.00,77.00,113.00
2019/20,6.00,715730.00,1.00,1.00,16280.00,11797.00,122.00,96.00
2019/20,6.00,715800.00,1.00,1.00,13509.00,12625.00,70.00,180.00
2019/20,6.00,725630.00,2.00,2.00,19221.00,16796.00,101.00,166.00
2019/20,6.00,725700.00,4.00,4.00,74154.00,64738.00,378.00,171.00
2019/20,6.00,725730.00,5.00,6.00,208002.00,174769.00,1088.00,160.00
2019/20,6.00,725800.00,1.00,1.00,20125.00,18808.00,97.00,193.00
2019/20,6.00,735700.00,1.00,1.00,2231.00,1814.00,30.00,60.00
2019/20,6.00,735730.00,2.00,2.00,46379.00,35653.00,299.00,119.00
2019/20,6.00,735800.00,2.00,2.00,8130.00,6103.00,33.00,184.00
2019/20,6.00,745830.00,2.00,2.00,10780.00,7432.00,127.00,58.00
2019/20,6.00,755830.00,1.00,1.00,0.00,0.00,102.00,0.00
2019/20,6.00,755900.00,1.00,1.00,2475.00,1672.00,19.00,88.00
2019/20,6.00,755930.00,5.00,6.00,333538.00,245243.00,1455.00,168.00
2019/20,6.00,756000.00,5.00,5.00,119047.00,88002.00,388.00,226.00
2019/20,6.00,765900.00,1.00,1.00,0.00,0.00,59.00,0.00
2019/20,6.00,765930.00,5.00,4.00,105859.00,78087.00,512.00,152.00
2019/20,6.00,766000.00,5.00,5.00,487376.00,346406.00,1417.00,244.00
2019/20,6.00,775900.00,1.00,1.00,2.00,1.00,25.00,0.00
2019/20,7.00,655530.00,1.00,1.00,0.00,0.00,19.00,0.00
2019/20,7.00,665500.00,1.00,1.00,0.00,0.00,3.00,0.00
2019/20,7.00,665530.00,2.00,2.00,831.00,717.00,102.00,7.00
2019/20,7.00,675530.00,1.00,1.00,1211.00,975.00,15.00,65.00
2019/20,7.00,675600.00,6.00,6.00,32471.00,25685.00,488.00,52.00
2019/20,7.00,675630.00,4.00,5.00,18839.00,15602.00,262.00,59.00
2019/20,7.00,685600.00,8.00,9.00,44149.00,37499.00,545.00,68.00
2019/20,7.00,685630.00,8.00,12.00,398325.00,317809.00,3807.00,83.00
2019/20,7.00,715630.00,7.00,11.00,385788.00,342711.00,2313.00,148.00
2019/20,7.00,715700.00,10.00,24.00,975864.00,849835.00,5632.00,150.00
2019/20,7.00,715730.00,9.00,13.00,438494.00,384359.00,1778.00,216.00
2019/20,7.00,715800.00,1.00,1.00,41709.00,31126.00,364.00,85.00
2019/20,7.00,725630.00,8.00,8.00,102567.00,91139.00,591.00,154.00
2019/20,7.00,725700.00,9.00,22.00,1119691.00,970520.00,6862.00,141.00
2019/20,7.00,725730.00,9.00,12.00,772744.00,684734.00,3645.00,187.00
2019/20,7.00,725800.00,3.00,2.00,52818.00,39971.00,442.00,90.00
2019/20,7.00,735730.00,2.00,2.00,83277.00,66880.00,455.00,146.00
2019/20,7.00,735800.00,1.00,2.00,19121.00,16127.00,155.00,104.00
2019/20,7.00,735830.00,2.00,2.00,8988.00,6504.00,76.00,85.00
2019/20,7.00,735900.00,1.00,1.00,8079.00,5689.00,53.00,107.00
2019/20,7.00,745830.00,1.00,1.00,64862.00,48404.00,839.00,57.00
2019/20,7.00,755930.00,1.00,1.00,3208.00,2394.00,13.00,184.00
2019/20,7.00,766000.00,1.00,1.00,57751.00,43098.00,276.00,156.00
2019/20,8.00,675530.00,1.00,1.00,1179.00,1091.00,10.00,109.00
2019/20,8.00,675600.00,1.00,1.00,10057.00,9313.00,99.00,94.00
2019/20,8.00,675630.00,1.00,1.00,0.00,0.00,21.00,0.00
2019/20,8.00,685500.00,1.00,1.00,0.00,0.00,2.00,0.00
2019/20,8.00,685530.00,1.00,1.00,1179.00,1091.00,10.00,109.00
2019/20,8.00,685600.00,1.00,1.00,4180.00,3799.00,67.00,56.00
2019/20,8.00,685630.00,2.00,2.00,11308.00,10453.00,87.00,120.00
2019/20,8.00,715630.00,7.00,11.00,404087.00,360606.00,2298.00,156.00
2019/20,8.00,715700.00,6.00,10.00,370400.00,318322.00,2362.00,134.00
2019/20,8.00,715730.00,6.00,11.00,382410.00,329437.00,2145.00,153.00
2019/20,8.00,725630.00,7.00,9.00,365180.00,324016.00,2006.00,161.00
2019/20,8.00,725700.00,6.00,11.00,193316.00,163938.00,1139.00,143.00
2019/20,8.00,725730.00,7.00,13.00,584895.00,504816.00,3248.00,155.00
2019/20,8.00,725800.00,1.00,1.00,55845.00,46153.00,473.00,97.00
2019/20,8.00,735730.00,3.00,3.00,11381.00,9648.00,229.00,42.00
2019/20,8.00,735800.00,4.00,3.00,5799.00,4894.00,128.00,38.00
2019/20,8.00,735830.00,1.00,1.00,799.00,660.00,81.00,8.00
2019/20,8.00,745800.00,1.00,1.00,0.00,0.00,14.00,0.00
2019/20,8.00,745830.00,2.00,2.00,30.00,26.00,80.00,0.00
2019/20,8.00,755830.00,1.00,1.00,7.00,6.00,9.00,0.00
2019/20,8.00,755900.00,1.00,1.00,0.00,0.00,59.00,0.00
2019/20,8.00,755930.00,1.00,1.00,1715.00,1394.00,60.00,23.00
2019/20,8.00,765900.00,1.00,1.00,0.00,0.00,9.00,0.00
2019/20,8.00,765930.00,1.00,1.00,14.00,11.00,94.00,0.00
2019/20,8.00,766000.00,1.00,1.00,108830.00,85692.00,381.00,224.00
2019/20,8.00,775900.00,1.00,1.00,0.00,0.00,21.00,0.00
2019/20,9.00,655600.00,1.00,1.00,0.00,0.00,19.00,0.00
2019/20,9.00,665600.00,1.00,1.00,180.00,152.00,36.00,4.00
2019/20,9.00,675600.00,3.00,2.00,38718.00,29558.00,301.00,98.00
2019/20,9.00,675700.00,1.00,1.00,151.00,117.00,16.00,7.00
2019/20,9.00,685600.00,4.00,3.00,4910.00,4203.00,79.00,53.00
2019/20,9.00,685630.00,4.00,5.00,175979.00,138393.00,1622.00,85.00
2019/20,9.00,705630.00,1.00,1.00,4430.00,3662.00,88.00,41.00
2019/20,9.00,715630.00,9.00,8.00,703271.00,641658.00,3627.00,176.00
2019/20,9.00,715700.00,5.00,9.00,165887.00,146911.00,1089.00,134.00
2019/20,9.00,715730.00,6.00,8.00,309682.00,275656.00,1255.00,219.00
2019/20,9.00,725630.00,6.00,6.00,142417.00,130400.00,1008.00,129.00
2019/20,9.00,725700.00,7.00,12.00,402708.00,353364.00,2578.00,137.00
2019/20,9.00,725730.00,9.00,11.00,386609.00,329794.00,2702.00,122.00
2019/20,9.00,725800.00,1.00,1.00,21320.00,19559.00,189.00,103.00
2019/20,9.00,725830.00,1.00,1.00,12598.00,11558.00,97.00,119.00
2019/20,9.00,735700.00,1.00,1.00,109.00,93.00,25.00,3.00
2019/20,9.00,735730.00,1.00,1.00,668.00,566.00,36.00,15.00
2019/20,10.00,685630.00,1.00,1.00,12815.00,10680.00,201.00,53.00
2019/20,10.00,705600.00,1.00,1.00,192.00,163.00,7.00,23.00
2019/20,10.00,705630.00,3.00,3.00,10076.00,8679.00,120.00,72.00
2019/20,10.00,715600.00,2.00,2.00,4758.00,4120.00,49.00,84.00
2019/20,10.00,715630.00,8.00,16.00,777974.00,703783.00,5439.00,129.00
2019/20,10.00,715700.00,6.00,13.00,294492.00,253217.00,1704.00,148.00
2019/20,10.00,715730.00,7.00,9.00,175306.00,157421.00,1074.00,146.00
2019/20,10.00,715800.00,1.00,1.00,6598.00,5591.00,29.00,192.00
2019/20,10.00,725630.00,8.00,10.00,125402.00,112155.00,782.00,143.00
2019/20,10.00,725700.00,8.00,11.00,283128.00,244866.00,2455.00,99.00
2019/20,10.00,725730.00,7.00,11.00,347782.00,315983.00,2295.00,137.00
2019/20,10.00,725800.00,2.00,2.00,23286.00,19636.00,170.00,115.00
2019/20,10.00,725830.00,1.00,1.00,373.00,317.00,16.00,19.00
2019/20,10.00,735700.00,2.00,1.00,505.00,444.00,8.00,55.00
2019/20,10.00,735730.00,1.00,2.00,7977.00,7126.00,158.00,45.00
2019/20,10.00,745700.00,2.00,1.00,376.00,332.00,6.00,55.00
2019/20,10.00,755930.00,1.00,1.00,5339.00,4412.00,14.00,315.00
2019/20,10.00,756000.00,2.00,2.00,38413.00,34427.00,111.00,310.00
2019/20,10.00,765930.00,1.00,1.00,30403.00,25127.00,89.00,282.00
2019/20,10.00,766000.00,2.00,2.00,433392.00,368599.00,1382.00,266.00
2019/20,10.00,776000.00,1.00,1.00,268.00,222.00,11.00,20.00
2019/20,11.00,675600.00,1.00,1.00,29494.00,22344.00,237.00,94.00
2019/20,11.00,675630.00,1.00,1.00,922.00,698.00,10.00,69.00
2019/20,11.00,685630.00,1.00,1.00,61753.00,46783.00,496.00,94.00
2019/20,11.00,715600.00,2.00,1.00,2065.00,1732.00,11.00,157.00
2019/20,11.00,715630.00,9.00,13.00,411980.00,372346.00,3218.00,115.00
2019/20,11.00,715700.00,8.00,10.00,306506.00,266172.00,1805.00,147.00
2019/20,11.00,715730.00,6.00,11.00,472207.00,414201.00,2927.00,141.00
2019/20,11.00,715800.00,4.00,7.00,215812.00,193938.00,1001.00,193.00
2019/20,11.00,715830.00,1.00,1.00,1217.00,1087.00,9.00,120.00
2019/20,11.00,725630.00,3.00,4.00,39463.00,35677.00,406.00,87.00
2019/20,11.00,725700.00,3.00,4.00,92039.00,82061.00,670.00,122.00
2019/20,11.00,725730.00,5.00,8.00,131107.00,116640.00,965.00,120.00
2019/20,11.00,725800.00,6.00,5.00,72364.00,63893.00,371.00,172.00
2019/20,11.00,725830.00,1.00,1.00,1217.00,1087.00,11.00,98.00
2019/20,11.00,755930.00,3.00,2.00,120906.00,100592.00,556.00,180.00
2019/20,11.00,756000.00,3.00,2.00,68349.00,56950.00,221.00,257.00
2019/20,11.00,765930.00,1.00,1.00,13041.00,9806.00,34.00,288.00
2019/20,11.00,766000.00,1.00,1.00,45645.00,34320.00,133.00,258.00
2019/20,12.00,675600.00,1.00,1.00,3591.00,3178.00,23.00,138.00
2019/20,12.00,685630.00,1.00,1.00,23341.00,20656.00,216.00,95.00
2019/20,12.00,715630.00,4.00,4.00,57446.00,49053.00,436.00,112.00
2019/20,12.00,715700.00,3.00,4.00,344472.00,294534.00,2509.00,117.00
2019/20,12.00,715730.00,8.00,11.00,574315.00,527870.00,2427.00,217.00
2019/20,12.00,715800.00,5.00,8.00,637961.00,583664.00,3359.00,173.00
2019/20,12.00,715830.00,2.00,2.00,9639.00,8534.00,109.00,78.00
2019/20,12.00,725630.00,1.00,1.00,3365.00,3005.00,19.00,158.00
2019/20,12.00,725700.00,4.00,4.00,31733.00,24534.00,191.00,128.00
2019/20,12.00,725730.00,5.00,7.00,109579.00,94952.00,714.00,132.00
2019/20,12.00,725800.00,5.00,6.00,166379.00,146448.00,894.00,163.00
2019/20,12.00,725830.00,1.00,1.00,7182.00,6355.00,57.00,111.00
2019/20,12.00,755930.00,3.00,2.00,133693.00,99469.00,383.00,259.00
2019/20,12.00,756000.00,3.00,2.00,99321.00,75910.00,248.00,306.00
2019/20,12.00,765930.00,3.00,2.00,16284.00,12239.00,56.00,218.00
2019/20,12.00,766000.00,3.00,2.00,85298.00,65087.00,288.00,225.00
2019/20,13.00,705630.00,2.00,1.00,224.00,206.00,17.00,12.00
2019/20,13.00,715630.00,4.00,3.00,31082.00,27771.00,235.00,118.00
2019/20,13.00,715700.00,4.00,4.00,160202.00,139397.00,903.00,154.00
2019/20,13.00,715730.00,6.00,7.00,374917.00,335856.00,1789.00,187.00
2019/20,13.00,715800.00,4.00,6.00,276346.00,251915.00,1557.00,161.00
2019/20,13.00,715830.00,2.00,2.00,6357.00,5693.00,38.00,149.00
2019/20,13.00,725700.00,1.00,1.00,2275.00,1897.00,28.00,67.00
2019/20,13.00,725730.00,1.00,1.00,23377.00,21848.00,162.00,134.00
2019/20,13.00,725800.00,4.00,5.00,216257.00,197321.00,1336.00,147.00
2019/20,13.00,725830.00,1.00,1.00,1969.00,1727.00,13.00,132.00
2019/20,13.00,735800.00,1.00,1.00,1969.00,1727.00,5.00,345.00
2019/20,13.00,755930.00,2.00,3.00,321969.00,233676.00,1075.00,217.00
2019/20,13.00,756000.00,2.00,2.00,43092.00,31753.00,108.00,294.00
2019/20,13.00,765930.00,2.00,3.00,50422.00,36822.00,167.00,220.00
2019/20,13.00,766000.00,2.00,3.00,232494.00,171656.00,631.00,272.00
2019/20,14.00,705600.00,2.00,1.00,,,18.00,
2019/20,14.00,715630.00,2.00,1.00,9548.00,8525.00,43.00,198.00
2019/20,14.00,715730.00,1.00,1.00,7313.00,6471.00,51.00,126.00
2019/20,14.00,715800.00,6.00,4.00,175465.00,150795.00,1065.00,141.00
2019/20,14.00,715830.00,4.00,2.00,9409.00,7682.00,34.00,225.00
2019/20,14.00,725800.00,4.00,3.00,178574.00,158778.00,1206.00,131.00
2019/20,14.00,725830.00,2.00,1.00,15045.00,13432.00,88.00,152.00
2019/20,14.00,755900.00,3.00,2.00,219256.00,155159.00,871.00,178.00
2019/20,14.00,755930.00,6.00,2.00,345531.00,244991.00,1057.00,231.00
2019/20,14.00,756000.00,4.00,1.00,5876.00,4091.00,20.00,204.00
2019/20,14.00,765930.00,4.00,1.00,3918.00,2728.00,10.00,272.00
2019/20,14.00,766000.00,4.00,1.00,5876.00,4091.00,17.00,240.00
2019/20,15.00,675600.00,1.00,1.00,1255.00,1091.00,25.00,43.00
2019/20,15.00,685630.00,1.00,1.00,900.00,783.00,30.00,26.00
2019/20,15.00,715600.00,1.00,1.00,1532.00,1332.00,11.00,121.00
2019/20,15.00,715630.00,1.00,1.00,3830.00,3330.00,25.00,133.00
2019/20,15.00,715700.00,1.00,2.00,104152.00,90818.00,683.00,132.00
2019/20,15.00,715730.00,3.00,2.00,105832.00,96137.00,614.00,156.00
2019/20,15.00,715800.00,3.00,3.00,62459.00,54260.00,305.00,177.00
2019/20,15.00,715830.00,2.00,2.00,814.00,641.00,34.00,18.00
2019/20,15.00,725730.00,1.00,1.00,6401.00,5615.00,21.00,267.00
2019/20,15.00,725800.00,2.00,3.00,174424.00,144073.00,837.00,172.00
2019/20,15.00,725830.00,2.00,2.00,16465.00,13589.00,131.00,103.00
2019/20,15.00,725900.00,1.00,1.00,152.00,120.00,11.00,10.00
2019/20,15.00,735830.00,1.00,1.00,70.00,55.00,5.00,11.00
2019/20,15.00,735900.00,1.00,1.00,56.00,44.00,4.00,11.00
2019/20,15.00,755930.00,2.00,3.00,133500.00,95969.00,615.00,156.00
2019/20,15.00,756000.00,2.00,2.00,145570.00,109881.00,483.00,227.00
2019/20,15.00,765930.00,1.00,1.00,10331.00,7653.00,30.00,255.00
2019/20,15.00,766000.00,2.00,2.00,18535.00,13792.00,74.00,186.00
2019/20,16.00,715700.00,2.00,2.00,66694.00,56650.00,318.00,178.00
2019/20,16.00,715730.00,3.00,4.00,151055.00,131714.00,546.00,241.00
2019/20,16.00,715800.00,2.00,2.00,107579.00,96539.00,929.00,103.00
2019/20,16.00,725700.00,2.00,2.00,18608.00,15968.00,76.00,210.00
2019/20,16.00,725800.00,3.00,3.00,106987.00,95996.00,554.00,173.00
2019/20,16.00,725830.00,1.00,1.00,2846.00,2587.00,12.00,215.00
2019/20,16.00,735800.00,1.00,1.00,7397.00,6725.00,21.00,320.00
2019/20,16.00,745930.00,1.00,1.00,114.00,104.00,4.00,26.00
2019/20,16.00,755930.00,1.00,1.00,48112.00,43738.00,373.00,117.00
2019/20,16.00,766000.00,1.00,1.00,1921.00,1745.00,80.00,21.00
2019/20,17.00,715800.00,2.00,2.00,47974.00,41282.00,212.00,194.00
2019/20,17.00,715830.00,1.00,1.00,14111.00,11958.00,54.00,221.00
2019/20,17.00,725800.00,2.00,2.00,32175.00,27297.00,159.00,171.00
2019/20,17.00,725830.00,2.00,2.00,11374.00,10007.00,44.00,227.00
2020/21,1.00,715630.00,1.00,1.00,669.00,728.00,10.00,72.00
2020/21,1.00,715700.00,1.00,1.00,2229.00,2429.00,43.00,56.00
2020/21,1.00,725630.00,1.00,1.00,8693.00,9474.00,71.00,133.00
2020/21,1.00,725700.00,1.00,1.00,10699.00,11659.00,119.00,97.00
2020/21,1.00,745930.00,1.00,1.00,617.00,464.00,38.00,12.00
2020/21,1.00,755930.00,1.00,1.00,135948.00,102217.00,774.00,132.00
2020/21,1.00,756000.00,1.00,1.00,15168.00,11404.00,70.00,162.00
2020/21,1.00,765930.00,1.00,1.00,32336.00,24313.00,135.00,180.00
2020/21,1.00,766000.00,1.00,1.00,65511.00,49257.00,259.00,190.00
2020/21,2.00,675600.00,1.00,1.00,1466.00,1212.00,46.00,26.00
2020/21,2.00,715630.00,3.00,6.00,23228.00,20507.00,580.00,35.00
2020/21,2.00,715700.00,5.00,8.00,44346.00,39588.00,483.00,81.00
2020/21,2.00,715730.00,4.00,4.00,14234.00,12617.00,140.00,90.00
2020/21,2.00,715800.00,1.00,1.00,550.00,505.00,30.00,16.00
2020/21,2.00,725630.00,2.00,3.00,129569.00,117121.00,802.00,146.00
2020/21,2.00,725700.00,5.00,11.00,204690.00,172921.00,1573.00,109.00
2020/21,2.00,725730.00,5.00,9.00,208670.00,186055.00,1619.00,114.00
2020/21,2.00,725800.00,1.00,1.00,1289.00,1183.00,30.00,39.00
2020/21,2.00,725900.00,1.00,1.00,42.00,35.00,28.00,1.00
2020/21,2.00,735730.00,3.00,4.00,4609.00,3926.00,153.00,25.00
2020/21,2.00,735800.00,3.00,3.00,2087.00,1768.00,72.00,24.00
2020/21,2.00,735900.00,1.00,1.00,61.00,51.00,11.00,4.00
2020/21,2.00,745800.00,1.00,1.00,0.00,0.00,35.00,0.00
2020/21,2.00,745900.00,1.00,1.00,1696.00,1402.00,26.00,53.00
2020/21,2.00,745930.00,3.00,4.00,8136.00,6673.00,96.00,69.00
2020/21,2.00,755930.00,4.00,7.00,778250.00,616221.00,2339.00,263.00
2020/21,2.00,756000.00,4.00,4.00,45531.00,36959.00,134.00,275.00
2020/21,2.00,765930.00,4.00,8.00,297342.00,248659.00,817.00,304.00
2020/21,2.00,766000.00,4.00,8.00,1126299.00,923089.00,2750.00,335.00
2020/21,2.00,766030.00,1.00,1.00,425.00,351.00,2.00,175.00
2020/21,2.00,776000.00,1.00,1.00,16235.00,13417.00,58.00,231.00
2020/21,3.00,665530.00,1.00,1.00,0.00,0.00,30.00,0.00
2020/21,3.00,675530.00,1.00,1.00,0.00,0.00,42.00,0.00
2020/21,3.00,675600.00,1.00,1.00,0.00,0.00,65.00,0.00
2020/21,3.00,685600.00,1.00,1.00,0.00,0.00,16.00,0.00
2020/21,3.00,715630.00,1.00,1.00,10803.00,9645.00,148.00,65.00
2020/21,3.00,715700.00,2.00,2.00,2289.00,1979.00,48.00,41.00
2020/21,3.00,725630.00,2.00,2.00,25057.00,21083.00,251.00,83.00
2020/21,3.00,725700.00,3.00,4.00,14694.00,12204.00,323.00,37.00
2020/21,3.00,725730.00,1.00,2.00,1199.00,989.00,49.00,20.00
2020/21,3.00,745830.00,2.00,1.00,30999.00,25409.00,154.00,164.00
2020/21,3.00,755930.00,4.00,6.00,880545.00,726571.00,2847.00,255.00
2020/21,3.00,756000.00,1.00,1.00,974.00,825.00,2.00,412.00
2020/21,3.00,765930.00,2.00,5.00,260702.00,218376.00,630.00,346.00
2020/21,3.00,766000.00,2.00,4.00,335284.00,281909.00,659.00,427.00
2020/21,4.00,715630.00,3.00,3.00,66963.00,60977.00,261.00,233.00
2020/21,4.00,715700.00,1.00,1.00,191.00,191.00,2.00,95.00
2020/21,4.00,715730.00,1.00,1.00,20120.00,20120.00,161.00,124.00
2020/21,4.00,725630.00,4.00,5.00,159126.00,143841.00,851.00,169.00
2020/21,4.00,725700.00,6.00,8.00,103820.00,99437.00,720.00,138.00
2020/21,4.00,725730.00,3.00,5.00,130909.00,113325.00,1456.00,77.00
2020/21,4.00,725800.00,1.00,1.00,208.00,178.00,7.00,25.00
2020/21,4.00,735800.00,2.00,1.00,1430.00,1125.00,37.00,30.00
2020/21,4.00,735830.00,2.00,1.00,1993.00,1569.00,37.00,42.00
2020/21,4.00,745830.00,3.00,2.00,4890.00,4190.00,30.00,139.00
2020/21,4.00,755930.00,5.00,7.00,333802.00,275198.00,1257.00,218.00
2020/21,4.00,756000.00,5.00,6.00,66310.00,55472.00,276.00,200.00
2020/21,4.00,765930.00,7.00,12.00,473582.00,393398.00,1924.00,204.00
2020/21,4.00,766000.00,7.00,15.00,1768420.00,1482860.00,6383.00,232.00
2020/21,4.00,766030.00,3.00,2.00,32060.00,26571.00,263.00,101.00
2020/21,4.00,775930.00,2.00,1.00,25849.00,21541.00,65.00,331.00
2020/21,4.00,776000.00,2.00,1.00,37397.00,30907.00,229.00,134.00
2020/21,5.00,715630.00,1.00,1.00,318.00,270.00,22.00,12.00
2020/21,5.00,725630.00,1.00,1.00,15041.00,13195.00,159.00,82.00
2020/21,5.00,725700.00,2.00,3.00,24147.00,19820.00,163.00,121.00
2020/21,5.00,725730.00,2.00,2.00,28143.00,24750.00,244.00,101.00
2020/21,5.00,735730.00,1.00,1.00,504.00,431.00,15.00,28.00
2020/21,5.00,735830.00,1.00,1.00,3259.00,2785.00,60.00,46.00
2020/21,5.00,745900.00,1.00,1.00,18.00,14.00,7.00,2.00
2020/21,5.00,745930.00,1.00,1.00,884.00,708.00,29.00,24.00
2020/21,5.00,755900.00,1.00,1.00,0.00,0.00,18.00,0.00
2020/21,5.00,755930.00,6.00,8.00,322588.00,259591.00,1280.00,202.00
2020/21,5.00,756000.00,4.00,6.00,48641.00,39660.00,235.00,168.00
2020/21,5.00,765930.00,5.00,8.00,200422.00,165187.00,745.00,221.00
2020/21,5.00,766000.00,8.00,14.00,1596981.00,1330719.00,5255.00,253.00
2020/21,5.00,766030.00,5.00,3.00,45239.00,37549.00,230.00,163.00
2020/21,5.00,775930.00,2.00,2.00,55046.00,44685.00,242.00,184.00
2020/21,5.00,776000.00,4.00,4.00,207277.00,166898.00,451.00,370.00
2020/21,5.00,776030.00,4.00,2.00,340082.00,276114.00,407.00,678.00
2020/21,6.00,665430.00,2.00,1.00,4344.00,3560.00,137.00,25.00
2020/21,6.00,665500.00,2.00,1.00,162.00,132.00,5.00,26.00
2020/21,6.00,665530.00,2.00,1.00,272.00,224.00,10.00,22.00
2020/21,6.00,665600.00,2.00,1.00,108.00,88.00,4.00,22.00
2020/21,6.00,715630.00,1.00,1.00,460.00,394.00,14.00,28.00
2020/21,6.00,715700.00,1.00,1.00,6.00,5.00,20.00,0.00
2020/21,6.00,715730.00,2.00,2.00,3034.00,2270.00,97.00,23.00
2020/21,6.00,725630.00,2.00,2.00,10442.00,8750.00,180.00,48.00
2020/21,6.00,725700.00,2.00,3.00,91479.00,85832.00,658.00,130.00
2020/21,6.00,725730.00,3.00,6.00,75748.00,66464.00,775.00,85.00
2020/21,6.00,735700.00,1.00,1.00,412.00,332.00,23.00,14.00
2020/21,6.00,735730.00,1.00,2.00,993.00,856.00,138.00,6.00
2020/21,6.00,735830.00,2.00,1.00,604.00,524.00,41.00,12.00
2020/21,6.00,745830.00,3.00,4.00,9078.00,7350.00,208.00,35.00
2020/21,6.00,745900.00,2.00,1.00,139698.00,121477.00,338.00,359.00
2020/21,6.00,745930.00,5.00,3.00,4256.00,3588.00,45.00,79.00
2020/21,6.00,755830.00,3.00,2.00,0.00,0.00,67.00,0.00
2020/21,6.00,755900.00,5.00,4.00,7811.00,5979.00,219.00,27.00
2020/21,6.00,755930.00,6.00,12.00,441504.00,351929.00,1976.00,178.00
2020/21,6.00,756000.00,2.00,4.00,118937.00,101263.00,510.00,198.00
2020/21,6.00,765830.00,1.00,1.00,0.00,0.00,39.00,0.00
2020/21,6.00,765900.00,3.00,5.00,41720.00,34848.00,377.00,92.00
2020/21,6.00,765930.00,5.00,10.00,330865.00,274317.00,1602.00,171.00
2020/21,6.00,766000.00,8.00,19.00,1326342.00,1116137.00,5711.00,195.00
2020/21,6.00,766030.00,1.00,1.00,3333.00,2801.00,20.00,140.00
2020/21,6.00,775930.00,2.00,2.00,43045.00,36533.00,175.00,208.00
2020/21,6.00,776000.00,5.00,7.00,147313.00,122305.00,695.00,175.00
2020/21,6.00,776030.00,4.00,5.00,445245.00,374754.00,1250.00,299.00
2020/21,6.00,776100.00,1.00,1.00,11385.00,9669.00,23.00,420.00
2020/21,6.00,785930.00,1.00,1.00,0.00,0.00,10.00,0.00
2020/21,6.00,786000.00,2.00,2.00,9868.00,8393.00,21.00,399.00
2020/21,6.00,786030.00,3.00,3.00,205322.00,172295.00,392.00,439.00
2020/21,6.00,786100.00,1.00,1.00,34156.00,29008.00,57.00,508.00
2020/21,7.00,675530.00,2.00,1.00,81.00,70.00,3.00,23.00
2020/21,7.00,675600.00,2.00,1.00,268.00,229.00,10.00,22.00
2020/21,7.00,685600.00,2.00,1.00,241.00,206.00,9.00,22.00
2020/21,7.00,685630.00,2.00,1.00,109.00,94.00,4.00,23.00
2020/21,7.00,715630.00,4.00,5.00,142726.00,128040.00,872.00,146.00
2020/21,7.00,715700.00,3.00,2.00,71704.00,66309.00,376.00,176.00
2020/21,7.00,715730.00,3.00,3.00,169404.00,156496.00,856.00,182.00
2020/21,7.00,715800.00,2.00,1.00,1143.00,1058.00,11.00,96.00
2020/21,7.00,725630.00,5.00,5.00,87795.00,78695.00,472.00,166.00
2020/21,7.00,725700.00,6.00,9.00,89508.00,79453.00,763.00,104.00
2020/21,7.00,725730.00,6.00,7.00,142518.00,127444.00,1220.00,104.00
2020/21,7.00,725800.00,2.00,1.00,1054.00,976.00,24.00,40.00
2020/21,7.00,735700.00,1.00,1.00,236.00,204.00,13.00,15.00
2020/21,7.00,735730.00,3.00,4.00,689.00,580.00,122.00,4.00
2020/21,7.00,735800.00,4.00,5.00,7826.00,6824.00,201.00,33.00
2020/21,7.00,735830.00,3.00,3.00,2226.00,2025.00,168.00,12.00
2020/21,7.00,745800.00,2.00,2.00,45.00,41.00,23.00,1.00
2020/21,7.00,745830.00,3.00,3.00,2274.00,2095.00,79.00,26.00
2020/21,7.00,745900.00,3.00,3.00,284403.00,245166.00,1319.00,185.00
2020/21,7.00,745930.00,2.00,2.00,15481.00,13347.00,105.00,127.00
2020/21,7.00,755900.00,1.00,1.00,1579.00,1263.00,50.00,25.00
2020/21,7.00,755930.00,1.00,2.00,11148.00,9008.00,98.00,91.00
2020/21,7.00,756000.00,1.00,1.00,2488.00,2108.00,16.00,131.00
2020/21,7.00,765930.00,1.00,3.00,11886.00,9718.00,142.00,68.00
2020/21,7.00,766000.00,6.00,7.00,233894.00,193689.00,976.00,198.00
2020/21,7.00,775930.00,5.00,5.00,747959.00,611483.00,1805.00,338.00
2020/21,7.00,776000.00,6.00,6.00,904258.00,764438.00,2592.00,294.00
2020/21,7.00,776030.00,3.00,1.00,42600.00,35501.00,128.00,277.00
2020/21,8.00,655430.00,1.00,1.00,82.00,72.00,6.00,12.00
2020/21,8.00,655500.00,1.00,1.00,1144.00,1003.00,77.00,13.00
2020/21,8.00,655530.00,1.00,1.00,490.00,430.00,30.00,14.00
2020/21,8.00,665500.00,1.00,1.00,1593.00,1397.00,18.00,77.00
2020/21,8.00,665530.00,1.00,1.00,776.00,681.00,9.00,75.00
2020/21,8.00,715630.00,4.00,5.00,68171.00,57912.00,833.00,69.00
2020/21,8.00,715700.00,3.00,2.00,10918.00,8534.00,205.00,41.00
2020/21,8.00,715730.00,1.00,1.00,5012.00,4395.00,55.00,79.00
2020/21,8.00,715800.00,1.00,1.00,1109.00,888.00,21.00,42.00
2020/21,8.00,725630.00,3.00,3.00,25854.00,20306.00,241.00,84.00
2020/21,8.00,725700.00,5.00,6.00,89987.00,76782.00,1234.00,62.00
2020/21,8.00,725730.00,5.00,8.00,60701.00,51302.00,1092.00,46.00
2020/21,8.00,725800.00,1.00,1.00,1279.00,1195.00,40.00,29.00
2020/21,8.00,725830.00,2.00,1.00,12.00,9.00,4.00,2.00
2020/21,8.00,735700.00,3.00,3.00,1980.00,1756.00,187.00,9.00
2020/21,8.00,735730.00,5.00,4.00,667.00,581.00,136.00,4.00
2020/21,8.00,735800.00,4.00,5.00,2189.00,1810.00,297.00,6.00
2020/21,8.00,735830.00,5.00,5.00,36781.00,30331.00,349.00,86.00
2020/21,8.00,735900.00,4.00,2.00,112056.00,92834.00,396.00,234.00
2020/21,8.00,745800.00,3.00,4.00,0.00,0.00,97.00,0.00
2020/21,8.00,745830.00,3.00,3.00,1179.00,983.00,119.00,8.00
2020/21,8.00,745900.00,5.00,3.00,290222.00,252064.00,961.00,262.00
2020/21,8.00,745930.00,2.00,2.00,12826.00,9024.00,112.00,80.00
2020/21,8.00,755830.00,3.00,2.00,405.00,350.00,31.00,11.00
2020/21,8.00,755900.00,2.00,2.00,5353.00,4598.00,86.00,53.00
2020/21,8.00,755930.00,4.00,5.00,230245.00,172075.00,1085.00,158.00
2020/21,8.00,765830.00,3.00,2.00,606.00,523.00,91.00,5.00
2020/21,8.00,765900.00,4.00,7.00,156143.00,133810.00,933.00,143.00
2020/21,8.00,765930.00,3.00,6.00,206891.00,175126.00,1486.00,117.00
2020/21,8.00,775830.00,1.00,1.00,0.00,0.00,5.00,0.00
2020/21,8.00,775900.00,1.00,2.00,0.00,0.00,135.00,0.00
2020/21,8.00,775930.00,3.00,3.00,86373.00,71611.00,679.00,105.00
2020/21,8.00,776000.00,6.00,7.00,449458.00,384517.00,2283.00,168.00
2020/21,8.00,776030.00,2.00,3.00,13088.00,11647.00,82.00,142.00
2020/21,8.00,785900.00,1.00,2.00,0.00,0.00,74.00,0.00
2020/21,8.00,785930.00,2.00,2.00,1419.00,1183.00,54.00,21.00
2020/21,8.00,786000.00,2.00,3.00,257439.00,203759.00,637.00,319.00
2020/21,8.00,786030.00,2.00,3.00,475197.00,395369.00,705.00,560.00
2020/21,9.00,675530.00,1.00,1.00,112.00,95.00,11.00,8.00
2020/21,9.00,685530.00,1.00,1.00,0.00,0.00,4.00,0.00
2020/21,9.00,715630.00,3.00,3.00,90885.00,85864.00,597.00,143.00
2020/21,9.00,715700.00,1.00,1.00,831.00,756.00,14.00,54.00
2020/21,9.00,715730.00,3.00,4.00,37512.00,34026.00,374.00,90.00
2020/21,9.00,715800.00,2.00,2.00,6077.00,5434.00,74.00,73.00
2020/21,9.00,725630.00,3.00,3.00,28336.00,25948.00,236.00,109.00
2020/21,9.00,725700.00,3.00,3.00,13061.00,11388.00,116.00,98.00
2020/21,9.00,725730.00,3.00,6.00,152112.00,134950.00,1073.00,125.00
2020/21,9.00,735700.00,1.00,1.00,689.00,589.00,52.00,11.00
2020/21,9.00,735730.00,3.00,3.00,20160.00,16446.00,212.00,77.00
2020/21,9.00,735800.00,1.00,1.00,,,13.00,
2020/21,9.00,735900.00,2.00,1.00,11628.00,10201.00,52.00,196.00
2020/21,9.00,745800.00,1.00,1.00,,,27.00,
2020/21,9.00,745830.00,1.00,1.00,,,26.00,
2020/21,9.00,745900.00,3.00,2.00,125247.00,109865.00,621.00,176.00
2020/21,9.00,755930.00,2.00,2.00,1880.00,1637.00,28.00,58.00
2020/21,9.00,765900.00,3.00,3.00,18605.00,15261.00,113.00,135.00
2020/21,9.00,765930.00,4.00,4.00,234157.00,200463.00,1247.00,160.00
2020/21,9.00,766000.00,1.00,1.00,11336.00,9369.00,60.00,156.00
2020/21,9.00,766030.00,1.00,1.00,12045.00,9954.00,72.00,138.00
2020/21,9.00,775900.00,2.00,2.00,4042.00,3208.00,98.00,32.00
2020/21,9.00,775930.00,5.00,7.00,632646.00,519430.00,1661.00,312.00
2020/21,9.00,776000.00,4.00,4.00,152053.00,125505.00,780.00,160.00
2020/21,9.00,776030.00,2.00,2.00,80272.00,70408.00,171.00,411.00
2020/21,9.00,785900.00,1.00,1.00,0.00,0.00,14.00,0.00
2020/21,9.00,786000.00,1.00,1.00,3450.00,2948.00,74.00,39.00
2020/21,9.00,786030.00,2.00,2.00,102859.00,89637.00,219.00,409.00
2020/21,10.00,715700.00,2.00,1.00,4790.00,3957.00,36.00,109.00
2020/21,10.00,715730.00,2.00,1.00,7184.00,5938.00,52.00,114.00
2020/21,10.00,725700.00,2.00,1.00,481.00,382.00,22.00,17.00
2020/21,10.00,725730.00,2.00,1.00,3327.00,2640.00,55.00,48.00
2020/21,10.00,735830.00,3.00,2.00,7541.00,6280.00,45.00,139.00
2020/21,10.00,735900.00,3.00,2.00,21161.00,17354.00,128.00,135.00
2020/21,10.00,745830.00,3.00,1.00,2075.00,1686.00,9.00,187.00
2020/21,10.00,745900.00,3.00,2.00,86255.00,71108.00,523.00,135.00
2020/21,10.00,745930.00,3.00,1.00,16849.00,13698.00,80.00,171.00
2020/21,10.00,755900.00,3.00,1.00,153.00,125.00,18.00,6.00
2020/21,10.00,755930.00,3.00,1.00,91570.00,74447.00,351.00,212.00
2020/21,10.00,765930.00,3.00,2.00,48567.00,39212.00,350.00,112.00
2020/21,10.00,766000.00,1.00,1.00,1798.00,1650.00,20.00,82.00
2020/21,10.00,766030.00,1.00,1.00,5393.00,4948.00,71.00,69.00
2020/21,10.00,775900.00,1.00,1.00,8916.00,6859.00,14.00,489.00
2020/21,10.00,775930.00,5.00,4.00,393255.00,311752.00,1264.00,246.00
2020/21,10.00,776000.00,2.00,2.00,53419.00,44476.00,210.00,211.00
2020/21,10.00,776030.00,4.00,3.00,28963.00,24641.00,188.00,131.00
2020/21,10.00,786000.00,2.00,1.00,196375.00,162292.00,327.00,496.00
2020/21,10.00,786030.00,4.00,3.00,438829.00,375857.00,834.00,450.00
2020/21,11.00,715630.00,2.00,2.00,105147.00,95854.00,708.00,135.00
2020/21,11.00,715700.00,3.00,2.00,6335.00,5279.00,41.00,128.00
2020/21,11.00,715730.00,3.00,7.00,45947.00,39034.00,542.00,72.00
2020/21,11.00,715800.00,1.00,1.00,11370.00,9974.00,40.00,249.00
2020/21,11.00,725630.00,3.00,3.00,50114.00,45548.00,378.00,120.00
2020/21,11.00,725700.00,2.00,2.00,8677.00,7385.00,145.00,50.00
2020/21,11.00,725730.00,4.00,9.00,83826.00,70534.00,791.00,89.00
2020/21,11.00,725800.00,1.00,1.00,0.00,0.00,34.00,0.00
2020/21,11.00,735700.00,2.00,1.00,2842.00,2408.00,31.00,77.00
2020/21,11.00,735730.00,3.00,3.00,28087.00,22929.00,113.00,202.00
2020/21,11.00,735830.00,3.00,3.00,5700.00,5038.00,80.00,62.00
2020/21,11.00,735900.00,3.00,3.00,12984.00,11567.00,103.00,112.00
2020/21,11.00,745830.00,3.00,3.00,5351.00,4674.00,79.00,59.00
2020/21,11.00,745900.00,7.00,8.00,131071.00,112778.00,1079.00,104.00
2020/21,11.00,745930.00,4.00,3.00,47734.00,36675.00,208.00,176.00
2020/21,11.00,755900.00,2.00,2.00,38730.00,32968.00,165.00,199.00
2020/21,11.00,755930.00,4.00,4.00,312110.00,241543.00,1333.00,181.00
2020/21,11.00,756000.00,2.00,1.00,11270.00,8602.00,48.00,179.00
2020/21,11.00,765900.00,3.00,3.00,16218.00,13788.00,147.00,93.00
2020/21,11.00,765930.00,4.00,4.00,14869.00,12026.00,326.00,36.00
2020/21,11.00,766000.00,5.00,7.00,321054.00,267520.00,1541.00,173.00
2020/21,11.00,766030.00,1.00,1.00,14666.00,12643.00,72.00,175.00
2020/21,11.00,775900.00,2.00,2.00,128700.00,109847.00,321.00,342.00
2020/21,11.00,775930.00,6.00,9.00,442530.00,372123.00,1607.00,231.00
2020/21,11.00,776000.00,5.00,6.00,111366.00,91829.00,519.00,176.00
2020/21,11.00,776030.00,4.00,6.00,107512.00,91861.00,544.00,168.00
2020/21,11.00,776100.00,1.00,1.00,342.00,306.00,14.00,21.00
2020/21,11.00,785930.00,1.00,1.00,0.00,0.00,12.00,0.00
2020/21,11.00,786000.00,7.00,14.00,1281422.00,1042653.00,3245.00,321.00
2020/21,11.00,786030.00,8.00,16.00,2906484.00,2468409.00,6213.00,397.00
2020/21,11.00,786100.00,1.00,1.00,97.00,88.00,4.00,22.00
2020/21,12.00,715630.00,1.00,1.00,18916.00,17196.00,296.00,58.00
2020/21,12.00,725630.00,1.00,1.00,15477.00,14070.00,221.00,63.00
2020/21,12.00,725700.00,2.00,1.00,0.00,0.00,20.00,0.00
2020/21,12.00,725730.00,2.00,1.00,0.00,0.00,77.00,0.00
2020/21,12.00,745900.00,1.00,1.00,83434.00,65696.00,608.00,108.00
2020/21,12.00,745930.00,2.00,2.00,14176.00,11079.00,63.00,175.00
2020/21,12.00,755930.00,1.00,1.00,179278.00,140061.00,653.00,214.00
2020/21,12.00,765900.00,1.00,1.00,17199.00,13543.00,85.00,159.00
2020/21,12.00,775930.00,1.00,1.00,125281.00,103538.00,178.00,581.00
2020/21,12.00,776000.00,2.00,2.00,35902.00,30452.00,146.00,208.00
2020/21,12.00,776030.00,3.00,3.00,68821.00,57558.00,351.00,163.00
2020/21,12.00,786000.00,4.00,6.00,167540.00,136320.00,383.00,355.00
2020/21,12.00,786030.00,5.00,8.00,957686.00,792642.00,2395.00,330.00
2020/21,13.00,665500.00,1.00,1.00,46880.00,36341.00,341.00,106.00
2020/21,13.00,715630.00,2.00,2.00,70531.00,58776.00,411.00,143.00
2020/21,13.00,725630.00,3.00,3.00,9618.00,8015.00,98.00,81.00
2020/21,13.00,725730.00,1.00,1.00,3178.00,2627.00,28.00,93.00
2020/21,13.00,735730.00,1.00,1.00,3178.00,2627.00,26.00,101.00
2020/21,13.00,745930.00,2.00,2.00,48273.00,36316.00,151.00,240.00
2020/21,13.00,755900.00,1.00,1.00,50028.00,40023.00,105.00,381.00
2020/21,13.00,755930.00,2.00,2.00,231797.00,174077.00,886.00,196.00
2020/21,13.00,756000.00,1.00,2.00,6178.00,5135.00,18.00,285.00
2020/21,13.00,765930.00,1.00,1.00,3693.00,3026.00,19.00,159.00
2020/21,13.00,766000.00,1.00,2.00,287467.00,240511.00,944.00,254.00
2020/21,13.00,775900.00,2.00,2.00,155701.00,123867.00,509.00,243.00
2020/21,13.00,775930.00,4.00,4.00,204032.00,159542.00,698.00,228.00
2020/21,13.00,786000.00,10.00,11.00,677850.00,562376.00,1682.00,334.00
2020/21,13.00,786030.00,11.00,14.00,2395596.00,2022736.00,4987.00,405.00
2020/21,14.00,735730.00,2.00,1.00,0.00,0.00,30.00,0.00
2020/21,14.00,735800.00,1.00,1.00,9.00,7.00,47.00,0.00
2020/21,14.00,735830.00,1.00,1.00,46.00,38.00,18.00,2.00
2020/21,14.00,735900.00,1.00,1.00,341.00,280.00,34.00,8.00
2020/21,14.00,745830.00,1.00,1.00,0.00,0.00,14.00,0.00
2020/21,14.00,745900.00,3.00,2.00,18263.00,15158.00,394.00,38.00
2020/21,14.00,745930.00,1.00,1.00,9176.00,7522.00,89.00,84.00
2020/21,14.00,755900.00,1.00,1.00,106.00,87.00,10.00,8.00
2020/21,14.00,755930.00,5.00,6.00,243577.00,195361.00,1017.00,192.00
2020/21,14.00,765930.00,3.00,3.00,3052.00,2329.00,21.00,110.00
2020/21,14.00,766000.00,2.00,3.00,126803.00,102330.00,491.00,208.00
2020/21,14.00,775900.00,3.00,2.00,12508.00,9579.00,54.00,177.00
2020/21,14.00,775930.00,2.00,2.00,23604.00,17163.00,135.00,127.00
2020/21,14.00,776000.00,1.00,1.00,14.00,11.00,51.00,0.00
2020/21,14.00,786000.00,5.00,7.00,319665.00,264629.00,584.00,453.00
2020/21,14.00,786030.00,8.00,12.00,1216679.00,1020665.00,3166.00,322.00
2020/21,15.00,665500.00,1.00,1.00,16084.00,13516.00,156.00,86.00
2020/21,15.00,665530.00,1.00,1.00,60508.00,50847.00,223.00,228.00
2020/21,15.00,725730.00,1.00,1.00,1055.00,904.00,20.00,45.00
2020/21,15.00,745900.00,1.00,1.00,336.00,273.00,41.00,6.00
2020/21,15.00,745930.00,2.00,2.00,10717.00,9670.00,68.00,142.00
2020/21,15.00,755830.00,1.00,1.00,0.00,0.00,37.00,0.00
2020/21,15.00,755900.00,1.00,1.00,313.00,284.00,1.00,284.00
2020/21,15.00,755930.00,5.00,5.00,370956.00,320150.00,1698.00,188.00
2020/21,15.00,756000.00,3.00,2.00,6738.00,5776.00,27.00,213.00
2020/21,15.00,765900.00,2.00,2.00,42250.00,34349.00,241.00,142.00
2020/21,15.00,765930.00,5.00,4.00,51011.00,42921.00,256.00,167.00
2020/21,15.00,766000.00,5.00,4.00,202739.00,170861.00,803.00,212.00
2020/21,15.00,775900.00,4.00,6.00,521219.00,419012.00,2266.00,184.00
2020/21,15.00,775930.00,5.00,5.00,322745.00,254784.00,1075.00,237.00
2020/21,15.00,776000.00,3.00,2.00,124425.00,103857.00,363.00,286.00
2020/21,15.00,776030.00,1.00,1.00,15474.00,12581.00,82.00,153.00
2020/21,15.00,785930.00,1.00,1.00,13493.00,10969.00,157.00,69.00
2020/21,15.00,786000.00,2.00,4.00,157372.00,133904.00,658.00,203.00
2020/21,15.00,786030.00,4.00,10.00,718700.00,605128.00,2340.00,258.00
2020/21,15.00,796030.00,1.00,2.00,2019.00,1717.00,14.00,122.00
2020/21,16.00,745930.00,1.00,1.00,1204.00,955.00,15.00,63.00
2020/21,16.00,755930.00,3.00,5.00,423501.00,342654.00,1558.00,219.00
2020/21,16.00,765900.00,4.00,2.00,33552.00,26113.00,108.00,241.00
2020/21,16.00,765930.00,2.00,2.00,9521.00,7862.00,33.00,238.00
2020/21,16.00,766000.00,1.00,2.00,43246.00,35747.00,163.00,219.00
2020/21,16.00,775900.00,5.00,5.00,690863.00,562807.00,2105.00,267.00
2020/21,16.00,775930.00,2.00,2.00,23210.00,19670.00,76.00,258.00
2020/21,16.00,786030.00,3.00,1.00,176601.00,153127.00,413.00,370.00
2020/21,17.00,745930.00,3.00,2.00,7687.00,6601.00,57.00,115.00
2020/21,17.00,755900.00,1.00,1.00,12209.00,10525.00,66.00,159.00
2020/21,17.00,755930.00,3.00,5.00,500323.00,426084.00,2055.00,207.00
2020/21,17.00,756000.00,2.00,3.00,5659.00,4846.00,23.00,210.00
2020/21,17.00,765900.00,2.00,2.00,15890.00,13419.00,113.00,118.00
2020/21,17.00,765930.00,2.00,2.00,20147.00,17010.00,124.00,137.00
2020/21,17.00,766000.00,1.00,2.00,41791.00,35867.00,175.00,204.00
2020/21,17.00,775900.00,3.00,3.00,197629.00,166254.00,869.00,191.00
2020/21,17.00,775930.00,2.00,2.00,94261.00,74597.00,256.00,291.00
2020/21,17.00,776030.00,2.00,1.00,72866.00,62049.00,241.00,257.00
2020/21,17.00,786030.00,2.00,1.00,73504.00,62591.00,287.00,218.00
2020/21,17.00,786100.00,2.00,1.00,284.00,241.00,2.00,120.00
2020/21,18.00,755930.00,4.00,2.00,298640.00,229686.00,1927.00,119.00
2020/21,18.00,756000.00,2.00,1.00,360.00,297.00,25.00,11.00
2020/21,18.00,765900.00,3.00,2.00,21637.00,18208.00,112.00,162.00
2020/21,18.00,765930.00,2.00,1.00,5859.00,4842.00,34.00,142.00
2020/21,18.00,766000.00,3.00,4.00,431090.00,367231.00,1526.00,240.00
2020/21,18.00,766030.00,3.00,3.00,23290.00,19826.00,70.00,283.00
2020/21,18.00,775900.00,3.00,2.00,109380.00,92176.00,431.00,213.00
2020/21,18.00,775930.00,3.00,2.00,147709.00,125158.00,337.00,371.00
2020/21,18.00,776000.00,2.00,1.00,9943.00,8356.00,24.00,348.00
2020/21,18.00,776030.00,2.00,1.00,5805.00,4877.00,15.00,325.00
2020/21,19.00,745930.00,1.00,1.00,16137.00,13227.00,161.00,82.00
2020/21,19.00,746000.00,1.00,1.00,41.00,34.00,19.00,1.00
2020/21,19.00,755930.00,1.00,1.00,86582.00,70969.00,641.00,110.00
2020/21,19.00,756000.00,1.00,1.00,761.00,624.00,50.00,12.00
2020/21,19.00,765930.00,2.00,2.00,91567.00,74474.00,489.00,152.00
2020/21,19.00,766000.00,2.00,3.00,102861.00,84830.00,521.00,162.00
2020/21,19.00,766030.00,1.00,1.00,7926.00,6661.00,40.00,166.00
2020/21,19.00,775900.00,1.00,1.00,23778.00,19981.00,116.00,172.00
2020/21,19.00,775930.00,1.00,1.00,43763.00,35010.00,176.00,198.00
2020/21,19.00,776000.00,2.00,2.00,75385.00,62673.00,346.00,181.00
2020/21,19.00,776030.00,1.00,1.00,6341.00,5328.00,50.00,106.00
2020/21,20.00,776030.00,2.00,1.00,482.00,389.00,2.00,194.00
2020/21,20.00,786030.00,2.00,1.00,184008.00,148393.00,681.00,217.00
2020/21,20.00,786100.00,2.00,1.00,1219.00,984.00,5.00,196.00
2020/21,21.00,755930.00,1.00,1.00,19313.00,16507.00,70.00,235.00
2020/21,21.00,765930.00,1.00,1.00,5722.00,4891.00,26.00,188.00
2020/21,21.00,766000.00,2.00,2.00,196258.00,156658.00,715.00,219.00
2020/21,22.00,766000.00,1.00,1.00,17108.00,13366.00,67.00,199.00
2020/21,22.00,776000.00,1.00,1.00,1901.00,1485.00,18.00,82.00
2020/21,42.00,635600.00,1.00,1.00,0.00,0.00,77.00,0.00
2020/21,42.00,635630.00,1.00,1.00,1.00,1.00,355.00,0.00
2020/21,42.00,645600.00,1.00,1.00,0.00,0.00,68.00,0.00
2020/21,42.00,645630.00,1.00,1.00,0.00,0.00,140.00,0.00
2020/21,52.00,725700.00,1.00,1.00,1274.00,1011.00,42.00,24.00
2020/21,52.00,735730.00,1.00,1.00,212.00,169.00,30.00,5.00
2020/21,52.00,745930.00,1.00,1.00,0.00,0.00,15.00,0.00
2020/21,52.00,755930.00,1.00,1.00,108260.00,85921.00,381.00,225.00
2020/21,52.00,756000.00,1.00,1.00,22643.00,17970.00,62.00,289.00
2020/21,52.00,765930.00,1.00,1.00,56988.00,45229.00,101.00,447.00
2020/21,52.00,766000.00,1.00,1.00,139151.00,110438.00,253.00,436.00
2020/21,53.00,715630.00,1.00,1.00,0.00,0.00,9.00,0.00
2020/21,53.00,725630.00,1.00,1.00,8342.00,7130.00,165.00,43.00
2020/21,53.00,755930.00,3.00,2.00,185149.00,158135.00,440.00,359.00
2020/21,53.00,756000.00,2.00,1.00,1978.00,1455.00,30.00,48.00
2020/21,53.00,765930.00,3.00,2.00,66095.00,56443.00,205.00,275.00
2020/21,53.00,766000.00,3.00,2.00,183161.00,142831.00,384.00,371.00
2020/21,53.00,775930.00,1.00,1.00,,,2.00,
2021/22,2.00,786000.00,3.00,1.00,2349.00,1864.00,14.00,133.00
2021/22,2.00,786030.00,3.00,1.00,115113.00,91360.00,326.00,280.00
2021/22,3.00,685600.00,1.00,1.00,,,2.00,
2021/22,3.00,715700.00,1.00,1.00,1116.00,962.00,15.00,64.00
2021/22,3.00,715730.00,1.00,1.00,0.00,0.00,1.00,0.00
2021/22,3.00,715800.00,1.00,1.00,0.00,0.00,1.00,0.00
2021/22,3.00,725700.00,1.00,1.00,6694.00,5771.00,91.00,63.00
2021/22,3.00,725730.00,2.00,2.00,8670.00,7450.00,145.00,51.00
2021/22,3.00,735730.00,1.00,1.00,39608.00,34145.00,401.00,85.00
2021/22,3.00,735830.00,3.00,1.00,276.00,229.00,10.00,22.00
2021/22,3.00,735900.00,1.00,1.00,7.00,5.00,5.00,1.00
2021/22,3.00,745900.00,1.00,1.00,2355.00,1840.00,75.00,24.00
2021/22,3.00,745930.00,5.00,3.00,73248.00,60046.00,269.00,223.00
2021/22,3.00,755930.00,5.00,4.00,392203.00,309868.00,1390.00,222.00
2021/22,3.00,756000.00,3.00,2.00,7067.00,5679.00,76.00,74.00
2021/22,3.00,765900.00,1.00,1.00,87323.00,70422.00,384.00,183.00
2021/22,3.00,765930.00,3.00,2.00,49448.00,39804.00,209.00,190.00
2021/22,3.00,766000.00,4.00,3.00,123437.00,100082.00,430.00,232.00
2021/22,3.00,775930.00,7.00,2.00,267.00,208.00,16.00,13.00
2021/22,3.00,776000.00,7.00,2.00,1725.00,1376.00,48.00,28.00
2021/22,3.00,786000.00,7.00,2.00,24287.00,18173.00,128.00,141.00
2021/22,3.00,786030.00,7.00,2.00,477296.00,362866.00,1375.00,263.00
2021/22,4.00,745830.00,2.00,1.00,9.00,7.00,2.00,3.00
2021/22,4.00,745900.00,4.00,2.00,15220.00,12275.00,150.00,81.00
2021/22,4.00,745930.00,4.00,3.00,149674.00,118787.00,557.00,213.00
2021/22,4.00,755900.00,1.00,1.00,1.00,1.00,67.00,0.00
2021/22,4.00,755930.00,5.00,4.00,254282.00,201838.00,1028.00,196.00
2021/22,4.00,765930.00,3.00,2.00,24482.00,20229.00,121.00,167.00
2021/22,4.00,766000.00,4.00,3.00,240181.00,201367.00,520.00,387.00
2021/22,4.00,775930.00,4.00,2.00,9927.00,8006.00,123.00,65.00
2021/22,4.00,776000.00,4.00,2.00,49567.00,39742.00,608.00,65.00
2021/22,4.00,776030.00,1.00,1.00,5864.00,4691.00,41.00,114.00
2021/22,4.00,786030.00,4.00,1.00,81492.00,69061.00,378.00,182.00
2021/22,4.00,786100.00,4.00,1.00,12093.00,10251.00,51.00,201.00
2021/22,5.00,665530.00,1.00,1.00,767.00,614.00,85.00,7.00
2021/22,5.00,715630.00,3.00,1.00,3451.00,3027.00,92.00,32.00
2021/22,5.00,725630.00,3.00,1.00,39684.00,34812.00,462.00,75.00
2021/22,5.00,735700.00,4.00,1.00,0.00,0.00,10.00,0.00
2021/22,5.00,735730.00,5.00,2.00,66953.00,59325.00,443.00,133.00
2021/22,5.00,745730.00,4.00,1.00,22718.00,20152.00,259.00,77.00
2021/22,5.00,745830.00,2.00,1.00,1349.00,1006.00,86.00,11.00
2021/22,5.00,745900.00,3.00,3.00,557.00,427.00,199.00,2.00
2021/22,5.00,745930.00,2.00,2.00,14100.00,11331.00,88.00,128.00
2021/22,5.00,755900.00,1.00,2.00,0.00,0.00,21.00,0.00
2021/22,5.00,755930.00,7.00,4.00,81758.00,65683.00,698.00,94.00
2021/22,5.00,765900.00,7.00,3.00,160260.00,119310.00,1099.00,108.00
2021/22,5.00,765930.00,1.00,2.00,2678.00,2137.00,85.00,25.00
2021/22,5.00,775900.00,1.00,1.00,1548.00,1238.00,23.00,53.00
2021/22,5.00,775930.00,5.00,2.00,66.00,48.00,29.00,1.00
2021/22,5.00,776000.00,1.00,1.00,15040.00,12328.00,260.00,47.00
2021/22,5.00,776030.00,1.00,1.00,18424.00,15101.00,270.00,55.00
2021/22,5.00,785930.00,6.00,2.00,0.00,0.00,113.00,0.00
2021/22,5.00,786000.00,6.00,2.00,11245.00,8751.00,270.00,32.00
2021/22,5.00,786030.00,4.00,1.00,53373.00,40434.00,467.00,86.00
2021/22,6.00,675600.00,1.00,1.00,0.00,0.00,85.00,0.00
2021/22,6.00,685600.00,1.00,1.00,0.00,0.00,9.00,0.00
2021/22,6.00,715600.00,2.00,1.00,70.00,64.00,4.00,16.00
2021/22,6.00,715630.00,4.00,2.00,1210.00,1085.00,92.00,11.00
2021/22,6.00,725630.00,4.00,2.00,11139.00,9907.00,229.00,43.00
2021/22,6.00,725700.00,5.00,3.00,15983.00,14492.00,231.00,62.00
2021/22,6.00,725730.00,4.00,4.00,7813.00,7035.00,130.00,54.00
2021/22,6.00,735630.00,3.00,1.00,931.00,854.00,13.00,65.00
2021/22,6.00,735700.00,7.00,8.00,216438.00,183518.00,1417.00,129.00
2021/22,6.00,735730.00,6.00,7.00,237758.00,213967.00,1309.00,163.00
2021/22,6.00,745730.00,1.00,1.00,2.00,2.00,1.00,2.00
2021/22,6.00,755930.00,1.00,1.00,7489.00,7132.00,130.00,54.00
2021/22,7.00,725630.00,1.00,1.00,13450.00,12009.00,123.00,97.00
2021/22,7.00,725700.00,2.00,2.00,1874.00,1699.00,36.00,47.00
2021/22,7.00,725730.00,2.00,2.00,2638.00,2448.00,46.00,53.00
2021/22,7.00,735700.00,3.00,3.00,95837.00,89843.00,591.00,152.00
2021/22,7.00,735730.00,5.00,5.00,189133.00,175377.00,916.00,191.00
2021/22,7.00,745730.00,4.00,4.00,57366.00,54734.00,345.00,158.00
2021/22,7.00,775900.00,1.00,1.00,0.00,0.00,95.00,0.00
2021/22,8.00,665500.00,1.00,1.00,,,251.00,
2021/22,8.00,665530.00,1.00,1.00,1.00,1.00,507.00,0.00
2021/22,8.00,715700.00,1.00,1.00,1223.00,1112.00,63.00,17.00
2021/22,8.00,725630.00,1.00,1.00,3973.00,3612.00,69.00,52.00
2021/22,8.00,735700.00,4.00,4.00,68131.00,59275.00,616.00,96.00
2021/22,8.00,735730.00,4.00,4.00,87704.00,79697.00,647.00,123.00
2021/22,8.00,745730.00,3.00,3.00,71732.00,69690.00,582.00,119.00
2021/22,9.00,665430.00,2.00,2.00,3456.00,2567.00,262.00,9.00
2021/22,9.00,665500.00,3.00,3.00,11449.00,8557.00,1031.00,8.00
2021/22,9.00,665530.00,1.00,1.00,298.00,237.00,28.00,8.00
2021/22,9.00,675500.00,2.00,2.00,2746.00,2097.00,230.00,9.00
2021/22,9.00,675530.00,1.00,1.00,422.00,335.00,32.00,10.00
2021/22,9.00,715730.00,1.00,1.00,578.00,467.00,23.00,20.00
2021/22,9.00,725700.00,2.00,1.00,3717.00,3319.00,75.00,44.00
2021/22,9.00,725730.00,3.00,2.00,4977.00,4262.00,119.00,35.00
2021/22,9.00,735700.00,5.00,4.00,43316.00,40669.00,660.00,61.00
2021/22,9.00,735730.00,5.00,4.00,38637.00,36601.00,538.00,68.00
2021/22,9.00,745730.00,5.00,4.00,63533.00,61798.00,696.00,88.00
2021/22,9.00,745930.00,1.00,1.00,193.00,155.00,10.00,15.00
2021/22,9.00,755830.00,1.00,1.00,1348.00,1089.00,49.00,22.00
2021/22,9.00,755930.00,1.00,1.00,3658.00,2955.00,128.00,23.00
2021/22,9.00,765830.00,1.00,1.00,2503.00,2022.00,82.00,24.00
2021/22,9.00,765930.00,1.00,1.00,385.00,311.00,16.00,19.00
2021/22,9.00,775830.00,1.00,1.00,1925.00,1555.00,72.00,21.00
2021/22,10.00,665430.00,1.00,1.00,582.00,434.00,9.00,48.00
2021/22,10.00,665500.00,1.00,1.00,4029.00,3007.00,68.00,44.00
2021/22,10.00,745730.00,3.00,1.00,2795.00,2241.00,76.00,29.00
2021/22,10.00,755930.00,3.00,1.00,9520.00,7632.00,73.00,104.00
2021/22,10.00,756000.00,3.00,1.00,10457.00,8383.00,86.00,97.00
2021/22,10.00,765930.00,3.00,1.00,20949.00,16793.00,84.00,199.00
2021/22,10.00,766000.00,3.00,1.00,11248.00,9015.00,205.00,43.00
2021/22,11.00,665430.00,1.00,1.00,539.00,453.00,39.00,11.00
2021/22,11.00,665500.00,3.00,3.00,3128.00,2565.00,236.00,10.00
2021/22,11.00,665530.00,1.00,1.00,1.00,1.00,611.00,0.00
2021/22,11.00,725700.00,1.00,1.00,17441.00,16001.00,464.00,34.00
2021/22,11.00,725730.00,1.00,1.00,471.00,432.00,26.00,16.00
2021/22,11.00,735700.00,2.00,2.00,31888.00,28979.00,883.00,32.00
2021/22,11.00,735730.00,2.00,2.00,986.00,864.00,38.00,22.00
2021/22,11.00,735900.00,1.00,1.00,1030.00,866.00,36.00,24.00
2021/22,11.00,745730.00,1.00,1.00,471.00,432.00,25.00,17.00
2021/22,11.00,745900.00,1.00,1.00,1287.00,1082.00,33.00,32.00
2021/22,11.00,745930.00,2.00,2.00,12752.00,10462.00,161.00,64.00
2021/22,11.00,755900.00,3.00,2.00,33660.00,26517.00,161.00,164.00
2021/22,11.00,755930.00,4.00,3.00,73076.00,57818.00,424.00,136.00
2021/22,11.00,765900.00,1.00,1.00,371.00,297.00,113.00,2.00
2021/22,11.00,765930.00,2.00,1.00,0.00,0.00,87.00,0.00
2021/22,13.00,665530.00,1.00,1.00,1250.00,1016.00,180.00,5.00
2021/22,13.00,705600.00,1.00,1.00,486.00,395.00,70.00,5.00
2021/22,13.00,715700.00,1.00,1.00,134.00,125.00,22.00,5.00
2021/22,13.00,725700.00,1.00,1.00,1775.00,1658.00,20.00,82.00
2021/22,13.00,735630.00,1.00,1.00,2173.00,1940.00,40.00,48.00
2021/22,13.00,735700.00,2.00,2.00,6267.00,5766.00,157.00,36.00
2021/22,13.00,735730.00,2.00,2.00,2202.00,1966.00,45.00,43.00
2021/22,13.00,745730.00,1.00,1.00,2173.00,1940.00,40.00,48.00
2021/22,17.00,725700.00,2.00,1.00,3772.00,3308.00,151.00,21.00
2021/22,17.00,745900.00,3.00,1.00,268.00,214.00,15.00,14.00
2021/22,17.00,745930.00,5.00,3.00,16229.00,13206.00,67.00,197.00
2021/22,17.00,746000.00,2.00,1.00,7544.00,6617.00,57.00,116.00
2021/22,17.00,755900.00,3.00,1.00,99436.00,79484.00,434.00,183.00
2021/22,17.00,755930.00,5.00,3.00,308008.00,253959.00,1516.00,167.00
2021/22,17.00,756000.00,2.00,1.00,50921.00,44667.00,330.00,135.00
2021/22,17.00,765930.00,2.00,1.00,8895.00,6950.00,33.00,210.00
2021/22,18.00,745930.00,3.00,2.00,12344.00,10445.00,80.00,130.00
2021/22,18.00,755900.00,3.00,2.00,108508.00,86290.00,485.00,177.00
2021/22,18.00,755930.00,3.00,2.00,270815.00,214188.00,1349.00,158.00
2021/22,18.00,756000.00,2.00,1.00,1887.00,1627.00,14.00,116.00
2021/22,19.00,715800.00,1.00,1.00,24.00,20.00,8.00,2.00
2021/22,19.00,725800.00,1.00,1.00,26.00,22.00,9.00,2.00
2021/22,19.00,745900.00,1.00,1.00,0.00,0.00,9.00,0.00
2021/22,19.00,745930.00,1.00,1.00,4045.00,3371.00,45.00,74.00
2021/22,19.00,746000.00,2.00,2.00,4634.00,3918.00,82.00,47.00
2021/22,19.00,755930.00,2.00,4.00,155801.00,129711.00,968.00,133.00
2021/22,19.00,756000.00,2.00,3.00,84694.00,71442.00,1215.00,58.00
2021/22,19.00,765930.00,2.00,3.00,2101.00,1754.00,31.00,56.00
2021/22,19.00,766000.00,2.00,3.00,7283.00,6092.00,307.00,19.00
2021/22,19.00,775930.00,1.00,1.00,15.00,13.00,15.00,0.00
2021/22,19.00,776000.00,1.00,1.00,0.00,0.00,16.00,0.00
2021/22,20.00,735930.00,1.00,1.00,0.00,0.00,16.00,0.00
2021/22,20.00,745930.00,1.00,1.00,31817.00,25659.00,458.00,56.00
2021/22,20.00,746000.00,1.00,1.00,4632.00,3735.00,35.00,106.00
2021/22,20.00,755930.00,2.00,2.00,71758.00,56129.00,680.00,82.00
2021/22,20.00,756000.00,1.00,1.00,10317.00,8321.00,49.00,169.00
2021/22,20.00,756030.00,1.00,1.00,697.00,545.00,25.00,21.00
2021/22,20.00,765930.00,1.00,1.00,47.00,38.00,28.00,1.00
2021/22,20.00,766000.00,1.00,1.00,3494.00,2818.00,131.00,21.00
2021/22,20.00,766030.00,1.00,1.00,94.00,76.00,98.00,0.00
2021/22,20.00,775930.00,1.00,1.00,26.00,21.00,13.00,1.00
2021/22,20.00,776000.00,1.00,1.00,102.00,83.00,12.00,6.00
2021/22,20.00,776030.00,1.00,1.00,579.00,467.00,35.00,13.00
