Season,Stat Week,Stat Area,Processors,Number of Vessels,Whole Weight (sum),Number Of Crab,Effort (sum),CPUE
1990,3,685600,1,1,9080,6093,50,121.86
1990,3,685630,2,2,152343,112637,901,125.0133185
1990,3,695631,3,4,144215,109989,1305,84.28275862
1990,3,705701,1,1,35366,27415,400,68.5375
1990,3,715630,5,6,493489,365537,2784,131.2992098
1990,3,715700,3,4,564557,454724,2550,178.3231373
1990,3,725630,2,2,221836,170348,1015,167.8305419
1990,4,685600,2,2,145262,83685,687,121.8122271
1990,4,685630,5,6,407115,288853,2145,134.6634033
1990,4,685700,1,1,31490,26242,572,45.87762238
1990,4,695600,1,1,56460,47050,450,104.5555556
1990,4,695631,5,6,196392,159264,1882,84.62486716
1990,4,705600,2,2,102222,74220,520,142.7307692
1990,4,705630,4,4,579185,453376,2135,212.3540984
1990,4,705701,1,1,54995,46644,460,101.4
1990,4,715630,15,19,1865429,1407634,7615,184.8501641
1990,4,715700,2,4,479450,385283,1717,224.3931275
1990,4,725630,6,5,926346,751387,3337,225.1684147
1990,4,725700,3,3,273379,212849,1169,182.0778443
1990,4,745930,1,1,65290,51440,700,73.48571429
1990,5,625600,1,1,13465,9974,225,44.32888889
1990,5,645600,1,1,22481,17293,1000,17.293
1990,5,665600,1,1,81974,68311,360,189.7527778
1990,5,675630,1,1,105969,66647,602,110.7093023
1990,5,685600,1,2,98416,83929,1380,60.81811594
1990,5,685630,7,7,321807,264477,4196,63.03074357
1990,5,695600,1,1,37410,30415,180,168.9722222
1990,5,695631,6,6,51579,40483,1387,29.18745494
1990,5,705600,1,1,11095,8099,700,11.57
1990,5,705630,6,7,417698,314748,4688,67.1390785
1990,5,705701,4,4,160504,108494,2223,48.80521817
1990,5,715600,1,1,83673,54688,375,145.8346667
1990,5,715630,11,13,1693326,1304483,7072,184.4574378
1990,5,715700,15,19,2257112,1724875,8604,200.4736169
1990,5,715730,2,2,101813,73269,634,115.5662461
1990,5,725630,3,3,270665,163333,1278,127.8035994
1990,5,725700,5,5,613777,474982,1727,275.0330052
1990,5,725730,3,3,225114,179742,690,260.4956522
1990,6,685630,7,8,717750,569523,3717,153.2211461
1990,6,695631,2,2,20195,15883,940,16.89680851
1990,6,695632,1,1,2239,1820,500,3.64
1990,6,695700,1,1,29690,24742,620,39.90645161
1990,6,695730,1,1,54472,43578,301,144.7774086
1990,6,705600,2,2,163836,136268,1175,115.972766
1990,6,705630,4,4,233439,173590,1044,166.2739464
1990,6,705701,2,2,75308,58826,263,223.6730038
1990,6,705730,1,1,132421,97377,880,110.6556818
1990,6,715600,2,2,119151,91780,1120,81.94642857
1990,6,715630,11,12,1230486,961869,4877,197.2255485
1990,6,715700,11,16,1856883,1493243,8206,181.9696563
1990,6,715730,2,2,272624,220947,1200,184.1225
1990,6,725630,7,7,1069389,857409,3737,229.4377843
1990,6,725700,8,9,689526,554440,2878,192.647672
1990,6,725730,1,1,151176,119036,450,264.5244444
1990,6,735700,1,1,23078,17483,150,116.5533333
1990,6,746030,1,1,112631,87993,425,207.0423529
1990,6,786100,1,1,54672,43578,302,144.2980132
1990,7,645630,1,1,37635,30351,630,48.17619048
1990,7,685630,5,5,176987,152884,1727,88.52576723
1990,7,695631,5,5,240374,183815,2307,79.67706979
1990,7,705600,2,2,166802,131077,1450,90.39793103
1990,7,705630,3,3,180340,145170,2470,58.77327935
1990,7,705701,5,6,480261,355049,4870,72.90533881
1990,7,705702,1,1,7216,6013,200,30.065
1990,7,705730,1,1,40097,33414,269,124.2156134
1990,7,715630,4,4,307897,244839,1680,145.7375
1990,7,715700,13,16,1883738,1464907,9525,153.7960105
1990,7,715730,3,3,374770,281382,1453,193.6558844
1990,7,725630,2,2,89120,67191,750,89.588
1990,7,725700,9,10,1068731,826975,3587,230.5478115
1990,7,725730,5,5,480524,382388,1441,265.3629424
1990,7,735700,1,1,36036,27300,158,172.7848101
1990,8,635600,1,1,30945,25574,1000,25.574
1990,8,635630,1,1,22175,11250,800,14.0625
1990,8,685600,1,1,70890,58587,325,180.2676923
1990,8,685630,5,6,282875,226334,2019,112.1020307
1990,8,695600,1,1,28762,19175,600,31.95833333
1990,8,695631,1,1,10062,8385,450,18.63333333
1990,8,705600,2,2,189527,147824,1080,136.8740741
1990,8,705630,5,6,627208,491602,4035,121.8344486
1990,8,705701,3,2,169581,130034,1340,97.04029851
1990,8,715630,9,9,596733,472284,3479,135.7528025
1990,8,715700,8,9,863045,676217,3520,192.1071023
1990,8,715730,9,10,939386,775340,3878,199.9329551
1990,8,725630,2,2,317550,263885,1678,157.261621
1990,8,725700,6,6,505685,395574,1961,201.7205507
1990,8,725730,6,5,316309,238838,1683,141.9120618
1990,8,735700,2,2,38878,30643,150,204.2866667
1990,8,735730,1,1,20122,14373,127,113.1732283
1990,9,675600,1,1,66629,51253,300,170.8433333
1990,9,675630,1,1,53407,46441,275,168.8763636
1990,9,685600,2,3,232600,192758,1103,174.7579329
1990,9,685630,2,2,222397,192156,937,205.0757737
1990,9,695631,1,1,23527,14700,964,15.24896266
1990,9,705600,1,1,26270,21890,450,48.64444444
1990,9,705630,2,2,27483,20180,1600,12.6125
1990,9,705701,10,10,745520,568989,4752,119.7367424
1990,9,705730,1,2,151663,119893,1300,92.22538462
1990,9,715630,6,7,322596,264756,1720,153.927907
1990,9,715700,15,19,1949310,1523314,11045,137.9188773
1990,9,715730,13,13,1309196,1019972,5441,187.4603933
1990,9,715800,1,1,54805,46054,200,230.27
1990,9,725630,9,7,701151,562134,3950,142.3124051
1990,9,725700,8,9,591166,480371,2834,169.5028229
1990,9,725730,9,8,1030374,806169,3579,225.2497904
1990,9,735700,1,1,7491,5096,122,41.7704918
1990,9,735730,2,2,309216,251135,1083,231.8882733
1990,10,635530,1,1,13,10,75,0.133333333
1990,10,675600,2,1,78282,63437,887,71.51860203
1990,10,675630,1,1,28088,22470,270,83.22222222
1990,10,685600,3,2,175777,160504,1090,147.2513761
1990,10,685630,2,2,113503,109661,562,195.1263345
1990,10,695631,4,4,23976,18983,1189,15.96551724
1990,10,705600,1,1,22155,18462,200,92.31
1990,10,705630,4,4,87242,65039,3020,21.53609272
1990,10,705701,1,1,146,109,10,10.9
1990,10,715600,1,1,39705,33087,750,44.116
1990,10,715630,13,14,832530,693903,4864,142.6609786
1990,10,715700,9,12,656261,518612,3934,131.8281647
1990,10,715730,8,9,620745,496366,3374,147.114997
1990,10,715800,2,2,191683,149101,1350,110.4451852
1990,10,725630,9,10,573719,456970,4491,101.7523937
1990,10,725700,4,5,509991,405034,2703,149.8460969
1990,10,725730,9,11,656335,515412,3650,141.2087671
1990,10,725800,2,2,136372,103000,536,192.1641791
1990,10,735700,1,1,92690,70220,420,167.1904762
1990,10,735730,2,2,313653,252441,846,298.393617
1990,11,665600,1,1,179760,149800,635,235.9055118
1990,11,675530,3,3,378333,319110,1437,222.0668058
1990,11,675600,2,3,251321,218197,2110,103.4109005
1990,11,675630,1,1,34617,27694,185,149.6972973
1990,11,685530,1,1,209762,169376,698,242.6590258
1990,11,685600,1,1,34459,27567,235,117.306383
1990,11,685630,2,3,140551,116631,905,128.8740331
1990,11,695632,1,1,12548,11407,725,15.7337931
1990,11,705600,3,3,124332,108647,550,197.54
1990,11,705630,1,1,550,423,1100,0.384545455
1990,11,705701,2,2,58435,43771,358,122.2653631
1990,11,715630,12,17,1218432,987634,6894,143.2599362
1990,11,715700,11,15,914574,686735,5601,122.6093555
1990,11,715730,7,8,615100,513791,3125,164.41312
1990,11,715800,1,1,42499,31716,225,140.96
1990,11,725600,1,1,18182,15152,92,164.6956522
1990,11,725630,10,11,853265,705695,6145,114.8405207
1990,11,725700,7,8,659449,534774,2558,209.0594214
1990,11,725730,7,8,710648,570244,2809,203.006052
1990,11,725800,3,3,348795,276050,1135,243.215859
1990,11,735730,2,2,219929,165640,586,282.662116
1990,11,735800,2,2,296433,228182,784,291.0484694
1990,12,625630,1,1,143529,104006,479,217.131524
1990,12,635530,1,1,11149,8040,680,11.82352941
1990,12,645501,1,1,1299,1000,700,1.428571429
1990,12,645530,1,1,16724,12060,1020,11.82352941
1990,12,655530,1,2,122433,98483,850,115.8623529
1990,12,655600,2,2,128105,107754,3270,32.95229358
1990,12,665530,2,2,311330,237065,1250,189.652
1990,12,665600,3,3,297992,247093,1850,133.5637838
1990,12,675530,5,5,704488,585593,3364,174.0763971
1990,12,675600,5,5,407212,348615,1445,241.2560554
1990,12,675630,1,1,73501,58801,115,511.3130435
1990,12,685530,3,3,334368,281382,837,336.1792115
1990,12,685600,2,3,212867,179472,1075,166.9506977
1990,12,685630,2,2,346170,284053,665,427.1473684
1990,12,695631,1,1,39312,31702,350,90.57714286
1990,12,705600,1,1,120220,100183,220,455.3772727
1990,12,705630,3,4,124235,96466,1740,55.44022989
1990,12,705701,2,2,185288,145640,850,171.3411765
1990,12,715600,1,1,16400,13500,100,135
1990,12,715630,9,9,658050,556951,4105,135.6762485
1990,12,715700,3,3,86582,69369,667,104.0014993
1990,12,715730,4,6,471247,372983,2165,172.2785219
1990,12,725630,4,4,341843,275245,2116,130.0779773
1990,12,725700,6,6,544506,444781,2994,148.5574482
1990,12,725730,5,5,647350,521589,2511,207.7216249
1990,12,725800,5,5,501467,378633,1893,200.0174326
1990,12,735700,1,1,89247,65623,367,178.8092643
1990,12,735730,2,2,108972,84358,467,180.6381156
1990,12,735800,3,3,558227,421137,1712,245.9912383
1990,13,625630,1,1,286375,197500,766,257.8328982
1990,13,635530,1,1,115842,96535,600,160.8916667
1990,13,655530,1,1,44629,35420,1500,23.61333333
1990,13,655600,1,1,104455,83564,450,185.6977778
1990,13,665530,2,2,273996,234821,1014,231.5788955
1990,13,665600,3,3,103408,84255,920,91.58152174
1990,13,675530,6,7,1076062,864648,3306,261.53902
1990,13,675600,7,9,981597,828972,4600,180.2113043
1990,13,675630,2,2,158763,137513,480,286.4854167
1990,13,685530,1,1,78141,62513,210,297.6809524
1990,13,685600,3,4,715946,588224,2113,278.3833412
1990,13,685630,1,1,47154,37723,189,199.5925926
1990,13,695632,1,1,7014,3771,300,12.57
1990,13,705530,1,1,17650,13171,220,59.86818182
1990,13,705600,3,3,150625,117465,1055,111.3412322
1990,13,705630,1,2,105998,81472,507,160.6942801
1990,13,705701,1,1,90379,69522,450,154.4933333
1990,13,715630,3,3,234335,191481,1530,125.1509804
1990,13,715700,8,10,564549,445551,3101,143.6797807
1990,13,715730,5,5,558522,451126,2221,203.1184151
1990,13,715800,1,1,107330,87260,800,109.075
1990,13,725630,2,2,215625,179591,629,285.518283
1990,13,725700,7,7,487796,404848,2067,195.8626028
1990,13,725730,8,8,768633,647396,2958,218.8627451
1990,13,725800,4,3,442500,361976,1400,258.5542857
1990,13,735700,1,1,87740,71333,450,158.5177778
1990,13,735730,7,7,1014415,780517,4342,179.7597881
1990,13,735800,3,3,298267,234273,1121,208.985727
1990,13,735900,1,1,227620,189684,700,270.9771429
1990,13,745800,1,1,261295,209036,692,302.0751445
1990,14,645501,2,2,2806,2310,910,2.538461538
1990,14,645600,1,1,1347,1077,420,2.564285714
1990,14,655600,2,2,149083,115022,1100,104.5654545
1990,14,665500,1,1,55704,45288,220,205.8545455
1990,14,665530,2,2,331375,285101,960,296.9802083
1990,14,665600,1,1,45818,39842,325,122.5907692
1990,14,675500,1,1,81587,70945,700,101.35
1990,14,675530,6,7,1344141,1113204,3980,279.6994975
1990,14,675600,6,6,1082905,920978,4559,202.0131608
1990,14,685530,1,1,5647,4667,200,23.335
1990,14,685600,5,5,521583,462845,2550,181.5078431
1990,14,685630,1,1,210320,175267,250,701.068
1990,14,695600,1,1,235607,214188,400,535.47
1990,14,695631,1,1,2531,2300,50,46
1990,14,705600,1,1,44903,30768,250,123.072
1990,14,705630,3,3,73515,54656,880,62.10909091
1990,14,705701,1,1,23052,17464,159,109.836478
1990,14,705830,1,1,82865,59615,650,91.71538462
1990,14,715600,2,2,75056,60629,350,173.2257143
1990,14,715630,2,3,161462,134552,1200,112.1266667
1990,14,715700,6,7,622828,504334,2561,196.9285435
1990,14,715730,6,6,446906,364007,1964,185.339613
1990,14,715800,2,1,244390,187793,725,259.0248276
1990,14,725630,3,3,337331,278516,982,283.6211813
1990,14,725700,3,4,104111,85984,442,194.5339367
1990,14,725730,11,13,949446,750457,5545,135.3394049
1990,14,725800,4,4,422526,341582,1832,186.4530568
1990,14,735700,2,2,316093,248828,1157,215.0630942
1990,14,735730,4,5,346142,265261,2244,118.2090018
1990,14,735800,4,5,463919,377443,2368,159.3931588
1990,14,735830,1,1,6074,4859,68,71.45588235
1990,15,655500,1,1,76432,63167,800,78.95875
1990,15,655530,1,1,78007,68427,1350,50.68666667
1990,15,655600,1,1,32425,27021,700,38.60142857
1990,15,655630,1,1,90540,79421,350,226.9171429
1990,15,665500,1,1,104813,87344,700,124.7771429
1990,15,665530,3,3,424013,349947,1430,244.7181818
1990,15,665600,4,4,178008,147799,1490,99.19395973
1990,15,665630,1,1,99195,79996,500,159.992
1990,15,665730,1,1,30372,25310,500,50.62
1990,15,675530,6,6,977304,834353,2631,317.1239073
1990,15,675600,13,16,1507733,1273554,7514,169.4908171
1990,15,675630,1,1,7023,5487,66,83.13636364
1990,15,685530,5,6,309817,257154,2024,127.0523715
1990,15,685600,9,11,787649,669518,4036,165.8865213
1990,15,685630,1,1,56184,43894,530,82.81886792
1990,15,695600,2,2,114290,82155,1017,80.78171091
1990,15,705600,1,1,46761,39967,225,177.6311111
1990,15,705630,2,2,46762,39968,262,152.5496183
1990,15,705701,2,2,117667,92352,845,109.2923077
1990,15,715630,3,3,51350,42296,690,61.29855072
1990,15,715700,5,5,415589,337738,1856,181.9709052
1990,15,715730,5,7,533651,429036,2791,153.7212469
1990,15,715800,1,1,41882,34902,300,116.34
1990,15,725630,2,2,253838,207780,1400,148.4142857
1990,15,725700,6,7,609605,500990,3085,162.3954619
1990,15,725730,8,10,1061237,852200,5528,154.1606368
1990,15,725800,3,4,291790,243158,1384,175.6921965
1990,15,725830,2,2,134610,112174,1000,112.174
1990,15,735700,2,2,140395,102885,1404,73.27991453
1990,15,735730,6,6,548593,419283,2941,142.5647739
1990,15,735800,3,3,223519,180452,1328,135.8825301
1990,15,735830,1,1,236490,207447,650,319.1492308
1990,15,735900,1,1,16444,13050,300,43.5
1990,15,755800,1,1,36186,28949,150,192.9933333
1990,15,755900,1,1,176940,148689,600,247.815
1990,16,635630,1,1,3511,2700,1100,2.454545455
1990,16,655530,2,2,108352,90293,800,112.86625
1990,16,655600,1,1,50242,41868,350,119.6228571
1990,16,655630,1,1,286,238,270,0.881481481
1990,16,665600,4,4,119399,98995,2050,48.2902439
1990,16,665630,1,2,49961,40000,564,70.92198582
1990,16,675500,1,1,121240,101033,500,202.066
1990,16,675530,5,6,481129,405137,3148,128.6966328
1990,16,675600,7,9,374844,322421,3302,97.64415506
1990,16,675630,2,2,32586,27081,465,58.23870968
1990,16,685530,4,4,395117,344354,2158,159.570899
1990,16,685600,10,12,845231,719222,5960,120.6748322
1990,16,685630,3,3,77592,65240,1994,32.71815446
1990,16,695600,1,1,254546,215717,600,359.5283333
1990,16,695631,1,1,124875,104063,450,231.2511111
1990,16,705600,3,3,379909,327843,1445,226.8809689
1990,16,705630,3,3,101328,75379,625,120.6064
1990,16,715630,1,2,152274,143281,750,191.0413333
1990,16,715700,9,13,1366257,1153146,7720,149.3712435
1990,16,715730,5,5,537812,455475,2585,176.1992263
1990,16,715800,1,1,114651,97992,250,391.968
1990,16,725630,1,1,25750,23843,520,45.85192308
1990,16,725700,7,8,545654,455645,4193,108.6680181
1990,16,725730,7,8,478527,386734,2661,145.3340849
1990,16,725800,5,5,334195,262129,1749,149.8736421
1990,16,735730,7,7,666932,514456,2931,175.5223473
1990,16,735800,9,11,1009324,796892,6988,114.0372066
1990,16,735830,1,1,109861,96369,700,137.67
1990,17,645501,1,1,21995,17596,110,159.9636364
1990,17,665500,1,1,42047,37542,600,62.57
1990,17,665530,4,4,327841,279131,1475,189.2413559
1990,17,665600,4,4,124858,93848,1217,77.11421528
1990,17,665630,1,2,116076,96000,435,220.6896552
1990,17,675530,3,3,400392,331976,1590,208.7899371
1990,17,675600,6,7,414353,350090,2955,118.4737733
1990,17,675630,2,2,197681,165105,1439,114.7359277
1990,17,675700,1,1,23986,20090,370,54.2972973
1990,17,685530,3,3,127035,105806,1005,105.279602
1990,17,685600,8,9,392222,331915,3183,104.2774112
1990,17,685630,2,2,95341,82322,875,94.08228571
1990,17,705600,3,3,126405,102926,950,108.3431579
1990,17,705630,1,1,134992,112371,400,280.9275
1990,17,705701,1,1,47950,42061,776,54.20231959
1990,17,705730,1,1,9881,7905,200,39.525
1990,17,715600,1,1,29522,22365,325,68.81538462
1990,17,715630,4,4,377078,315957,1803,175.2396007
1990,17,715700,6,6,238798,205241,1381,148.6176684
1990,17,715730,5,6,559689,478639,2868,166.88947
1990,17,725530,1,1,215176,165520,1100,150.4727273
1990,17,725630,2,2,207020,151511,1616,93.75680693
1990,17,725700,5,5,182054,152861,1128,135.5150709
1990,17,725730,4,6,637082,509392,2551,199.6832615
1990,17,725800,4,6,328094,279114,1885,148.0710875
1990,17,735700,2,2,128459,98499,737,133.6485753
1990,17,735730,8,10,906621,699520,6677,104.7656133
1990,17,735800,15,18,1899855,1483074,11873,124.9114798
1990,17,735830,3,3,274429,221321,2150,102.94
1990,17,735900,1,1,18096,15600,180,86.66666667
1990,17,745830,2,2,105994,80906,574,140.9512195
1990,17,776000,1,1,180965,147126,493,298.4300203
1990,18,665600,2,2,220625,162006,1900,85.26631579
1990,18,675530,1,1,139605,111684,700,159.5485714
1990,18,675600,2,2,75425,61514,512,120.1445313
1990,18,685600,4,4,137230,111963,886,126.3690745
1990,18,685630,1,1,100422,83685,620,134.9758065
1990,18,695600,1,1,77712,62170,190,327.2105263
1990,18,705630,1,1,123897,95305,1400,68.075
1990,18,715630,2,2,258887,204189,1225,166.684898
1990,18,715700,2,2,56590,44535,616,72.29707792
1990,18,715730,1,2,251800,226701,1485,152.6606061
1990,18,715800,1,1,45076,38200,250,152.8
1990,18,725700,1,1,41480,33184,200,165.92
1990,18,725730,1,1,50731,42273,312,135.4903846
1990,18,725800,2,2,66573,54947,735,74.75782313
1990,18,735700,2,2,115983,88902,1067,83.31958763
1990,18,735730,6,7,413134,327540,4411,74.25527091
1990,18,735800,18,23,2094782,1616669,12915,125.1776229
1990,18,735830,9,10,728692,566709,4221,134.2594172
1990,18,735900,1,1,42154,36340,368,98.75
1990,18,735930,2,2,62666,54021,576,93.78645833
1990,18,745730,1,1,36917,29534,300,98.44666667
1990,18,745800,1,1,46903,23452,450,52.11555556
1990,18,745830,4,4,316819,247704,2156,114.890538
1990,18,745930,1,1,28060,22448,140,160.3428571
1990,18,755830,2,2,205961,163347,995,164.1678392
1990,18,755900,1,1,175526,137130,1136,120.7130282
1990,18,755930,3,4,647692,522716,3180,164.3761006
1990,18,765830,1,1,20871,15460,120,128.8333333
1990,18,765930,4,4,448213,352099,1527,230.5821873
1990,18,766000,1,1,63973,54678,350,156.2228571
1990,18,775930,3,3,67478,53054,485,109.3896907
1990,18,776000,4,4,257996,180073,1554,115.8770914
1990,18,776030,1,1,12709,10167,84,121.0357143
1990,18,786030,1,1,12709,10167,84,121.0357143
1990,19,685530,1,1,60000,50000,300,166.6666667
1990,19,685600,1,1,69317,56817,165,344.3454545
1990,19,715700,1,1,23635,16882,100,168.82
1990,19,735700,1,1,40714,32571,200,162.855
1990,19,735730,2,2,254228,203382,925,219.8724324
1990,19,735800,6,8,691224,538189,5121,105.0945128
1990,19,745900,1,1,3325,2771,130,21.31538462
1990,19,745930,1,1,116645,88367,800,110.45875
1990,19,755900,7,10,1085913,840764,3728,225.526824
1990,19,755930,4,4,230415,176169,2021,87.16922316
1990,19,756000,2,2,96827,80689,500,161.378
1990,19,765900,3,3,171470,127475,1270,100.3740157
1990,19,765930,5,5,736465,549019,2618,209.7093201
1990,19,766000,2,2,400095,320076,1040,307.7653846
1990,19,766030,1,1,87770,70216,250,280.864
1990,19,775930,1,1,53400,41077,200,205.385
1990,19,776000,8,8,792518,618334,4525,136.6483978
1990,19,776030,5,6,960092,700709,4464,156.968862
1990,19,786000,4,4,630362,475676,2769,171.7862044
1990,19,786030,2,2,145475,116380,1044,111.4750958
1990,20,735730,2,2,83395,69858,475,147.0694737
1990,20,735800,3,3,224970,173842,1264,137.5332278
1990,20,735830,3,3,246109,189477,1442,131.3987517
1990,20,735900,3,3,228062,178451,1860,95.94139785
1990,20,735930,1,1,141088,107710,900,119.6777778
1990,20,745930,1,1,10970,8776,250,35.104
1990,20,755900,4,5,441309,347248,2631,131.9832763
1990,20,755930,3,3,275651,212175,1075,197.372093
1990,20,756000,3,3,332290,268921,1940,138.6190722
1990,20,756030,1,1,35100,29250,250,117
1990,20,756130,1,1,59010,47208,800,59.01
1990,20,765900,5,4,284721,223716,1888,118.4936441
1990,20,765930,6,6,636692,486439,3134,155.2134652
1990,20,766000,8,7,864826,659757,4606,143.2386018
1990,20,766030,1,1,10710,8568,240,35.7
1990,20,766100,1,1,103680,82944,500,165.888
1990,20,775930,1,1,73538,58830,980,60.03061224
1990,20,776000,11,14,1651032,1311706,9077,144.5087584
1990,20,776030,6,7,641418,521682,3080,169.3772727
1990,20,776100,1,1,200176,169640,1100,154.2181818
1990,20,785930,1,1,188480,142788,1000,142.788
1990,20,786000,2,2,311159,244004,1190,205.0453782
1990,20,786030,3,3,142161,112300,1564,71.80306905
1990,20,786100,2,2,102841,74765,494,151.3461538
1990,20,796030,1,1,222330,177864,250,711.456
1990,20.90353558,685600,2.841721714,3.115270693,269981.6097,218498.7031,1534.152883,156.3476029
1990,20.94248892,685630,2.839565125,3.112844786,269805.9482,218372.156,1533.564636,156.3900308
1990,20.98144226,695631,2.837408537,3.110418879,269630.2868,218245.609,1532.976388,156.4324587
1990,21.02039561,705701,2.835251948,3.107992972,269454.6253,218119.062,1532.388141,156.4748867
1990,21.05934895,715630,2.833095359,3.105567065,269278.9638,217992.515,1531.799894,156.5173146
1990,21.09830229,715700,2.83093877,3.103141158,269103.3024,217865.968,1531.211646,156.5597425
1990,21.13725563,725630,2.828782181,3.100715252,268927.6409,217739.4209,1530.623399,156.6021704
1990,21.17620898,685600,2.826625593,3.098289345,268751.9794,217612.8739,1530.035151,156.6445983
1990,21.21516232,685630,2.824469004,3.095863438,268576.318,217486.3269,1529.446904,156.6870262
1990,21.25411566,685700,2.822312415,3.093437531,268400.6565,217359.7799,1528.858657,156.7294541
1990,21.293069,695600,2.820155826,3.091011624,268224.995,217233.2328,1528.270409,156.771882
1990,21.33202235,695631,2.817999238,3.088585717,268049.3336,217106.6858,1527.682162,156.81431
1990,21.37097569,705600,2.815842649,3.08615981,267873.6721,216980.1388,1527.093914,156.8567379
1990,21.40992903,705630,2.81368606,3.083733904,267698.0107,216853.5918,1526.505667,156.8991658
1990,21.44888237,705701,2.811529471,3.081307997,267522.3492,216727.0447,1525.91742,156.9415937
1990,21.48783571,715630,2.809372882,3.07888209,267346.6877,216600.4977,1525.329172,156.9840216
1990,21.52678906,715700,2.807216294,3.076456183,267171.0263,216473.9507,1524.740925,157.0264495
1990,21.5657424,725630,2.805059705,3.074030276,266995.3648,216347.4037,1524.152677,157.0688774
1990,21.60469574,725700,2.802903116,3.071604369,266819.7033,216220.8566,1523.56443,157.1113053
1990,21.64364908,745930,2.800746527,3.069178462,266644.0419,216094.3096,1522.976182,157.1537333
1990,21.68260243,625600,2.798589938,3.066752555,266468.3804,215967.7626,1522.387935,157.1961612
1990,21.72155577,645600,2.79643335,3.064326649,266292.7189,215841.2156,1521.799688,157.2385891
1990,21.76050911,665600,2.794276761,3.061900742,266117.0575,215714.6685,1521.21144,157.281017
1990,21.79946245,675630,2.792120172,3.059474835,265941.396,215588.1215,1520.623193,157.3234449
1990,21.8384158,685600,2.789963583,3.057048928,265765.7346,215461.5745,1520.034945,157.3658728
1990,21.87736914,685630,2.787806995,3.054623021,265590.0731,215335.0275,1519.446698,157.4083007
1990,21.91632248,695600,2.785650406,3.052197114,265414.4116,215208.4804,1518.858451,157.4507286
1990,21.95527582,695631,2.783493817,3.049771207,265238.7502,215081.9334,1518.270203,157.4931566
1990,21.99422917,705600,2.781337228,3.047345301,265063.0887,214955.3864,1517.681956,157.5355845
1990,22.03318251,705630,2.779180639,3.044919394,264887.4272,214828.8394,1517.093708,157.5780124
1990,22.07213585,705701,2.777024051,3.042493487,264711.7658,214702.2924,1516.505461,157.6204403
1990,22.11108919,715600,2.774867462,3.04006758,264536.1043,214575.7453,1515.917214,157.6628682
1990,22.15004254,715630,2.772710873,3.037641673,264360.4428,214449.1983,1515.328966,157.7052961
1990,22.18899588,715700,2.770554284,3.035215766,264184.7814,214322.6513,1514.740719,157.747724
1990,22.22794922,715730,2.768397695,3.032789859,264009.1199,214196.1043,1514.152471,157.7901519
1990,22.26690256,725630,2.766241107,3.030363952,263833.4585,214069.5572,1513.564224,157.8325799
1990,22.30585591,725700,2.764084518,3.027938046,263657.797,213943.0102,1512.975977,157.8750078
1990,22.34480925,725730,2.761927929,3.025512139,263482.1355,213816.4632,1512.387729,157.9174357
1990,22.38376259,685630,2.75977134,3.023086232,263306.4741,213689.9162,1511.799482,157.9598636
1990,22.42271593,695631,2.757614751,3.020660325,263130.8126,213563.3691,1511.211234,158.0022915
1990,22.46166927,695632,2.755458163,3.018234418,262955.1511,213436.8221,1510.622987,158.0447194
1990,22.50062262,695700,2.753301574,3.015808511,262779.4897,213310.2751,1510.034739,158.0871473
1990,22.53957596,695730,2.751144985,3.013382604,262603.8282,213183.7281,1509.446492,158.1295752
1990,22.5785293,705600,2.748988396,3.010956698,262428.1667,213057.181,1508.858245,158.1720031
1990,22.61748264,705630,2.746831808,3.008530791,262252.5053,212930.634,1508.269997,158.2144311
1990,22.65643599,705701,2.744675219,3.006104884,262076.8438,212804.087,1507.68175,158.256859
1990,22.69538933,705730,2.74251863,3.003678977,261901.1824,212677.54,1507.093502,158.2992869
1990,22.73434267,715600,2.740362041,3.00125307,261725.5209,212550.9929,1506.505255,158.3417148
1990,22.77329601,715630,2.738205452,2.998827163,261549.8594,212424.4459,1505.917008,158.3841427
1990,22.81224936,715700,2.736048864,2.996401256,261374.198,212297.8989,1505.32876,158.4265706
1990,22.8512027,715730,2.733892275,2.993975349,261198.5365,212171.3519,1504.740513,158.4689985
1990,22.89015604,725630,2.731735686,2.991549443,261022.875,212044.8048,1504.152265,158.5114264
1990,22.92910938,725700,2.729579097,2.989123536,260847.2136,211918.2578,1503.564018,158.5538544
1990,22.96806273,725730,2.727422508,2.986697629,260671.5521,211791.7108,1502.975771,158.5962823
1990,23.00701607,735700,2.72526592,2.984271722,260495.8906,211665.1638,1502.387523,158.6387102
1990,23.04596941,746030,2.723109331,2.981845815,260320.2292,211538.6168,1501.799276,158.6811381
1990,23.08492275,786100,2.720952742,2.979419908,260144.5677,211412.0697,1501.211028,158.723566
1990,23.1238761,645630,2.718796153,2.976994001,259968.9063,211285.5227,1500.622781,158.7659939
1990,23.16282944,685630,2.716639565,2.974568095,259793.2448,211158.9757,1500.034534,158.8084218
1990,23.20178278,695631,2.714482976,2.972142188,259617.5833,211032.4287,1499.446286,158.8508497
1990,23.24073612,705600,2.712326387,2.969716281,259441.9219,210905.8816,1498.858039,158.8932777
1990,23.27968946,705630,2.710169798,2.967290374,259266.2604,210779.3346,1498.269791,158.9357056
1990,23.31864281,705701,2.708013209,2.964864467,259090.5989,210652.7876,1497.681544,158.9781335
1990,23.35759615,705702,2.705856621,2.96243856,258914.9375,210526.2406,1497.093296,159.0205614
1990,23.39654949,705730,2.703700032,2.960012653,258739.276,210399.6935,1496.505049,159.0629893
1990,23.43550283,715630,2.701543443,2.957586746,258563.6145,210273.1465,1495.916802,159.1054172
1990,23.47445618,715700,2.699386854,2.95516084,258387.9531,210146.5995,1495.328554,159.1478451
1990,23.51340952,715730,2.697230265,2.952734933,258212.2916,210020.0525,1494.740307,159.190273
1990,23.55236286,725630,2.695073677,2.950309026,258036.6302,209893.5054,1494.152059,159.232701
1990,23.5913162,725700,2.692917088,2.947883119,257860.9687,209766.9584,1493.563812,159.2751289
1990,23.63026955,725730,2.690760499,2.945457212,257685.3072,209640.4114,1492.975565,159.3175568
1990,23.66922289,735700,2.68860391,2.943031305,257509.6458,209513.8644,1492.387317,159.3599847
1990,23.70817623,635600,2.686447321,2.940605398,257333.9843,209387.3173,1491.79907,159.4024126
1990,23.74712957,635630,2.684290733,2.938179492,257158.3228,209260.7703,1491.210822,159.4448405
1990,23.78608292,685600,2.682134144,2.935753585,256982.6614,209134.2233,1490.622575,159.4872684
1990,23.82503626,685630,2.679977555,2.933327678,256806.9999,209007.6763,1490.034328,159.5296963
1990,23.8639896,695600,2.677820966,2.930901771,256631.3384,208881.1292,1489.44608,159.5721243
1990,23.90294294,695631,2.675664378,2.928475864,256455.677,208754.5822,1488.857833,159.6145522
1990,23.94189629,705600,2.673507789,2.926049957,256280.0155,208628.0352,1488.269585,159.6569801
1990,23.98084963,705630,2.6713512,2.92362405,256104.354,208501.4882,1487.681338,159.699408
1990,24.01980297,705701,2.669194611,2.921198143,255928.6926,208374.9412,1487.093091,159.7418359
1990,24.05875631,715630,2.667038022,2.918772237,255753.0311,208248.3941,1486.504843,159.7842638
1990,24.09770966,715700,2.664881434,2.91634633,255577.3697,208121.8471,1485.916596,159.8266917
1990,24.136663,715730,2.662724845,2.913920423,255401.7082,207995.3001,1485.328348,159.8691196
1990,24.17561634,725630,2.660568256,2.911494516,255226.0467,207868.7531,1484.740101,159.9115476
1990,24.21456968,725700,2.658411667,2.909068609,255050.3853,207742.206,1484.151853,159.9539755
1990,24.25352302,725730,2.656255078,2.906642702,254874.7238,207615.659,1483.563606,159.9964034
1990,24.29247637,735700,2.65409849,2.904216795,254699.0623,207489.112,1482.975359,160.0388313
1990,24.33142971,735730,2.651941901,2.901790889,254523.4009,207362.565,1482.387111,160.0812592
1990,24.37038305,675600,2.649785312,2.899364982,254347.7394,207236.0179,1481.798864,160.1236871
1990,24.40933639,675630,2.647628723,2.896939075,254172.0779,207109.4709,1481.210616,160.166115
1990,24.44828974,685600,2.645472135,2.894513168,253996.4165,206982.9239,1480.622369,160.2085429
1990,24.48724308,685630,2.643315546,2.892087261,253820.755,206856.3769,1480.034122,160.2509709
1990,24.52619642,695631,2.641158957,2.889661354,253645.0936,206729.8298,1479.445874,160.2933988
1990,24.56514976,705600,2.639002368,2.887235447,253469.4321,206603.2828,1478.857627,160.3358267
1990,24.60410311,705630,2.636845779,2.884809541,253293.7706,206476.7358,1478.269379,160.3782546
1990,24.64305645,705701,2.634689191,2.882383634,253118.1092,206350.1888,1477.681132,160.4206825
1990,24.68200979,705730,2.632532602,2.879957727,252942.4477,206223.6417,1477.092885,160.4631104
1990,24.72096313,715630,2.630376013,2.87753182,252766.7862,206097.0947,1476.504637,160.5055383
1990,24.75991648,715700,2.628219424,2.875105913,252591.1248,205970.5477,1475.91639,160.5479662
1990,24.79886982,715730,2.626062835,2.872680006,252415.4633,205844.0007,1475.328142,160.5903942
1990,24.83782316,715800,2.623906247,2.870254099,252239.8018,205717.4536,1474.739895,160.6328221
1990,24.8767765,725630,2.621749658,2.867828192,252064.1404,205590.9066,1474.151648,160.67525
1990,24.91572985,725700,2.619593069,2.865402286,251888.4789,205464.3596,1473.5634,160.7176779
1990,24.95468319,725730,2.61743648,2.862976379,251712.8175,205337.8126,1472.975153,160.7601058
1990,24.99363653,735700,2.615279891,2.860550472,251537.156,205211.2655,1472.386905,160.8025337
1990,25.03258987,735730,2.613123303,2.858124565,251361.4945,205084.7185,1471.798658,160.8449616
1990,25.07154321,635530,2.610966714,2.855698658,251185.8331,204958.1715,1471.21041,160.8873895
1990,25.11049656,675600,2.608810125,2.853272751,251010.1716,204831.6245,1470.622163,160.9298175
1990,25.1494499,675630,2.606653536,2.850846844,250834.5101,204705.0775,1470.033916,160.9722454
1990,25.18840324,685600,2.604496948,2.848420938,250658.8487,204578.5304,1469.445668,161.0146733
1990,25.22735658,685630,2.602340359,2.845995031,250483.1872,204451.9834,1468.857421,161.0571012
1990,25.26630993,695631,2.60018377,2.843569124,250307.5257,204325.4364,1468.269173,161.0995291
1990,25.30526327,705600,2.598027181,2.841143217,250131.8643,204198.8894,1467.680926,161.141957
1990,25.34421661,705630,2.595870592,2.83871731,249956.2028,204072.3423,1467.092679,161.1843849
1990,25.38316995,705701,2.593714004,2.836291403,249780.5414,203945.7953,1466.504431,161.2268128
1990,25.4221233,715600,2.591557415,2.833865496,249604.8799,203819.2483,1465.916184,161.2692407
1990,25.46107664,715630,2.589400826,2.831439589,249429.2184,203692.7013,1465.327936,161.3116687
1990,25.50002998,715700,2.587244237,2.829013683,249253.557,203566.1542,1464.739689,161.3540966
1990,25.53898332,715730,2.585087648,2.826587776,249077.8955,203439.6072,1464.151442,161.3965245
1990,25.57793667,715800,2.58293106,2.824161869,248902.234,203313.0602,1463.563194,161.4389524
1990,25.61689001,725630,2.580774471,2.821735962,248726.5726,203186.5132,1462.974947,161.4813803
1990,25.65584335,725700,2.578617882,2.819310055,248550.9111,203059.9661,1462.386699,161.5238082
1990,25.69479669,725730,2.576461293,2.816884148,248375.2496,202933.4191,1461.798452,161.5662361
1990,25.73375004,725800,2.574304705,2.814458241,248199.5882,202806.8721,1461.210205,161.608664
1990,25.77270338,735700,2.572148116,2.812032335,248023.9267,202680.3251,1460.621957,161.651092
1990,25.81165672,735730,2.569991527,2.809606428,247848.2653,202553.778,1460.03371,161.6935199
1990,25.85061006,665600,2.567834938,2.807180521,247672.6038,202427.231,1459.445462,161.7359478
1990,25.8895634,675530,2.565678349,2.804754614,247496.9423,202300.684,1458.857215,161.7783757
1990,25.92851675,675600,2.563521761,2.802328707,247321.2809,202174.137,1458.268968,161.8208036
1990,25.96747009,675630,2.561365172,2.7999028,247145.6194,202047.5899,1457.68072,161.8632315
1990,26.00642343,685530,2.559208583,2.797476893,246969.9579,201921.0429,1457.092473,161.9056594
1990,26.04537677,685600,2.557051994,2.795050986,246794.2965,201794.4959,1456.504225,161.9480873
1990,26.08433012,685630,2.554895405,2.79262508,246618.635,201667.9489,1455.915978,161.9905153
1990,26.12328346,695632,2.552738817,2.790199173,246442.9735,201541.4019,1455.32773,162.0329432
1990,26.1622368,705600,2.550582228,2.787773266,246267.3121,201414.8548,1454.739483,162.0753711
1990,26.20119014,705630,2.548425639,2.785347359,246091.6506,201288.3078,1454.151236,162.117799
1990,26.24014349,705701,2.54626905,2.782921452,245915.9892,201161.7608,1453.562988,162.1602269
1990,26.27909683,715630,2.544112462,2.780495545,245740.3277,201035.2138,1452.974741,162.2026548
1990,26.31805017,715700,2.541955873,2.778069638,245564.6662,200908.6667,1452.386493,162.2450827
1990,26.35700351,715730,2.539799284,2.775643732,245389.0048,200782.1197,1451.798246,162.2875106
1990,26.39595686,715800,2.537642695,2.773217825,245213.3433,200655.5727,1451.209999,162.3299386
1990,26.4349102,725600,2.535486106,2.770791918,245037.6818,200529.0257,1450.621751,162.3723665
1990,26.47386354,725630,2.533329518,2.768366011,244862.0204,200402.4786,1450.033504,162.4147944
1990,26.51281688,725700,2.531172929,2.765940104,244686.3589,200275.9316,1449.445256,162.4572223
1990,26.55177023,725730,2.52901634,2.763514197,244510.6974,200149.3846,1448.857009,162.4996502
1990,26.59072357,725800,2.526859751,2.76108829,244335.036,200022.8376,1448.268762,162.5420781
1990,26.62967691,735730,2.524703162,2.758662383,244159.3745,199896.2905,1447.680514,162.584506
1990,26.66863025,735800,2.522546574,2.756236477,243983.713,199769.7435,1447.092267,162.6269339
1990,26.7075836,625630,2.520389985,2.75381057,243808.0516,199643.1965,1446.504019,162.6693619
1990,26.74653694,635530,2.518233396,2.751384663,243632.3901,199516.6495,1445.915772,162.7117898
1990,26.78549028,645501,2.516076807,2.748958756,243456.7287,199390.1024,1445.327525,162.7542177
1990,26.82444362,645530,2.513920218,2.746532849,243281.0672,199263.5554,1444.739277,162.7966456
1990,26.86339696,655530,2.51176363,2.744106942,243105.4057,199137.0084,1444.15103,162.8390735
1990,26.90235031,655600,2.509607041,2.741681035,242929.7443,199010.4614,1443.562782,162.8815014
1990,26.94130365,665530,2.507450452,2.739255129,242754.0828,198883.9143,1442.974535,162.9239293
1990,26.98025699,665600,2.505293863,2.736829222,242578.4213,198757.3673,1442.386287,162.9663572
1990,27.01921033,675530,2.503137275,2.734403315,242402.7599,198630.8203,1441.79804,163.0087852
1990,27.05816368,675600,2.500980686,2.731977408,242227.0984,198504.2733,1441.209793,163.0512131
1990,27.09711702,675630,2.498824097,2.729551501,242051.4369,198377.7263,1440.621545,163.093641
1990,27.13607036,685530,2.496667508,2.727125594,241875.7755,198251.1792,1440.033298,163.1360689
1990,27.1750237,685600,2.494510919,2.724699687,241700.114,198124.6322,1439.44505,163.1784968
1990,27.21397705,685630,2.492354331,2.72227378,241524.4526,197998.0852,1438.856803,163.2209247
1990,27.25293039,695631,2.490197742,2.719847874,241348.7911,197871.5382,1438.268556,163.2633526
1990,27.29188373,705600,2.488041153,2.717421967,241173.1296,197744.9911,1437.680308,163.3057805
1990,27.33083707,705630,2.485884564,2.71499606,240997.4682,197618.4441,1437.092061,163.3482085
1990,27.36979042,705701,2.483727975,2.712570153,240821.8067,197491.8971,1436.503813,163.3906364
1990,27.40874376,715600,2.481571387,2.710144246,240646.1452,197365.3501,1435.915566,163.4330643
1990,27.4476971,715630,2.479414798,2.707718339,240470.4838,197238.803,1435.327319,163.4754922
1990,27.48665044,715700,2.477258209,2.705292432,240294.8223,197112.256,1434.739071,163.5179201
1990,27.52560379,715730,2.47510162,2.702866526,240119.1608,196985.709,1434.150824,163.560348
1990,27.56455713,725630,2.472945032,2.700440619,239943.4994,196859.162,1433.562576,163.6027759
1990,27.60351047,725700,2.470788443,2.698014712,239767.8379,196732.6149,1432.974329,163.6452038
1990,27.64246381,725730,2.468631854,2.695588805,239592.1765,196606.0679,1432.386082,163.6876318
1990,27.68141715,725800,2.466475265,2.693162898,239416.515,196479.5209,1431.797834,163.7300597
1990,27.7203705,735700,2.464318676,2.690736991,239240.8535,196352.9739,1431.209587,163.7724876
1990,27.75932384,735730,2.462162088,2.688311084,239065.1921,196226.4268,1430.621339,163.8149155
1990,27.79827718,735800,2.460005499,2.685885177,238889.5306,196099.8798,1430.033092,163.8573434
1990,27.83723052,625630,2.45784891,2.683459271,238713.8691,195973.3328,1429.444844,163.8997713
1990,27.87618387,635530,2.455692321,2.681033364,238538.2077,195846.7858,1428.856597,163.9421992
1990,27.91513721,655530,2.453535732,2.678607457,238362.5462,195720.2387,1428.26835,163.9846271
1990,27.95409055,655600,2.451379144,2.67618155,238186.8847,195593.6917,1427.680102,164.027055
1990,27.99304389,665530,2.449222555,2.673755643,238011.2233,195467.1447,1427.091855,164.069483
1990,28.03199724,665600,2.447065966,2.671329736,237835.5618,195340.5977,1426.503607,164.1119109
1990,28.07095058,675530,2.444909377,2.668903829,237659.9004,195214.0507,1425.91536,164.1543388
1990,28.10990392,675600,2.442752788,2.666477923,237484.2389,195087.5036,1425.327113,164.1967667
1990,28.14885726,675630,2.4405962,2.664052016,237308.5774,194960.9566,1424.738865,164.2391946
1990,28.18781061,685530,2.438439611,2.661626109,237132.916,194834.4096,1424.150618,164.2816225
1990,28.22676395,685600,2.436283022,2.659200202,236957.2545,194707.8626,1423.56237,164.3240504
1990,28.26571729,685630,2.434126433,2.656774295,236781.593,194581.3155,1422.974123,164.3664783
1990,28.30467063,695632,2.431969845,2.654348388,236605.9316,194454.7685,1422.385876,164.4089063
1990,28.34362398,705530,2.429813256,2.651922481,236430.2701,194328.2215,1421.797628,164.4513342
1990,28.38257732,705600,2.427656667,2.649496574,236254.6086,194201.6745,1421.209381,164.4937621
1990,28.42153066,705630,2.425500078,2.647070668,236078.9472,194075.1274,1420.621133,164.53619
1990,28.460484,705701,2.423343489,2.644644761,235903.2857,193948.5804,1420.032886,164.5786179
1990,28.49943734,715630,2.421186901,2.642218854,235727.6243,193822.0334,1419.444639,164.6210458
1990,28.53839069,715700,2.419030312,2.639792947,235551.9628,193695.4864,1418.856391,164.6634737
1990,28.57734403,715730,2.416873723,2.63736704,235376.3013,193568.9393,1418.268144,164.7059016
1990,28.61629737,715800,2.414717134,2.634941133,235200.6399,193442.3923,1417.679896,164.7483296
1990,28.65525071,725630,2.412560545,2.632515226,235024.9784,193315.8453,1417.091649,164.7907575
1990,28.69420406,725700,2.410403957,2.63008932,234849.3169,193189.2983,1416.503401,164.8331854
1990,28.7331574,725730,2.408247368,2.627663413,234673.6555,193062.7512,1415.915154,164.8756133
1990,28.77211074,725800,2.406090779,2.625237506,234497.994,192936.2042,1415.326907,164.9180412
1990,28.81106408,735700,2.40393419,2.622811599,234322.3325,192809.6572,1414.738659,164.9604691
1990,28.85001743,735730,2.401777602,2.620385692,234146.6711,192683.1102,1414.150412,165.002897
1990,28.88897077,735800,2.399621013,2.617959785,233971.0096,192556.5631,1413.562164,165.0453249
1990,28.92792411,735900,2.397464424,2.615533878,233795.3482,192430.0161,1412.973917,165.0877529
1990,28.96687745,745800,2.395307835,2.613107972,233619.6867,192303.4691,1412.38567,165.1301808
1990,29.0058308,645501,2.393151246,2.610682065,233444.0252,192176.9221,1411.797422,165.1726087
1990,29.04478414,645600,2.390994658,2.608256158,233268.3638,192050.3751,1411.209175,165.2150366
1990,29.08373748,655600,2.388838069,2.605830251,233092.7023,191923.828,1410.620927,165.2574645
1990,29.12269082,665500,2.38668148,2.603404344,232917.0408,191797.281,1410.03268,165.2998924
1990,29.16164417,665530,2.384524891,2.600978437,232741.3794,191670.734,1409.444433,165.3423203
1990,29.20059751,665600,2.382368302,2.59855253,232565.7179,191544.187,1408.856185,165.3847482
1990,29.23955085,675500,2.380211714,2.596126623,232390.0564,191417.6399,1408.267938,165.4271762
1990,29.27850419,675530,2.378055125,2.593700717,232214.395,191291.0929,1407.67969,165.4696041
1990,29.31745754,675600,2.375898536,2.59127481,232038.7335,191164.5459,1407.091443,165.512032
1990,29.35641088,685530,2.373741947,2.588848903,231863.072,191037.9989,1406.503196,165.5544599
1990,29.39536422,685600,2.371585358,2.586422996,231687.4106,190911.4518,1405.914948,165.5968878
1990,29.43431756,685630,2.36942877,2.583997089,231511.7491,190784.9048,1405.326701,165.6393157
1990,29.4732709,695600,2.367272181,2.581571182,231336.0877,190658.3578,1404.738453,165.6817436
1990,29.51222425,695631,2.365115592,2.579145275,231160.4262,190531.8108,1404.150206,165.7241715
1990,29.55117759,705600,2.362959003,2.576719369,230984.7647,190405.2637,1403.561958,165.7665995
1990,29.59013093,705630,2.360802415,2.574293462,230809.1033,190278.7167,1402.973711,165.8090274
1990,29.62908427,705701,2.358645826,2.571867555,230633.4418,190152.1697,1402.385464,165.8514553
1990,29.66803762,705830,2.356489237,2.569441648,230457.7803,190025.6227,1401.797216,165.8938832
1990,29.70699096,715600,2.354332648,2.567015741,230282.1189,189899.0756,1401.208969,165.9363111
1990,29.7459443,715630,2.352176059,2.564589834,230106.4574,189772.5286,1400.620721,165.978739
1990,29.78489764,715700,2.350019471,2.562163927,229930.7959,189645.9816,1400.032474,166.0211669
1990,29.82385099,715730,2.347862882,2.55973802,229755.1345,189519.4346,1399.444227,166.0635948
1990,29.86280433,715800,2.345706293,2.557312114,229579.473,189392.8875,1398.855979,166.1060228
1990,29.90175767,725630,2.343549704,2.554886207,229403.8116,189266.3405,1398.267732,166.1484507
1990,29.94071101,725700,2.341393115,2.5524603,229228.1501,189139.7935,1397.679484,166.1908786
1990,29.97966436,725730,2.339236527,2.550034393,229052.4886,189013.2465,1397.091237,166.2333065
1990,30.0186177,725800,2.337079938,2.547608486,228876.8272,188886.6995,1396.50299,166.2757344
1990,30.05757104,735700,2.334923349,2.545182579,228701.1657,188760.1524,1395.914742,166.3181623
1990,30.09652438,735730,2.33276676,2.542756672,228525.5042,188633.6054,1395.326495,166.3605902
1990,30.13547773,735800,2.330610172,2.540330766,228349.8428,188507.0584,1394.738247,166.4030181
1990,30.17443107,735830,2.328453583,2.537904859,228174.1813,188380.5114,1394.15,166.4454461
1990,30.21338441,655500,2.326296994,2.535478952,227998.5198,188253.9643,1393.561753,166.487874
1990,30.25233775,655530,2.324140405,2.533053045,227822.8584,188127.4173,1392.973505,166.5303019
1990,30.29129109,655600,2.321983816,2.530627138,227647.1969,188000.8703,1392.385258,166.5727298
1990,30.33024444,655630,2.319827228,2.528201231,227471.5355,187874.3233,1391.79701,166.6151577
1990,30.36919778,665500,2.317670639,2.525775324,227295.874,187747.7762,1391.208763,166.6575856
1990,30.40815112,665530,2.31551405,2.523349417,227120.2125,187621.2292,1390.620515,166.7000135
1990,30.44710446,665600,2.313357461,2.520923511,226944.5511,187494.6822,1390.032268,166.7424414
1990,30.48605781,665630,2.311200872,2.518497604,226768.8896,187368.1352,1389.444021,166.7848693
1990,30.52501115,665730,2.309044284,2.516071697,226593.2281,187241.5881,1388.855773,166.8272973
1990,30.56396449,675530,2.306887695,2.51364579,226417.5667,187115.0411,1388.267526,166.8697252
1990,30.60291783,675600,2.304731106,2.511219883,226241.9052,186988.4941,1387.679278,166.9121531
1990,30.64187118,675630,2.302574517,2.508793976,226066.2437,186861.9471,1387.091031,166.954581
1990,30.68082452,685530,2.300417929,2.506368069,225890.5823,186735.4,1386.502784,166.9970089
1990,30.71977786,685600,2.29826134,2.503942163,225714.9208,186608.853,1385.914536,167.0394368
1990,30.7587312,685630,2.296104751,2.501516256,225539.2594,186482.306,1385.326289,167.0818647
1990,30.79768455,695600,2.293948162,2.499090349,225363.5979,186355.759,1384.738041,167.1242926
1990,30.83663789,705600,2.291791573,2.496664442,225187.9364,186229.2119,1384.149794,167.1667206
1990,30.87559123,705630,2.289634985,2.494238535,225012.275,186102.6649,1383.561547,167.2091485
1990,30.91454457,705701,2.287478396,2.491812628,224836.6135,185976.1179,1382.973299,167.2515764
1990,30.95349792,715630,2.285321807,2.489386721,224660.952,185849.5709,1382.385052,167.2940043
1990,30.99245126,715700,2.283165218,2.486960814,224485.2906,185723.0238,1381.796804,167.3364322
1990,31.0314046,715730,2.281008629,2.484534908,224309.6291,185596.4768,1381.208557,167.3788601
1990,31.07035794,715800,2.278852041,2.482109001,224133.9676,185469.9298,1380.62031,167.421288
1990,31.10931129,725630,2.276695452,2.479683094,223958.3062,185343.3828,1380.032062,167.4637159
1990,31.14826463,725700,2.274538863,2.477257187,223782.6447,185216.8358,1379.443815,167.5061439
1990,31.18721797,725730,2.272382274,2.47483128,223606.9833,185090.2887,1378.855567,167.5485718
1990,31.22617131,725800,2.270225685,2.472405373,223431.3218,184963.7417,1378.26732,167.5909997
1990,31.26512465,725830,2.268069097,2.469979466,223255.6603,184837.1947,1377.679073,167.6334276
1990,31.304078,735700,2.265912508,2.46755356,223079.9989,184710.6477,1377.090825,167.6758555
1990,31.34303134,735730,2.263755919,2.465127653,222904.3374,184584.1006,1376.502578,167.7182834
1990,31.38198468,735800,2.26159933,2.462701746,222728.6759,184457.5536,1375.91433,167.7607113
1990,31.42093802,735830,2.259442742,2.460275839,222553.0145,184331.0066,1375.326083,167.8031392
1990,31.45989137,735900,2.257286153,2.457849932,222377.353,184204.4596,1374.737835,167.8455672
1990,31.49884471,755800,2.255129564,2.455424025,222201.6915,184077.9125,1374.149588,167.8879951
1990,31.53779805,755900,2.252972975,2.452998118,222026.0301,183951.3655,1373.561341,167.930423
1990,31.57675139,635630,2.250816386,2.450572211,221850.3686,183824.8185,1372.973093,167.9728509
1990,31.61570474,655530,2.248659798,2.448146305,221674.7072,183698.2715,1372.384846,168.0152788
1990,31.65465808,655600,2.246503209,2.445720398,221499.0457,183571.7244,1371.796598,168.0577067
1990,31.69361142,655630,2.24434662,2.443294491,221323.3842,183445.1774,1371.208351,168.1001346
1990,31.73256476,665600,2.242190031,2.440868584,221147.7228,183318.6304,1370.620104,168.1425625
1990,31.77151811,665630,2.240033442,2.438442677,220972.0613,183192.0834,1370.031856,168.1849905
1990,31.81047145,675500,2.237876854,2.43601677,220796.3998,183065.5363,1369.443609,168.2274184
1990,31.84942479,675530,2.235720265,2.433590863,220620.7384,182938.9893,1368.855361,168.2698463
1990,31.88837813,675600,2.233563676,2.431164957,220445.0769,182812.4423,1368.267114,168.3122742
1990,31.92733148,675630,2.231407087,2.42873905,220269.4154,182685.8953,1367.678867,168.3547021
1990,31.96628482,685530,2.229250499,2.426313143,220093.754,182559.3482,1367.090619,168.39713
1990,32.00523816,685600,2.22709391,2.423887236,219918.0925,182432.8012,1366.502372,168.4395579
1990,32.0441915,685630,2.224937321,2.421461329,219742.431,182306.2542,1365.914124,168.4819858
1990,32.08314484,695600,2.222780732,2.419035422,219566.7696,182179.7072,1365.325877,168.5244138
1990,32.12209819,695631,2.220624143,2.416609515,219391.1081,182053.1602,1364.73763,168.5668417
1990,32.16105153,705600,2.218467555,2.414183608,219215.4467,181926.6131,1364.149382,168.6092696
1990,32.20000487,705630,2.216310966,2.411757702,219039.7852,181800.0661,1363.561135,168.6516975
1990,32.23895821,715630,2.214154377,2.409331795,218864.1237,181673.5191,1362.972887,168.6941254
1990,32.27791156,715700,2.211997788,2.406905888,218688.4623,181546.9721,1362.38464,168.7365533
1990,32.3168649,715730,2.209841199,2.404479981,218512.8008,181420.425,1361.796392,168.7789812
1990,32.35581824,715800,2.207684611,2.402054074,218337.1393,181293.878,1361.208145,168.8214091
1990,32.39477158,725630,2.205528022,2.399628167,218161.4779,181167.331,1360.619898,168.8638371
1990,32.43372493,725700,2.203371433,2.39720226,217985.8164,181040.784,1360.03165,168.906265
1990,32.47267827,725730,2.201214844,2.394776354,217810.1549,180914.2369,1359.443403,168.9486929
1990,32.51163161,725800,2.199058255,2.392350447,217634.4935,180787.6899,1358.855155,168.9911208
1990,32.55058495,735730,2.196901667,2.38992454,217458.832,180661.1429,1358.266908,169.0335487
1990,32.5895383,735800,2.194745078,2.387498633,217283.1706,180534.5959,1357.678661,169.0759766
1990,32.62849164,735830,2.192588489,2.385072726,217107.5091,180408.0488,1357.090413,169.1184045
1990,32.66744498,645501,2.1904319,2.382646819,216931.8476,180281.5018,1356.502166,169.1608324
1990,32.70639832,665500,2.188275312,2.380220912,216756.1862,180154.9548,1355.913918,169.2032604
1990,32.74535167,665530,2.186118723,2.377795006,216580.5247,180028.4078,1355.325671,169.2456883
1990,32.78430501,665600,2.183962134,2.375369099,216404.8632,179901.8607,1354.737424,169.2881162
1990,32.82325835,665630,2.181805545,2.372943192,216229.2018,179775.3137,1354.149176,169.3305441
1990,32.86221169,675530,2.179648956,2.370517285,216053.5403,179648.7667,1353.560929,169.372972
1990,32.90116503,675600,2.177492368,2.368091378,215877.8788,179522.2197,1352.972681,169.4153999
1990,32.94011838,675630,2.175335779,2.365665471,215702.2174,179395.6726,1352.384434,169.4578278
1990,32.97907172,675700,2.17317919,2.363239564,215526.5559,179269.1256,1351.796187,169.5002557
1990,33.01802506,685530,2.171022601,2.360813657,215350.8945,179142.5786,1351.207939,169.5426837
1990,33.0569784,685600,2.168866012,2.358387751,215175.233,179016.0316,1350.619692,169.5851116
1990,33.09593175,685630,2.166709424,2.355961844,214999.5715,178889.4846,1350.031444,169.6275395
1990,33.13488509,705600,2.164552835,2.353535937,214823.9101,178762.9375,1349.443197,169.6699674
1990,33.17383843,705630,2.162396246,2.35111003,214648.2486,178636.3905,1348.854949,169.7123953
1990,33.21279177,705701,2.160239657,2.348684123,214472.5871,178509.8435,1348.266702,169.7548232
1990,33.25174512,705730,2.158083069,2.346258216,214296.9257,178383.2965,1347.678455,169.7972511
1990,33.29069846,715600,2.15592648,2.343832309,214121.2642,178256.7494,1347.090207,169.839679
1990,33.3296518,715630,2.153769891,2.341406403,213945.6027,178130.2024,1346.50196,169.8821069
1990,33.36860514,715700,2.151613302,2.338980496,213769.9413,178003.6554,1345.913712,169.9245349
1990,33.40755849,715730,2.149456713,2.336554589,213594.2798,177877.1084,1345.325465,169.9669628
1990,33.44651183,725530,2.147300125,2.334128682,213418.6184,177750.5613,1344.737218,170.0093907
1990,33.48546517,725630,2.145143536,2.331702775,213242.9569,177624.0143,1344.14897,170.0518186
1990,33.52441851,725700,2.142986947,2.329276868,213067.2954,177497.4673,1343.560723,170.0942465
1990,33.56337186,725730,2.140830358,2.326850961,212891.634,177370.9203,1342.972475,170.1366744
1990,33.6023252,725800,2.138673769,2.324425054,212715.9725,177244.3732,1342.384228,170.1791023
1990,33.64127854,735700,2.136517181,2.321999148,212540.311,177117.8262,1341.795981,170.2215302
1990,33.68023188,735730,2.134360592,2.319573241,212364.6496,176991.2792,1341.207733,170.2639582
1990,33.71918523,735800,2.132204003,2.317147334,212188.9881,176864.7322,1340.619486,170.3063861
1990,33.75813857,735830,2.130047414,2.314721427,212013.3266,176738.1851,1340.031238,170.348814
1990,33.79709191,735900,2.127890826,2.31229552,211837.6652,176611.6381,1339.442991,170.3912419
1990,33.83604525,745830,2.125734237,2.309869613,211662.0037,176485.0911,1338.854744,170.4336698
1990,33.87499859,776000,2.123577648,2.307443706,211486.3423,176358.5441,1338.266496,170.4760977
1990,33.91395194,665600,2.121421059,2.3050178,211310.6808,176231.997,1337.678249,170.5185256
1990,33.95290528,675530,2.11926447,2.302591893,211135.0193,176105.45,1337.090001,170.5609535
1990,33.99185862,675600,2.117107882,2.300165986,210959.3579,175978.903,1336.501754,170.6033815
1990,34.03081196,685600,2.114951293,2.297740079,210783.6964,175852.356,1335.913506,170.6458094
1990,34.06976531,685630,2.112794704,2.295314172,210608.0349,175725.809,1335.325259,170.6882373
1990,34.10871865,695600,2.110638115,2.292888265,210432.3735,175599.2619,1334.737012,170.7306652
1990,34.14767199,705630,2.108481526,2.290462358,210256.712,175472.7149,1334.148764,170.7730931
1990,34.18662533,715630,2.106324938,2.288036451,210081.0505,175346.1679,1333.560517,170.815521
1990,34.22557868,715700,2.104168349,2.285610545,209905.3891,175219.6209,1332.972269,170.8579489
1990,34.26453202,715730,2.10201176,2.283184638,209729.7276,175093.0738,1332.384022,170.9003768
1990,34.30348536,715800,2.099855171,2.280758731,209554.0662,174966.5268,1331.795775,170.9428048
1990,34.3424387,725700,2.097698582,2.278332824,209378.4047,174839.9798,1331.207527,170.9852327
1990,34.38139205,725730,2.095541994,2.275906917,209202.7432,174713.4328,1330.61928,171.0276606
1990,34.42034539,725800,2.093385405,2.27348101,209027.0818,174586.8857,1330.031032,171.0700885
1990,34.45929873,735700,2.091228816,2.271055103,208851.4203,174460.3387,1329.442785,171.1125164
1990,34.49825207,735730,2.089072227,2.268629197,208675.7588,174333.7917,1328.854538,171.1549443
1990,34.53720542,735800,2.086915639,2.26620329,208500.0974,174207.2447,1328.26629,171.1973722
1990,34.57615876,735830,2.08475905,2.263777383,208324.4359,174080.6976,1327.678043,171.2398001
1990,34.6151121,735900,2.082602461,2.261351476,208148.7744,173954.1506,1327.089795,171.2822281
1990,34.65406544,735930,2.080445872,2.258925569,207973.113,173827.6036,1326.501548,171.324656
1990,34.69301878,745730,2.078289283,2.256499662,207797.4515,173701.0566,1325.913301,171.3670839
1990,34.73197213,745800,2.076132695,2.254073755,207621.79,173574.5095,1325.325053,171.4095118
1990,34.77092547,745830,2.073976106,2.251647848,207446.1286,173447.9625,1324.736806,171.4519397
1990,34.80987881,745930,2.071819517,2.249221942,207270.4671,173321.4155,1324.148558,171.4943676
1990,34.84883215,755830,2.069662928,2.246796035,207094.8057,173194.8685,1323.560311,171.5367955
1990,34.8877855,755900,2.067506339,2.244370128,206919.1442,173068.3214,1322.972063,171.5792234
1990,34.92673884,755930,2.065349751,2.241944221,206743.4827,172941.7744,1322.383816,171.6216514
1990,34.96569218,765830,2.063193162,2.239518314,206567.8213,172815.2274,1321.795569,171.6640793
1990,35.00464552,765930,2.061036573,2.237092407,206392.1598,172688.6804,1321.207321,171.7065072
1990,35.04359887,766000,2.058879984,2.2346665,206216.4983,172562.1334,1320.619074,171.7489351
1990,35.08255221,775930,2.056723396,2.232240594,206040.8369,172435.5863,1320.030826,171.791363
1990,35.12150555,776000,2.054566807,2.229814687,205865.1754,172309.0393,1319.442579,171.8337909
1990,35.16045889,776030,2.052410218,2.22738878,205689.5139,172182.4923,1318.854332,171.8762188
1990,35.19941224,786030,2.050253629,2.224962873,205513.8525,172055.9453,1318.266084,171.9186467
1990,35.23836558,685530,2.04809704,2.222536966,205338.191,171929.3982,1317.677837,171.9610747
1990,35.27731892,685600,2.045940452,2.220111059,205162.5296,171802.8512,1317.089589,172.0035026
1990,35.31627226,715700,2.043783863,2.217685152,204986.8681,171676.3042,1316.501342,172.0459305
1990,35.35522561,735700,2.041627274,2.215259245,204811.2066,171549.7572,1315.913095,172.0883584
1990,35.39417895,735730,2.039470685,2.212833339,204635.5452,171423.2101,1315.324847,172.1307863
1990,35.43313229,735800,2.037314096,2.210407432,204459.8837,171296.6631,1314.7366,172.1732142
1990,35.47208563,745900,2.035157508,2.207981525,204284.2222,171170.1161,1314.148352,172.2156421
1990,35.51103897,745930,2.033000919,2.205555618,204108.5608,171043.5691,1313.560105,172.25807
1990,35.54999232,755900,2.03084433,2.203129711,203932.8993,170917.022,1312.971858,172.300498
1990,35.58894566,755930,2.028687741,2.200703804,203757.2378,170790.475,1312.38361,172.3429259
1990,35.627899,756000,2.026531152,2.198277897,203581.5764,170663.928,1311.795363,172.3853538
1990,35.66685234,765900,2.024374564,2.195851991,203405.9149,170537.381,1311.207115,172.4277817
1990,35.70580569,765930,2.022217975,2.193426084,203230.2535,170410.8339,1310.618868,172.4702096
1990,35.74475903,766000,2.020061386,2.191000177,203054.592,170284.2869,1310.03062,172.5126375
1990,35.78371237,766030,2.017904797,2.18857427,202878.9305,170157.7399,1309.442373,172.5550654
1990,35.82266571,775930,2.015748209,2.186148363,202703.2691,170031.1929,1308.854126,172.5974933
1990,35.86161906,776000,2.01359162,2.183722456,202527.6076,169904.6458,1308.265878,172.6399212
1990,35.9005724,776030,2.011435031,2.181296549,202351.9461,169778.0988,1307.677631,172.6823492
1990,35.93952574,786000,2.009278442,2.178870642,202176.2847,169651.5518,1307.089383,172.7247771
1990,35.97847908,786030,2.007121853,2.176444736,202000.6232,169525.0048,1306.501136,172.767205
1990,36.01743243,735730,2.004965265,2.174018829,201824.9617,169398.4578,1305.912889,172.8096329
1990,36.05638577,735800,2.002808676,2.171592922,201649.3003,169271.9107,1305.324641,172.8520608
1990,36.09533911,735830,2.000652087,2.169167015,201473.6388,169145.3637,1304.736394,172.8944887
1990,36.13429245,735900,1.998495498,2.166741108,201297.9774,169018.8167,1304.148146,172.9369166
1990,36.1732458,735930,1.996338909,2.164315201,201122.3159,168892.2697,1303.559899,172.9793445
1990,36.21219914,745930,1.994182321,2.161889294,200946.6544,168765.7226,1302.971652,173.0217725
1990,36.25115248,755900,1.992025732,2.159463388,200770.993,168639.1756,1302.383404,173.0642004
1990,36.29010582,755930,1.989869143,2.157037481,200595.3315,168512.6286,1301.795157,173.1066283
1990,36.32905917,756000,1.987712554,2.154611574,200419.67,168386.0816,1301.206909,173.1490562
1990,36.36801251,756030,1.985555966,2.152185667,200244.0086,168259.5345,1300.618662,173.1914841
1990,36.40696585,756130,1.983399377,2.14975976,200068.3471,168132.9875,1300.030415,173.233912
1990,36.44591919,765900,1.981242788,2.147333853,199892.6856,168006.4405,1299.442167,173.2763399
1990,36.48487253,765930,1.979086199,2.144907946,199717.0242,167879.8935,1298.85392,173.3187678
1990,36.52382588,766000,1.97692961,2.142482039,199541.3627,167753.3464,1298.265672,173.3611958
1990,36.56277922,766030,1.974773022,2.140056133,199365.7013,167626.7994,1297.677425,173.4036237
1990,36.60173256,766100,1.972616433,2.137630226,199190.0398,167500.2524,1297.089178,173.4460516
1990,36.6406859,775930,1.970459844,2.135204319,199014.3783,167373.7054,1296.50093,173.4884795
1990,36.67963925,776000,1.968303255,2.132778412,198838.7169,167247.1583,1295.912683,173.5309074
1990,36.71859259,776030,1.966146666,2.130352505,198663.0554,167120.6113,1295.324435,173.5733353
1990,36.75754593,776100,1.963990078,2.127926598,198487.3939,166994.0643,1294.736188,173.6157632
1990,36.79649927,785930,1.961833489,2.125500691,198311.7325,166867.5173,1294.14794,173.6581911
1990,36.83545262,786000,1.9596769,2.123074785,198136.071,166740.9702,1293.559693,173.7006191
1990,36.87440596,786030,1.957520311,2.120648878,197960.4095,166614.4232,1292.971446,173.743047
1990,36.9133593,786100,1.955363722,2.118222971,197784.7481,166487.8762,1292.383198,173.7854749
1990,36.95231264,796030,1.953207134,2.115797064,197609.0866,166361.3292,1291.794951,173.8279028
1990,36.99126599,685600,1.951050545,2.113371157,197433.4252,166234.7821,1291.206703,173.8703307
1990,37.03021933,685630,1.948893956,2.11094525,197257.7637,166108.2351,1290.618456,173.9127586
1990,37.06917267,695631,1.946737367,2.108519343,197082.1022,165981.6881,1290.030209,173.9551865
1990,37.10812601,705701,1.944580779,2.106093437,196906.4408,165855.1411,1289.441961,173.9976144
1990,37.14707936,715630,1.94242419,2.10366753,196730.7793,165728.5941,1288.853714,174.0400424
1990,37.1860327,715700,1.940267601,2.101241623,196555.1178,165602.047,1288.265466,174.0824703
1990,37.22498604,725630,1.938111012,2.098815716,196379.4564,165475.5,1287.677219,174.1248982
1990,37.26393938,685600,1.935954423,2.096389809,196203.7949,165348.953,1287.088972,174.1673261
1990,37.30289272,685630,1.933797835,2.093963902,196028.1334,165222.406,1286.500724,174.209754
1990,37.34184607,685700,1.931641246,2.091537995,195852.472,165095.8589,1285.912477,174.2521819
1990,37.38079941,695600,1.929484657,2.089112088,195676.8105,164969.3119,1285.324229,174.2946098
1990,37.41975275,695631,1.927328068,2.086686182,195501.149,164842.7649,1284.735982,174.3370377
1990,37.45870609,705600,1.925171479,2.084260275,195325.4876,164716.2179,1284.147735,174.3794657
1990,37.49765944,705630,1.923014891,2.081834368,195149.8261,164589.6708,1283.559487,174.4218936
1990,37.53661278,705701,1.920858302,2.079408461,194974.1647,164463.1238,1282.97124,174.4643215
1990,37.57556612,715630,1.918701713,2.076982554,194798.5032,164336.5768,1282.382992,174.5067494
1990,37.61451946,715700,1.916545124,2.074556647,194622.8417,164210.0298,1281.794745,174.5491773
1990,37.65347281,725630,1.914388536,2.07213074,194447.1803,164083.4827,1281.206497,174.5916052
1990,37.69242615,725700,1.912231947,2.069704834,194271.5188,163956.9357,1280.61825,174.6340331
1990,37.73137949,745930,1.910075358,2.067278927,194095.8573,163830.3887,1280.030003,174.676461
1990,37.77033283,625600,1.907918769,2.06485302,193920.1959,163703.8417,1279.441755,174.718889
1990,37.80928618,645600,1.90576218,2.062427113,193744.5344,163577.2946,1278.853508,174.7613169
1990,37.84823952,665600,1.903605592,2.060001206,193568.8729,163450.7476,1278.26526,174.8037448
1990,37.88719286,675630,1.901449003,2.057575299,193393.2115,163324.2006,1277.677013,174.8461727
1990,37.9261462,685600,1.899292414,2.055149392,193217.55,163197.6536,1277.088766,174.8886006
1990,37.96509955,685630,1.897135825,2.052723485,193041.8886,163071.1065,1276.500518,174.9310285
1990,38.00405289,695600,1.894979236,2.050297579,192866.2271,162944.5595,1275.912271,174.9734564
1990,38.04300623,695631,1.892822648,2.047871672,192690.5656,162818.0125,1275.324023,175.0158843
1990,38.08195957,705600,1.890666059,2.045445765,192514.9042,162691.4655,1274.735776,175.0583123
1990,38.12091292,705630,1.88850947,2.043019858,192339.2427,162564.9185,1274.147529,175.1007402
1990,38.15986626,705701,1.886352881,2.040593951,192163.5812,162438.3714,1273.559281,175.1431681
1990,38.1988196,715600,1.884196293,2.038168044,191987.9198,162311.8244,1272.971034,175.185596
1990,38.23777294,715630,1.882039704,2.035742137,191812.2583,162185.2774,1272.382786,175.2280239
1990,38.27672628,715700,1.879883115,2.033316231,191636.5968,162058.7304,1271.794539,175.2704518
1990,38.31567963,715730,1.877726526,2.030890324,191460.9354,161932.1833,1271.206292,175.3128797
1990,38.35463297,725630,1.875569937,2.028464417,191285.2739,161805.6363,1270.618044,175.3553076
1990,38.39358631,725700,1.873413349,2.02603851,191109.6125,161679.0893,1270.029797,175.3977355
1990,38.43253965,725730,1.87125676,2.023612603,190933.951,161552.5423,1269.441549,175.4401635
1990,38.471493,685630,1.869100171,2.021186696,190758.2895,161425.9952,1268.853302,175.4825914
1990,38.51044634,695631,1.866943582,2.018760789,190582.6281,161299.4482,1268.265054,175.5250193
1990,38.54939968,695632,1.864786993,2.016334882,190406.9666,161172.9012,1267.676807,175.5674472
1990,38.58835302,695700,1.862630405,2.013908976,190231.3051,161046.3542,1267.08856,175.6098751
1990,38.62730637,695730,1.860473816,2.011483069,190055.6437,160919.8071,1266.500312,175.652303
1990,38.66625971,705600,1.858317227,2.009057162,189879.9822,160793.2601,1265.912065,175.6947309
1990,38.70521305,705630,1.856160638,2.006631255,189704.3207,160666.7131,1265.323817,175.7371588
1990,38.74416639,705701,1.854004049,2.004205348,189528.6593,160540.1661,1264.73557,175.7795868
1990,38.78311974,705730,1.851847461,2.001779441,189352.9978,160413.619,1264.147323,175.8220147
1990,38.82207308,715600,1.849690872,1.999353534,189177.3364,160287.072,1263.559075,175.8644426
1990,38.86102642,715630,1.847534283,1.996927628,189001.6749,160160.525,1262.970828,175.9068705
1990,38.89997976,715700,1.845377694,1.994501721,188826.0134,160033.978,1262.38258,175.9492984
1990,38.93893311,715730,1.843221106,1.992075814,188650.352,159907.4309,1261.794333,175.9917263
1990,38.97788645,725630,1.841064517,1.989649907,188474.6905,159780.8839,1261.206086,176.0341542
1990,39.01683979,725700,1.838907928,1.987224,188299.029,159654.3369,1260.617838,176.0765821
1990,39.05579313,725730,1.836751339,1.984798093,188123.3676,159527.7899,1260.029591,176.1190101
1990,39.09474647,735700,1.83459475,1.982372186,187947.7061,159401.2429,1259.441343,176.161438
1990,39.13369982,746030,1.832438162,1.979946279,187772.0446,159274.6958,1258.853096,176.2038659
1990,39.17265316,786100,1.830281573,1.977520373,187596.3832,159148.1488,1258.264849,176.2462938
1990,39.2116065,645630,1.828124984,1.975094466,187420.7217,159021.6018,1257.676601,176.2887217
1990,39.25055984,685630,1.825968395,1.972668559,187245.0603,158895.0548,1257.088354,176.3311496
1990,39.28951319,695631,1.823811806,1.970242652,187069.3988,158768.5077,1256.500106,176.3735775
1990,39.32846653,705600,1.821655218,1.967816745,186893.7373,158641.9607,1255.911859,176.4160054
1990,39.36741987,705630,1.819498629,1.965390838,186718.0759,158515.4137,1255.323611,176.4584334
1990,39.40637321,705701,1.81734204,1.962964931,186542.4144,158388.8667,1254.735364,176.5008613
1990,39.44532656,705702,1.815185451,1.960539025,186366.7529,158262.3196,1254.147117,176.5432892
1990,39.4842799,705730,1.813028863,1.958113118,186191.0915,158135.7726,1253.558869,176.5857171
1990,39.52323324,715630,1.810872274,1.955687211,186015.43,158009.2256,1252.970622,176.628145
1990,39.56218658,715700,1.808715685,1.953261304,185839.7685,157882.6786,1252.382374,176.6705729
1990,39.60113993,715730,1.806559096,1.950835397,185664.1071,157756.1315,1251.794127,176.7130008
1990,39.64009327,725630,1.804402507,1.94840949,185488.4456,157629.5845,1251.20588,176.7554287
1990,39.67904661,725700,1.802245919,1.945983583,185312.7842,157503.0375,1250.617632,176.7978567
1990,39.71799995,725730,1.80008933,1.943557676,185137.1227,157376.4905,1250.029385,176.8402846
1990,39.7569533,735700,1.797932741,1.94113177,184961.4612,157249.9434,1249.441137,176.8827125
1990,39.79590664,635600,1.795776152,1.938705863,184785.7998,157123.3964,1248.85289,176.9251404
1990,39.83485998,635630,1.793619563,1.936279956,184610.1383,156996.8494,1248.264643,176.9675683
1990,39.87381332,685600,1.791462975,1.933854049,184434.4768,156870.3024,1247.676395,177.0099962
1990,39.91276666,685630,1.789306386,1.931428142,184258.8154,156743.7553,1247.088148,177.0524241
1991,17,705630,6,7,750861,582826,3328,175.1280048
1991,17,705701,4,3,531066,428288,2025,211.5002469
1991,17,705730,1,1,2792,2038,113,18.03539823
1991,17,715600,1,1,21003,17649,86,205.2209302
1991,17,715630,10,19,1827699,1529789,7698,198.7255131
1991,17,715700,12,13,1087479,870219,4649,187.1841256
1991,17,715730,5,6,678975,555189,2206,251.6722575
1991,17,725630,4,4,405192,343709,1861,184.690489
1991,17,725700,10,10,498729,410782,1726,237.9965238
1991,17,725730,28,39,3990809,3233281,14630,221.003486
1991,17,725800,4,4,571140,491659,1839,267.3512779
1991,17,725830,1,1,35001,27132,33,822.1818182
1991,17,735700,3,3,84169,65097,180,361.65
1991,17,735730,14,14,1291573,1047427,4006,261.4645532
1991,17,735800,14,14,1551280,1268788,4298,295.2042811
1991,17,735830,2,2,265421,215307,741,290.562753
1991,17,745800,2,2,25647,20602,133,154.9022556
1991,17,755830,1,1,18062,14222,98,145.122449
1991,18,665600,2,2,155659,116105,735,157.9659864
1991,18,665630,2,2,135082,102011,910,112.1
1991,18,675530,1,1,9880,7485,130,57.57692308
1991,18,675600,2,2,177579,136060,1000,136.06
1991,18,675630,9,12,1009796,780315,5998,130.0958653
1991,18,675700,1,1,40195,30920,320,96.625
1991,18,685600,6,8,493096,371489,3636,102.169692
1991,18,685630,10,11,692664,477045,4244,112.4045712
1991,18,685700,2,2,222925,182033,850,214.1564706
1991,18,695631,3,3,185324,137577,1412,97.43413598
1991,18,695730,1,1,15025,12215,130,93.96153846
1991,18,705600,6,6,414267,325163,2931,110.9392699
1991,18,705630,11,12,971228,783227,6863,114.123124
1991,18,705701,3,4,170315,134849,1037,130.0376085
1991,18,715600,1,1,4903,4378,17,257.5294118
1991,18,715630,12,19,1309729,1031204,9839,104.8078057
1991,18,715700,17,22,1919835,1546023,10963,141.0218918
1991,18,715730,2,2,21913,16490,165,99.93939394
1991,18,715830,1,2,58628,46600,400,116.5
1991,18,725600,1,1,15797,13618,91,149.6483516
1991,18,725630,6,6,144559,119148,946,125.94926
1991,18,725700,22,23,1295994,1076372,8471,127.0655176
1991,18,725730,24,34,2150730,1765156,12275,143.8008961
1991,18,725800,4,4,138505,119327,816,146.2340686
1991,18,735700,10,10,284802,237146,1564,151.6278772
1991,18,735730,14,15,450785,370882,2611,142.0459594
1991,18,735800,14,14,1104727,934888,3684,253.7698154
1991,18,735830,3,3,81455,66399,184,360.8641304
1991,18,755730,2,2,32618,25734,230,111.8869565
1991,19,665530,1,1,3930,3070,55,55.81818182
1991,19,665600,2,2,85382,65153,491,132.694501
1991,19,665630,3,4,380835,300441,1800,166.9116667
1991,19,675530,1,1,27244,21921,33,664.2727273
1991,19,675600,3,3,188644,144154,1175,122.6842553
1991,19,675630,6,7,360247,269531,2325,115.9273118
1991,19,675730,1,1,28518,24584,205,119.9219512
1991,19,685530,2,2,14687,11847,400,29.6175
1991,19,685600,8,8,152399,120013,880,136.3784091
1991,19,685630,11,12,821907,635634,5731,110.9115338
1991,19,685700,2,2,139352,116317,861,135.0952381
1991,19,695600,1,1,87412,69980,344,203.4302326
1991,19,695631,2,2,101690,76455,840,91.01785714
1991,19,695700,1,1,137197,114331,800,142.91375
1991,19,705600,4,4,63043,49344,421,117.2066508
1991,19,705630,6,7,180120,153186,1439,106.4530924
1991,19,705701,1,1,46121,37496,400,93.74
1991,19,715600,2,2,42742,34176,793,43.09709962
1991,19,715630,10,11,278316,223341,2210,101.059276
1991,19,715700,11,12,452041,370158,2909,127.2457889
1991,19,715730,2,2,147740,121864,927,131.4606257
1991,19,725530,1,1,34240,28770,310,92.80645161
1991,19,725600,2,2,127915,144362,685,210.7474453
1991,19,725630,14,14,400412,373506,3597,103.8381985
1991,19,725700,13,15,394071,359340,3685,97.51424695
1991,19,725730,7,11,267461,211933,2072,102.2842664
1991,19,725800,1,1,13346,11310,45,251.3333333
1991,19,735600,1,1,236,198,21,9.428571429
1991,19,735630,1,1,18175,14897,150,99.31333333
1991,19,735700,9,9,134033,106918,1566,68.27458493
1991,19,735730,11,11,179515,145838,1584,92.06944444
1991,19,735800,20,25,790869,652908,4980,131.1060241
1991,19,735830,2,2,110006,97609,615,158.7138211
1991,20,685600,1,1,69377,58794,375,156.784
1991,20,705600,1,1,17395,12605,213,59.17840376
1991,20,715630,3,3,165783,133498,1589,84.01384519
1991,20,715700,1,1,72933,62873,840,74.84880952
1991,20,715730,1,1,32411,25945,150,172.9666667
1991,20,725630,1,1,9344,7852,125,62.816
1991,20,725730,3,3,121520,93420,850,109.9058824
1991,20,725800,2,2,74631,59722,326,183.196319
1991,20,735600,1,1,5953,4833,120,40.275
1991,20,735630,2,2,8205,6635,237,27.99578059
1991,20,735700,6,6,111095,94119,1237,76.0864996
1991,20,735730,13,17,865672,699339,5174,135.1640897
1991,20,735800,39,65,4339600,3645972,24944,146.1662925
1991,20,735830,23,32,1649635,1348700,9542,141.3435339
1991,20,735900,2,2,6446,4872,73,66.73972603
1991,20,745800,8,8,202828,189210,1098,172.3224044
1991,20,745830,2,2,50085,40127,232,172.9612069
1991,21,685800,1,1,26087,20000,150,133.3333333
1991,21,725830,1,1,1450,1107,0,
1991,21,735630,2,2,20118,16940,56,302.5
1991,21,735700,2,2,6849,5803,187,31.03208556
1991,21,735730,12,17,1468064,1184107,9409,125.8483367
1991,21,735800,34,63,5589666,5480412,34404,159.2957796
1991,21,735830,21,32,1891629,1553149,12361,125.6491384
1991,21,735900,6,8,324109,274897,2048,134.2270508
1991,21,735930,1,1,302766,243849,1400,174.1778571
1991,21,745800,5,5,192743,221940,864,256.875
1991,21,745830,4,4,213402,246236,986,249.7322515
1991,21,745900,1,1,8963,7863,117,67.20512821
1991,21,745930,1,1,81242,65771,170,386.8882353
1991,21,746000,1,1,56425,47818,450,106.2622222
1991,21,755830,3,3,39370,45358,245,185.1346939
1991,21,755900,5,5,321788,231901,2293,101.1343218
1991,21,755930,1,1,2813,2009,57,35.24561404
1991,21,765930,1,1,15620,11657,180,64.76111111
1991,21,775900,1,1,450,343,135,2.540740741
1991,21,775930,1,1,1368,1232,105,11.73333333
1991,21,776000,2,2,108784,81472,540,150.8740741
1991,22,725730,1,1,3000,2158,0,
1991,22,725800,1,1,25286,21428,90,238.0888889
1991,22,735700,2,2,329773,275640,1700,162.1411765
1991,22,735730,10,11,789581,652628,4387,148.7640757
1991,22,735800,24,34,2510560,2065598,13038,158.4290535
1991,22,735830,24,26,2202170,1760467,9976,176.4702285
1991,22,735900,12,15,1267966,989329,4841,204.3645941
1991,22,735930,3,3,221556,192611,840,229.2988095
1991,22,745800,6,6,154562,182957,733,249.6002729
1991,22,745830,8,8,473694,421198,1636,257.4559902
1991,22,745900,10,10,622965,511774,2672,191.5321856
1991,22,745930,1,1,164386,131509,500,263.018
1991,22,755830,1,1,91695,65497,313,209.2555911
1991,22,755900,14,16,1183267,1317233,5802,227.0308514
1991,22,755930,11,11,298620,276319,1651,167.3646275
1991,22,756100,1,1,40960,34712,400,86.78
1991,22,765830,1,1,1927,1675,50,33.5
1991,22,765900,5,5,138369,107201,1793,59.78862242
1991,22,765930,9,9,557628,501997,2066,242.9801549
1991,22,766000,4,4,265486,222634,1264,176.1344937
1991,22,766030,1,1,8559,5668,150,37.78666667
1991,22,766100,1,1,8559,5668,150,37.78666667
1991,22,775900,1,1,79835,67657,340,198.9911765
1991,22,775930,4,4,199546,155042,1824,85.00109649
1991,22,776000,8,8,265526,217328,2030,107.0581281
1991,22,776030,3,3,20167,14796,275,53.80363636
1991,22,776100,1,1,8559,5668,150,37.78666667
1991,22,785830,2,2,183292,136145,1308,104.0863914
1991,22,785900,1,1,52305,34639,150,230.9266667
1991,22,786000,2,2,2395,1870,55,34
1991,23,735600,1,1,13857,11086,210,52.79047619
1991,23,735730,6,6,169273,139362,836,166.7009569
1991,23,735800,21,25,1976463,1623090,10682,151.9462647
1991,23,735830,17,19,1326974,1084074,6863,157.9592015
1991,23,735900,6,6,477176,379678,1955,194.2086957
1991,23,735930,2,2,112387,83974,640,131.209375
1991,23,745600,1,1,32333,25866,490,52.7877551
1991,23,745800,1,1,62608,54442,280,194.4357143
1991,23,745830,3,3,47629,42154,410,102.8146341
1991,23,745900,12,16,1742964,1388192,9544,145.4518022
1991,23,745930,1,1,23690,20965,93,225.4301075
1991,23,755830,4,4,209279,162576,1103,147.394379
1991,23,755900,20,28,3389450,2772313,17606,157.4641031
1991,23,755930,16,20,1914163,1606742,9878,162.6586354
1991,23,756000,1,1,26085,71558,300,238.5266667
1991,23,765900,10,10,395778,332627,2600,127.9334615
1991,23,765930,14,14,1391445,1182895,5712,207.0894608
1991,23,766000,4,4,268081,223526,1617,138.2350031
1991,23,766030,1,1,31547,27673,120,230.6083333
1991,23,775830,1,1,244,222,15,14.8
1991,23,775900,1,1,18922,15017,148,101.4662162
1991,23,775930,3,3,176320,154088,1492,103.2761394
1991,23,776000,9,8,552399,436420,4179,104.4316822
1991,23,776030,1,1,6202,5638,45,125.2888889
1991,23,776100,1,1,965,877,53,16.54716981
1991,23,785930,2,2,370431,293069,1152,254.4001736
1991,23,786000,4,4,511469,408021,2338,174.5171086
1991,24,735700,1,1,11929,10373,82,126.5
1991,24,735730,1,1,35108,25812,133,194.075188
1991,24,735800,12,15,885376,776799,6154,126.2266818
1991,24,735830,10,10,609754,515054,3098,166.2537121
1991,24,735900,5,5,167278,137176,1040,131.9
1991,24,735930,2,2,58576,51161,705,72.56879433
1991,24,736200,1,1,174168,151450,1200,126.2083333
1991,24,745830,5,4,179073,148322,847,175.1145218
1991,24,745900,13,14,1004275,813345,4786,169.9425407
1991,24,745930,1,1,162447,141258,1440,98.09583333
1991,24,746000,1,1,110571,95320,175,544.6857143
1991,24,755800,2,2,78001,68180,269,253.4572491
1991,24,755830,2,2,55225,49586,390,127.1435897
1991,24,755900,23,34,3000397,2449523,17222,142.232203
1991,24,755930,24,36,2984595,2565498,15547,165.01563
1991,24,756000,3,3,114426,104032,708,146.9378531
1991,24,765830,1,1,1637,1056,26,40.61538462
1991,24,765900,9,9,329580,272619,1533,177.8336595
1991,24,765930,15,15,1378368,1162554,6230,186.6057785
1991,24,766000,8,8,810513,653100,3848,169.7245322
1991,24,766030,2,2,7548,7110,25,284.4
1991,24,775800,1,1,179387,170845,660,258.8560606
1991,24,775930,5,5,81498,64812,446,145.3183857
1991,24,776000,7,7,276031,223577,1924,116.204262
1991,24,776030,3,3,144000,104046,1200,86.705
1991,24,776100,1,1,345,314,8,39.25
1991,24,785830,1,1,55765,44258,225,196.7022222
1991,24,785930,1,1,283305,221332,536,412.9328358
1991,24,786000,6,6,357573,276891,2114,130.9796594
1991,24,786030,4,4,227021,186648,1373,135.9417334
1991,24,795930,1,1,170190,156138,668,233.739521
1991,25,735800,8,9,873759,727875,4105,177.3142509
1991,25,735830,8,8,1108810,945944,6747,140.2021639
1991,25,735900,3,4,165407,138054,1070,129.0224299
1991,25,735930,2,2,26716,23993,121,198.2892562
1991,25,736001,2,1,73293,64227,2250,28.54533333
1991,25,745900,8,10,620484,550639,4440,124.0177928
1991,25,745930,5,7,300536,260529,2038,127.8356232
1991,25,755600,1,1,5000,3032,0,
1991,25,755830,1,1,51860,38701,200,193.505
1991,25,755900,12,23,1381343,1162733,8959,129.7837928
1991,25,755930,20,31,1861166,1584320,11496,137.8148921
1991,25,756000,3,3,98267,80015,610,131.1721311
1991,25,765830,1,1,8810,6675,96,69.53125
1991,25,765900,6,6,260649,205940,1907,107.9916099
1991,25,765930,16,17,1544734,1381811,8519,162.2034276
1991,25,766000,12,12,563030,490713,3626,135.3317705
1991,25,766030,2,2,127603,112570,1126,99.97335702
1991,25,775930,1,1,182469,137195,600,228.6583333
1991,25,776000,3,3,52500,40558,460,88.16956522
1991,25,776030,5,5,202074,157121,1075,146.1590698
1991,25,776100,3,3,106815,80488,870,92.51494253
1991,25,785930,2,2,301884,214197,932,229.8251073
1991,25,786000,5,7,636905,523272,4115,127.1620899
1991,25,786030,6,6,584411,476212,3505,135.8664765
1991,25,786100,3,3,15056,12282,146,84.12328767
1991,26,735800,2,2,136900,118197,725,163.0303448
1991,26,735830,7,7,695175,610110,3841,158.8414475
1991,26,735900,5,5,211182,190698,1458,130.7942387
1991,26,736001,1,1,10211,8509,196,43.41326531
1991,26,745900,2,2,135559,138208,955,144.7204188
1991,26,745930,3,3,144621,137840,1280,107.6875
1991,26,746000,1,1,31474,27369,400,68.4225
1991,26,755900,7,10,597685,491397,4055,121.182984
1991,26,755930,11,21,1368101,1191555,11722,101.6511687
1991,26,756000,4,4,244277,213492,1228,173.8534202
1991,26,765830,1,1,7630,5780,113,51.15044248
1991,26,765900,3,3,63557,50015,346,144.5520231
1991,26,765930,15,16,693115,623305,4070,153.1461916
1991,26,766000,14,14,1076660,1026110,6502,157.8145186
1991,26,766030,1,1,25693,21060,500,42.12
1991,26,775800,1,1,237365,202877,1100,184.4336364
1991,26,775930,2,2,45168,35276,369,95.59891599
1991,26,776000,7,6,481175,394590,3130,126.0670927
1991,26,776030,2,2,118836,106600,816,130.6372549
1991,26,776100,5,5,298061,253388,2138,118.5163704
1991,26,785630,1,1,1500,1200,12,100
1991,26,785930,1,1,124367,92811,444,209.0337838
1991,26,786000,4,4,88696,68447,978,69.98670757
1991,26,786030,6,6,733592,566781,2869,197.553503
1991,26,786100,3,3,8079,5993,74,80.98648649
1991,26,796030,1,1,296252,237002,800,296.2525
1991,27,756000,1,1,19472,16226,160,101.4125
1992,1,665600,1,1,38821,24263,275,88.22909091
1992,3,655500,3,2,106422,61961,536,115.5988806
1992,3,665530,2,2,187854,117797,465,253.3268817
1992,3,665600,3,3,291539,197760,824,240
1992,3,675530,8,7,713687,449085,2026,221.6609082
1992,3,675600,6,6,884910,621250,2081,298.5343585
1992,3,685600,3,3,330003,195220,426,458.2629108
1992,3,685630,3,3,93673,63185,256,246.8164063
1992,3,695631,1,1,36130,22581,63,358.4285714
1992,3,705600,1,1,57975,40827,100,408.27
1992,3,705630,4,4,375443,322433,947,340.4783527
1992,3,705701,4,7,601770,386048,1131,341.3333333
1992,3,705730,1,1,36129,22580,62,364.1935484
1992,3,715600,1,1,107047,80481,177,454.6949153
1992,3,715630,2,2,104407,72387,143,506.2027972
1992,3,715700,4,7,746740,528266,1248,423.2900641
1992,4,635530,1,1,74860,53471,200,267.355
1992,4,655500,2,2,95309,69690,490,142.2244898
1992,4,655530,3,2,155818,93332,932,100.1416309
1992,4,655600,3,3,220901,136999,1216,112.6636513
1992,4,665530,6,7,454540,279215,1262,221.248019
1992,4,665600,10,12,1103164,697888,3941,177.0839888
1992,4,665630,3,3,507517,372800,1740,214.2528736
1992,4,675400,1,1,99290,64058,335,191.2179104
1992,4,675500,2,2,353734,245430,970,253.0206186
1992,4,675530,13,14,1737028,1134198,3986,284.5454089
1992,4,675600,22,28,4000853,2712209,9097,298.143234
1992,4,675630,10,9,865465,612340,2600,235.5153846
1992,4,685530,6,6,827483,609037,1770,344.0887006
1992,4,685600,14,16,2065509,1501863,6470,232.1272025
1992,4,685630,12,15,1961212,1382610,5779,239.2472746
1992,4,685730,1,1,137885,92540,395,234.278481
1992,4,695631,3,3,308827,207790,1355,153.3505535
1992,4,695700,1,1,48654,28789,195,147.6358974
1992,4,705600,2,2,81452,58350,226,258.1858407
1992,4,705630,8,8,851339,596036,6061,98.33954793
1992,4,705701,10,12,1365432,962335,4992,192.7754407
1992,4,705730,3,3,281759,219108,592,370.1148649
1992,4,715600,2,2,187179,137845,313,440.399361
1992,4,715630,24,27,3312323,2389031,7457,320.3742792
1992,4,715700,29,37,5189937,3848028,16102,238.9782636
1992,4,715730,1,1,162618,133293,350,380.8371429
1992,4,725600,1,1,79921,56282,370,152.1135135
1992,4,725630,1,1,134584,104328,200,521.64
1992,4,725700,4,4,458143,335850,951,353.1545741
1992,5,645600,1,1,12738,8665,130,66.65384615
1992,5,655500,1,1,7959,5414,55,98.43636364
1992,5,655530,2,1,138057,92320,934,98.84368308
1992,5,655600,1,1,51758,30859,265,116.4490566
1992,5,655730,1,1,140924,85930,260,330.5
1992,5,665530,5,6,519286,320983,1327,241.8862095
1992,5,665600,6,7,649823,403155,2513,160.4277756
1992,5,665630,2,3,399751,261347,2872,90.99825905
1992,5,675500,1,1,198970,142141,500,284.282
1992,5,675530,12,15,2081221,1400219,5245,266.9626311
1992,5,675600,22,27,4364675,2929630,12186,240.4094863
1992,5,675630,4,4,996615,687294,2110,325.7317536
1992,5,685530,6,7,967858,651233,3789,171.8746371
1992,5,685600,11,14,1721958,1210137,4404,274.7813351
1992,5,685630,12,19,2326389,1635389,6243,261.9556303
1992,5,695631,7,8,797961,565513,1890,299.2132275
1992,5,705630,9,9,953749,695997,2867,242.7614231
1992,5,705701,12,13,1350871,976649,3297,296.2235365
1992,5,705730,2,2,156503,108225,437,247.6544622
1992,5,715530,1,1,43767,28993,2006,14.45314058
1992,5,715600,2,2,50635,38847,112,346.8482143
1992,5,715630,19,21,2610465,1942112,6848,283.6028037
1992,5,715700,35,45,6740838,4918484,21630,227.3917707
1992,5,715730,2,2,193264,142035,680,208.875
1992,5,725630,7,7,1056653,819931,1828,448.5399344
1992,5,725700,11,12,1173220,900480,2471,364.4192635
1992,5,725730,1,1,162283,122017,174,701.2471264
1992,5,755900,1,1,309412,221009,250,884.036
1992,6,655530,3,3,370431,236301,3696,63.93425325
1992,6,655600,1,1,34832,20611,250,82.444
1992,6,665530,6,6,607403,403676,1551,260.2682141
1992,6,665600,9,11,918234,631049,2965,212.832715
1992,6,665630,3,3,349796,222770,849,262.3910483
1992,6,675530,13,13,1801548,1227049,5055,242.7396637
1992,6,675600,22,28,3518311,2405843,9818,245.0441027
1992,6,675630,10,11,1212759,861285,6874,125.2960431
1992,6,685530,7,7,1215783,920401,3006,306.1879574
1992,6,685600,14,20,2582907,1760800,6654,264.6227833
1992,6,685630,14,19,2659980,1883248,7238,260.1890025
1992,6,695600,1,1,101750,63199,225,280.8844444
1992,6,695631,7,5,676168,498645,1482,336.4676113
1992,6,705600,2,3,488805,350786,1212,289.4273927
1992,6,705630,3,3,403006,299228,1050,284.9790476
1992,6,705701,5,5,713684,488822,1910,255.9277487
1992,6,705730,1,1,11658,8096,43,188.2790698
1992,6,715530,1,1,25671,23300,110,211.8181818
1992,6,715600,4,4,314314,241972,828,292.236715
1992,6,715630,28,31,4091623,3079268,10759,286.2039223
1992,6,715700,33,35,5039270,3692244,13738,268.7613918
1992,6,715730,4,4,312689,230011,1451,158.5189524
1992,6,725630,7,7,532695,401250,1129,355.4030115
1992,6,725700,14,14,1656944,1255583,3565,352.197195
1992,6,725730,4,4,194656,149949,537,279.2346369
1992,7,655530,1,1,143425,83387,529,157.63138
1992,7,665500,1,1,102150,68100,272,250.3676471
1992,7,665530,7,9,1291619,816741,3927,207.9809015
1992,7,665600,11,11,1263312,802742,3836,209.2653806
1992,7,665630,2,2,289024,197964,787,251.5425667
1992,7,675400,1,1,107414,76724,450,170.4977778
1992,7,675530,8,9,1023510,700969,2830,247.6922261
1992,7,675600,27,35,4787132,3240587,14895,217.5620678
1992,7,675630,9,9,965578,667039,3549,187.9512539
1992,7,685500,1,1,131215,88064,300,293.5466667
1992,7,685530,3,4,513108,357807,1389,257.600432
1992,7,685600,16,16,2504904,1692019,7427,227.8199811
1992,7,685630,17,19,2155063,1523059,6699,227.3561726
1992,7,695631,6,6,423048,290052,1188,244.1515152
1992,7,695700,1,1,62324,42510,500,85.02
1992,7,705600,3,3,538969,384977,966,398.5269151
1992,7,705630,5,5,926010,656790,2445,268.6257669
1992,7,705701,12,14,1462619,1055226,3759,280.7198723
1992,7,705730,1,1,7902,6125,25,245
1992,7,715500,1,1,245860,175614,700,250.8771429
1992,7,715630,18,21,2394693,1736661,7649,227.0441888
1992,7,715700,27,34,4550636,3332867,13570,245.6055269
1992,7,715730,5,5,301995,220254,605,364.0561983
1992,7,725600,1,1,250,209,0,
1992,7,725630,13,11,2032674,1587237,4416,359.4286685
1992,7,725700,11,11,1141314,870792,2759,315.6187024
1992,7,725730,10,8,919437,723237,2365,305.8084567
1992,7,735700,1,1,158259,128665,500,257.33
1992,7,755300,1,1,183292,119799,800,149.74875
1992,8,655530,1,1,135346,82528,528,156.3030303
1992,8,655600,1,1,110178,62247,760,81.90394737
1992,8,665530,5,7,588990,353295,2582,136.8299768
1992,8,665600,10,9,1008344,662835,3790,174.8905013
1992,8,665630,3,4,586537,387084,1820,212.6835165
1992,8,675500,1,1,192831,122045,600,203.4083333
1992,8,675530,5,8,604179,402733,2930,137.4515358
1992,8,675600,20,32,3971386,2807730,15735,178.4385129
1992,8,675630,8,8,926489,647616,3905,165.8427657
1992,8,685500,2,2,419558,286864,1085,264.3907834
1992,8,685530,4,5,942767,636537,3430,185.5793003
1992,8,685600,17,20,2316790,1694325,8715,194.4148021
1992,8,685630,17,23,2688433,1905425,10015,190.2571143
1992,8,695600,1,1,185670,132621,347,382.1930836
1992,8,695631,7,6,624859,444305,2255,197.0310421
1992,8,695700,2,2,221769,164220,898,182.8730512
1992,8,705530,1,1,109364,74423,400,186.0575
1992,8,705600,2,2,174658,128159,600,213.5983333
1992,8,705630,5,5,576014,420401,1995,210.7273183
1992,8,705701,4,3,157036,112013,595,188.2571429
1992,8,705730,1,1,31174,20782,64,324.71875
1992,8,715630,17,17,1954082,1450531,5631,257.5974072
1992,8,715700,24,29,4213440,3080474,14323,215.0718425
1992,8,715730,11,11,1253201,918593,3596,255.4485539
1992,8,715800,1,1,58106,44697,110,406.3363636
1992,8,725630,15,14,1892147,1449606,5430,266.9624309
1992,8,725700,18,19,1775650,1370063,4709,290.945636
1992,8,725730,15,16,1739605,1355423,4394,308.4713245
1992,8,725800,1,1,9600,8000,35,228.5714286
1992,8,735700,2,2,99985,81738,194,421.3298969
1992,8,735730,4,4,170126,134812,402,335.3532338
1992,8,735800,2,2,58279,46496,119,390.7226891
1992,9,655530,2,2,288617,181750,1060,171.4622642
1992,9,655600,1,1,40993,26447,200,132.235
1992,9,665530,8,8,992032,630009,3579,176.0293378
1992,9,665600,7,10,933500,602844,3976,151.6207243
1992,9,665630,2,4,294510,201032,1483,135.5576534
1992,9,665830,1,1,93715,63752,360,177.0888889
1992,9,675400,1,1,52892,37780,200,188.9
1992,9,675500,3,3,376478,258640,1029,251.350826
1992,9,675530,6,6,670294,470940,2951,159.5865808
1992,9,675600,12,15,1565798,1084116,6554,165.4128776
1992,9,675630,9,10,1290668,888767,4712,188.6177844
1992,9,685500,1,1,289597,206855,810,255.3765432
1992,9,685530,5,6,927859,642209,3165,202.9096367
1992,9,685600,22,29,4193033,2999476,12408,241.7372663
1992,9,685630,16,18,2244061,1626598,7847,207.2891551
1992,9,685700,1,1,146979,101365,500,202.73
1992,9,695600,2,2,164125,117232,664,176.5542169
1992,9,695631,4,4,395929,281496,1305,215.7057471
1992,9,695700,2,2,50949,34587,133,260.0526316
1992,9,705600,3,3,335447,237044,1397,169.6807445
1992,9,705630,5,5,579082,425691,1336,318.630988
1992,9,705701,8,8,822190,607066,2458,246.9755899
1992,9,705730,1,1,142981,102129,460,222.0195652
1992,9,715500,1,1,230337,164526,500,329.052
1992,9,715600,1,1,338471,238359,820,290.6817073
1992,9,715630,13,16,2353564,1765521,5658,312.0397667
1992,9,715700,19,26,2752737,2012926,9983,201.6353801
1992,9,715730,14,15,1527430,1159771,5639,205.6696223
1992,9,715800,2,2,63638,50703,192,264.078125
1992,9,725600,1,1,22343,18619,105,177.3238095
1992,9,725630,11,10,1845162,1408286,6254,225.1816437
1992,9,725700,10,11,963780,758935,2833,267.8909283
1992,9,725730,12,12,859882,696359,2087,333.6650695
1992,9,725800,3,3,164683,121937,574,212.4337979
1992,9,735700,2,2,67616,46549,405,114.9358025
1992,9,735730,8,8,1198574,950315,2406,394.9771405
1992,9,735800,2,2,78694,62487,176,355.0397727
1992,9,745900,1,1,112222,80158,420,190.852381
1992,10,655530,1,1,156400,111714,755,147.9655629
1992,10,655600,1,1,116302,67227,390,172.3769231
1992,10,665500,1,1,38374,27024,250,108.096
1992,10,665530,8,8,913046,563228,3927,143.4244971
1992,10,665600,6,6,602356,395079,2406,164.2057357
1992,10,665630,1,2,70585,49167,310,158.6032258
1992,10,675500,4,3,340534,227535,1467,155.1022495
1992,10,675530,10,13,1208692,808721,5171,156.3954748
1992,10,675600,15,15,1522341,1048223,7896,132.7536727
1992,10,675630,4,3,384729,258856,1670,155.0035928
1992,10,685530,5,7,641211,437814,2357,185.7505303
1992,10,685600,25,33,4463724,3181862,15232,208.8932511
1992,10,685630,14,18,2448920,1766081,9736,181.3969803
1992,10,685700,2,2,150301,104375,665,156.9548872
1992,10,695600,3,3,401265,287788,1390,207.0417266
1992,10,695631,6,7,469985,327163,1873,174.6732515
1992,10,695700,1,1,125250,96346,380,253.5421053
1992,10,705600,3,3,341205,250906,1120,224.0232143
1992,10,705630,3,2,236314,168823,1900,88.85421053
1992,10,705701,9,9,904506,674328,4214,160.0208828
1992,10,705730,1,1,93086,68953,316,218.2056962
1992,10,715530,1,1,149707,109075,500,218.15
1992,10,715600,1,1,44799,34461,175,196.92
1992,10,715630,11,16,2127798,1571931,6717,234.022778
1992,10,715700,18,23,2228732,1643904,8133,202.1276282
1992,10,715730,8,8,633740,496909,2033,244.4215445
1992,10,715800,3,3,87982,72918,258,282.627907
1992,10,715830,1,1,17063,13435,34,395.1470588
1992,10,725630,7,7,1055199,781432,3420,228.4888889
1992,10,725700,7,9,850880,653365,3121,209.3447613
1992,10,725730,10,10,1029316,795864,2591,307.1648012
1992,10,725800,3,3,124694,96497,246,392.2642276
1992,10,725830,1,1,45440,35223,227,155.1674009
1992,10,735700,5,5,386635,286150,1343,213.0677587
1992,10,735730,13,11,1668173,1302016,4406,295.5097594
1992,10,735800,4,4,268099,216520,789,274.4233207
1992,10,745730,1,1,2687,2116,56,37.78571429
1992,10,745800,1,1,15523,11941,22,542.7727273
1992,10,745830,1,1,18575,14980,66,226.969697
1992,10,745900,1,1,1326,975,13,75
1992,10,755830,1,1,12186,9520,60,158.6666667
1992,10,765700,1,1,156600,118636,325,365.0338462
1992,11,655500,1,1,38330,26000,225,115.5555556
1992,11,655600,1,1,97250,68486,280,244.5928571
1992,11,665500,2,2,80472,51466,380,135.4368421
1992,11,665530,7,11,971445,615967,5356,115.0050411
1992,11,665600,1,1,108264,80310,620,129.5322581
1992,11,665630,1,1,31550,23370,261,89.54022989
1992,11,675500,4,3,308209,210119,1470,142.9380952
1992,11,675530,10,15,1461760,947275,6948,136.337795
1992,11,675600,7,6,722942,539047,3050,176.7367213
1992,11,675630,2,2,91867,72970,530,137.6792453
1992,11,685500,1,1,50206,35109,203,172.9507389
1992,11,685530,10,12,1544187,1045675,6734,155.2828928
1992,11,685600,20,24,2744088,2003847,12322,162.6235189
1992,11,685630,13,14,917336,681845,4002,170.376062
1992,11,685700,1,1,43820,31753,250,127.012
1992,11,685730,1,1,46936,33526,200,167.63
1992,11,695600,2,2,120835,81471,852,95.62323944
1992,11,695631,4,4,228767,162949,1222,133.3461538
1992,11,695700,1,1,82950,54216,300,180.72
1992,11,695800,1,1,158680,114985,720,159.7013889
1992,11,705600,5,5,210979,160790,1401,114.7680228
1992,11,705630,2,2,97195,69426,400,173.565
1992,11,705701,5,5,155177,116503,1027,113.4401168
1992,11,705730,2,2,30140,25117,112,224.2589286
1992,11,715600,4,5,232534,156849,1125,139.4213333
1992,11,715630,22,27,2482959,1954483,10600,184.3851887
1992,11,715700,10,12,931250,708823,3645,194.4644719
1992,11,715730,4,4,117129,93044,424,219.4433962
1992,11,715800,2,2,132850,105418,470,224.293617
1992,11,725600,1,1,66838,51812,411,126.0632603
1992,11,725630,10,13,1098128,860687,4470,192.5474273
1992,11,725700,12,15,659870,524863,3291,159.4843513
1992,11,725730,13,13,1005705,751930,4382,171.595162
1992,11,725800,1,1,9737,7728,61,126.6885246
1992,11,735700,7,7,424477,330415,1830,180.5546448
1992,11,735730,9,9,788307,615534,3049,201.8806166
1992,11,735800,10,10,878510,697172,2703,257.9252682
1992,11,735830,2,2,25202,19388,223,86.94170404
1992,11,735900,1,1,43320,34036,189,180.0846561
1992,11,745800,2,2,22429,17257,130,132.7461538
1992,11,745830,2,2,34023,26662,166,160.6144578
1992,11,745900,2,2,91766,72252,456,158.4473684
1992,11,755830,1,1,11725,9232,26,355.0769231
1992,12,655530,1,1,86934,61655,600,102.7583333
1992,12,665530,6,6,498212,319460,3004,106.3448735
1992,12,665600,6,6,558685,350241,2504,139.8726038
1992,12,665630,1,1,244900,144059,750,192.0786667
1992,12,675500,5,5,145331,93381,993,94.03927492
1992,12,675530,13,16,1384300,973015,8940,108.8383669
1992,12,675600,12,11,1281902,840879,5856,143.5927254
1992,12,675630,3,4,272188,221837,1126,197.0133215
1992,12,685530,8,8,658672,470885,3914,120.3078692
1992,12,685600,15,18,1315750,903363,6314,143.0730124
1992,12,685630,16,18,1150527,819798,7963,102.9508979
1992,12,685800,1,1,83217,59441,580,102.4844828
1992,12,695600,1,1,12115,8778,79,111.1139241
1992,12,705600,5,5,202708,148996,1297,114.8774094
1992,12,705630,4,4,269990,210651,1442,146.0825243
1992,12,715430,1,1,88187,79448,600,132.4133333
1992,12,715600,4,4,87976,69632,383,181.8067885
1992,12,715630,24,36,2493059,1930777,14632,131.9557818
1992,12,715700,6,5,308302,227427,1546,147.106727
1992,12,715730,3,3,31272,21193,569,37.24604569
1992,12,725630,21,21,1833784,1444965,8137,177.5795748
1992,12,725700,18,21,1190404,933822,5067,184.294849
1992,12,725730,4,5,297146,240164,807,297.6009913
1992,12,725800,1,1,29520,24197,146,165.7328767
1992,12,735630,3,3,309070,278517,1165,239.0703863
1992,12,735700,8,9,530492,400252,1943,205.996912
1992,12,735730,9,8,762160,581777,3605,161.3805825
1992,12,735800,3,3,203508,156115,757,206.2285337
1992,12,735830,2,2,52671,42741,192,222.609375
1992,12,745800,1,1,8379,6925,64,108.203125
1992,12,755830,1,1,14174,10738,60,178.9666667
1992,12,765830,1,1,26622,20357,165,123.3757576
1992,13,655430,1,1,32051,21367,67,318.9104478
1992,13,655530,3,3,199050,123422,1311,94.14340198
1992,13,665500,4,4,244483,151934,868,175.0391705
1992,13,665530,7,8,684726,458981,4259,107.7673163
1992,13,665600,11,14,1568966,991592,6435,154.0935509
1992,13,665630,3,3,47207,33041,276,119.7137681
1992,13,675500,3,3,185218,126699,1470,86.18979592
1992,13,675530,12,15,1268099,853072,9275,91.97541779
1992,13,675600,15,18,1563076,1052895,8661,121.567371
1992,13,675630,11,12,670578,449447,2762,162.7251991
1992,13,675700,1,1,48493,30886,250,123.544
1992,13,685500,2,2,48281,32413,290,111.7689655
1992,13,685530,4,5,387513,265713,2139,124.2230014
1992,13,685600,12,15,1393425,980648,7833,125.1944338
1992,13,685630,6,8,789163,572245,2950,193.9813559
1992,13,695530,1,1,31845,24686,500,49.372
1992,13,695600,3,3,222017,156209,1302,119.9761905
1992,13,695631,3,3,302864,207532,1698,122.221437
1992,13,705600,9,10,552034,405227,4156,97.50409047
1992,13,705630,7,7,348858,268453,2245,119.5781737
1992,13,715600,6,6,184425,152946,1004,152.3366534
1992,13,715630,20,25,1595351,1224950,8931,137.1570933
1992,13,715700,5,5,115904,89397,913,97.91566265
1992,13,725600,1,1,7544,5759,42,137.1190476
1992,13,725630,23,25,1355716,1029911,9019,114.1934804
1992,13,725700,16,16,560579,450795,3102,145.3239845
1992,13,725730,2,2,96695,74126,450,164.7244444
1992,13,735600,1,1,114190,74634,200,373.17
1992,13,735630,1,1,886,682,29,23.51724138
1992,13,735700,13,13,505987,376569,3063,122.9412341
1992,13,735730,7,7,231796,163131,1049,155.5109628
1992,13,735800,1,1,2232,1845,35,52.71428571
1992,13,745630,1,1,13436,8558,90,95.08888889
1992,13,745800,2,2,22918,19031,139,136.9136691
1992,13,765830,1,1,18743,17517,165,106.1636364
1992,13,775900,1,1,1211,1035,90,11.5
1992,14,605700,1,1,1656,1183,350,3.38
1992,14,615630,1,1,1655,1182,350,3.377142857
1992,14,635600,1,1,12827,9943,240,41.42916667
1992,14,645530,1,1,6756,5075,60,84.58333333
1992,14,655500,3,3,97096,66585,498,133.7048193
1992,14,655530,7,6,464010,331625,2983,111.1716393
1992,14,655600,6,6,197739,127377,997,127.7602808
1992,14,655630,2,2,92287,63378,485,130.6762887
1992,14,665500,7,7,377687,253140,3024,83.71031746
1992,14,665530,11,12,604109,400243,3489,114.7156778
1992,14,665600,22,23,1839823,1158217,9870,117.3472138
1992,14,665630,1,1,28691,20494,200,102.47
1992,14,675530,10,11,423191,300089,3364,89.20600476
1992,14,675600,22,30,2330774,1573848,11978,131.3948906
1992,14,675630,14,15,1267081,896195,5548,161.5347873
1992,14,685530,7,8,337920,241868,2075,116.5628916
1992,14,685600,15,17,1403507,988553,8371,118.0925815
1992,14,685630,15,18,1678790,1212868,6659,182.1396606
1992,14,685700,1,2,82869,60049,309,194.3333333
1992,14,695530,2,1,172635,101550,650,156.2307692
1992,14,695600,2,2,127210,91529,760,120.4328947
1992,14,695631,6,5,170140,121629,1109,109.6744815
1992,14,695700,1,1,9217,6537,125,52.296
1992,14,695730,3,1,17148,13047,192,67.953125
1992,14,705600,9,12,562531,409003,4464,91.62253584
1992,14,705630,8,9,596428,448979,3521,127.5146265
1992,14,715600,6,6,274588,202891,1755,115.6074074
1992,14,715630,19,21,2157782,1691484,13071,129.4073904
1992,14,715700,7,9,769115,626571,3878,161.570655
1992,14,715730,1,1,38739,30991,237,130.7637131
1992,14,725600,1,1,93690,58556,500,117.112
1992,14,725630,15,16,620327,490935,3615,135.8049793
1992,14,725700,10,13,929343,744773,4241,175.6125914
1992,14,725730,3,3,98873,77672,938,82.80597015
1992,14,735600,1,1,302,210,22,9.545454545
1992,14,735630,4,4,59133,42088,830,50.70843373
1992,14,735700,1,1,4435,3080,92,33.47826087
1992,14,735730,3,3,229126,170262,709,240.1438646
1992,14,735800,1,1,14390,11512,95,121.1789474
1992,15,645501,1,1,138235,98739,896,110.1997768
1992,15,655430,1,1,341,260,60,4.333333333
1992,15,655500,3,4,254390,166088,1922,86.41415193
1992,15,655530,6,6,332052,233825,2410,97.02282158
1992,15,655600,4,3,282367,186487,1111,167.8550855
1992,15,655630,1,1,63584,39439,468,84.27136752
1992,15,665430,1,1,3128,2188,147,14.88435374
1992,15,665500,5,5,16133,11246,563,19.97513321
1992,15,665530,9,9,229327,154855,2754,56.22912128
1992,15,665600,11,13,756977,463442,4688,98.85708191
1992,15,665630,2,2,72123,47764,495,96.49292929
1992,15,675500,2,2,10934,7483,220,34.01363636
1992,15,675530,5,5,279101,199741,3032,65.87763852
1992,15,675600,20,21,488375,340374,5415,62.85761773
1992,15,675630,8,10,446839,308757,2965,104.1338954
1992,15,675730,1,1,153964,101292,320,316.5375
1992,15,685530,4,4,54873,42157,1259,33.48451152
1992,15,685600,7,10,737121,538334,4073,132.1713725
1992,15,685630,9,11,533156,395152,3156,125.2065906
1992,15,685700,2,3,139818,104087,670,155.3537313
1992,15,695600,2,2,327980,238466,1600,149.04125
1992,15,695631,4,4,250407,175214,1563,112.1010877
1992,15,705600,7,7,395470,301328,2991,100.7449014
1992,15,705630,9,10,633177,482336,3910,123.3595908
1992,15,705701,4,4,223998,159934,1923,83.16900676
1992,15,715600,4,4,171605,132074,1175,112.4034043
1992,15,715630,19,20,1706353,1331410,9727,136.8777629
1992,15,715700,21,29,2419030,1892359,12126,156.0579746
1992,15,715730,2,2,147610,117671,539,218.3135436
1992,15,725630,7,8,647057,510851,5087,100.4228425
1992,15,725700,8,12,937417,754009,5300,142.2658491
1992,15,725730,1,1,9245,6748,31,217.6774194
1992,15,735700,1,1,107910,86328,400,215.82
1992,15,735730,2,2,59382,41738,334,124.9640719
1992,15,765900,1,1,625,521,95,5.484210526
1992,16,635600,1,1,81858,48436,500,96.872
1992,16,645501,2,2,212531,139109,1109,125.4364292
1992,16,645530,2,2,30733,23599,615,38.37235772
1992,16,655500,1,1,31936,24566,470,52.26808511
1992,16,655530,7,8,273170,193622,2657,72.8724125
1992,16,655600,5,5,214389,150960,1717,87.92079208
1992,16,665500,2,2,4231,3446,355,9.707042254
1992,16,665530,5,6,99640,68935,1249,55.19215372
1992,16,665600,10,12,382873,277416,3295,84.19301973
1992,16,665700,1,1,11049,7892,80,98.65
1992,16,675530,4,6,151400,115391,1968,58.63363821
1992,16,675600,9,12,417906,304055,3878,78.40510572
1992,16,675630,2,2,78659,58802,420,140.0047619
1992,16,675700,1,1,7541,5386,67,80.3880597
1992,16,675730,1,1,67868,48477,604,80.25993377
1992,16,685530,1,1,1542,1101,100,11.01
1992,16,685600,8,8,121815,87396,1370,63.79270073
1992,16,685630,11,13,576421,429857,3008,142.9045878
1992,16,685700,1,1,10557,7541,165,45.7030303
1992,16,695500,1,1,125577,87207,600,145.345
1992,16,695600,1,1,126697,87378,915,95.49508197
1992,16,695631,2,2,83081,59307,728,81.46565934
1992,16,705600,4,4,181332,135205,1812,74.61644592
1992,16,705630,6,7,494590,383029,4261,89.89180943
1992,16,705701,3,3,375058,327321,1881,174.0143541
1992,16,705730,1,1,51980,41584,560,74.25714286
1992,16,715630,9,12,580747,440880,3028,145.6010568
1992,16,715700,21,32,2439065,1876982,14043,133.6596169
1992,16,715730,2,2,118560,96521,443,217.8803612
1992,16,725630,10,10,533211,406496,2657,152.9905909
1992,16,725700,24,33,2369652,1849611,12237,151.1490561
1992,16,725730,16,18,1480409,1138413,6799,167.4382997
1992,16,725800,1,1,142295,101639,1000,101.639
1992,16,735700,11,11,802294,661174,5652,116.9805379
1992,16,735730,8,8,388510,285062,1892,150.667019
1992,16,735800,4,4,345397,245337,1482,165.5445344
1992,16,775930,1,1,33300,27750,338,82.10059172
1992,16,776000,1,1,40962,34135,281,121.4768683
1992,17,645501,4,5,609156,425866,3854,110.4997405
1992,17,645530,1,1,24376,19501,300,65.00333333
1992,17,655500,6,5,404284,251514,2923,86.04652754
1992,17,655530,10,11,431052,282326,3835,73.61825293
1992,17,655600,6,6,76832,51520,859,59.97671711
1992,17,655630,1,1,12856,8348,101,82.65346535
1992,17,665500,2,2,81832,63892,685,93.2729927
1992,17,665530,7,7,272433,194566,2663,73.06271123
1992,17,665600,11,13,557127,393327,4182,94.05236729
1992,17,665630,1,1,73576,51814,350,148.04
1992,17,675530,5,6,120777,96157,2086,46.09635666
1992,17,675600,8,10,339889,239080,2896,82.55524862
1992,17,675630,3,3,135710,95627,900,106.2522222
1992,17,675730,1,1,2621,1872,30,62.4
1992,17,685530,2,2,49322,36833,575,64.0573913
1992,17,685600,8,10,347821,265159,2779,95.41525729
1992,17,685630,13,14,469225,341432,2997,113.9245913
1992,17,695530,1,1,675,482,40,12.05
1992,17,695600,1,1,42670,29839,700,42.62714286
1992,17,695631,3,3,81232,57798,950,60.84
1992,17,705600,4,3,94050,69335,873,79.42153494
1992,17,705630,12,12,343846,266742,4739,56.28655835
1992,17,705701,1,1,4066,3253,60,54.21666667
1992,17,715600,7,7,234933,191179,2676,71.44207773
1992,17,715630,26,34,1202348,983208,11636,84.49707803
1992,17,715700,17,28,805837,605334,9376,64.56207338
1992,17,715730,3,3,21854,17418,445,39.14157303
1992,17,725300,1,1,23822,17016,400,42.54
1992,17,725500,1,2,101339,81071,640,126.6734375
1992,17,725600,2,2,11745,9266,275,33.69454545
1992,17,725630,26,27,1056153,852502,11015,77.39464367
1992,17,725700,34,43,1495594,1179732,14600,80.80356164
1992,17,725730,12,13,624316,480747,3651,131.6754314
1992,17,735600,2,2,16739,12903,237,54.44303797
1992,17,735630,1,1,7420,5300,130,40.76923077
1992,17,735700,14,15,584778,447252,5596,79.9235168
1992,17,735730,5,5,81671,62619,668,93.74101796
1992,17,735800,1,1,28200,23500,50,470
1992,17,755830,1,1,25116,19173,100,191.73
1992,17,775930,1,1,2772,2310,58,39.82758621
1992,17,785930,1,1,1070,843,120,7.025
1992,18,685630,1,1,7377,5675,150,37.83333333
1992,18,715600,1,1,10788,10177,169,60.21893491
1992,18,715630,1,1,1756,1657,30,55.23333333
1992,18,715700,1,1,46571,35823,800,44.77875
1992,18,725600,2,2,6856,6539,159,41.12578616
1992,18,725630,2,2,10986,9804,482,20.34024896
1992,18,725700,1,1,6372,6426,204,31.5
1992,18,725730,1,1,53495,42800,500,85.6
1993,3,685630,1,1,91301,67630,172,393.1976744
1993,3,695631,1,1,176672,127102,280,453.9357143
1993,3,715630,2,2,48539,32690,622,52.5562701
1993,4,655600,1,1,1456,958,89,10.76404494
1993,4,665500,2,2,151905,94860,643,147.5272162
1993,4,665600,3,3,87747,59431,574,103.5383275
1993,4,675530,8,8,737373,522224,2375,219.8837895
1993,4,675600,16,27,2609220,1757079,9846,178.4561243
1993,4,675630,7,7,911665,635381,3595,176.7401947
1993,4,675700,1,1,188208,126314,450,280.6977778
1993,4,685600,15,21,2380240,1647256,8296,198.56027
1993,4,685630,13,18,1464425,1038855,5999,173.1713619
1993,4,685730,1,1,39006,29550,170,173.8235294
1993,4,705600,6,5,202217,142436,1623,87.76093654
1993,4,705630,6,6,496292,358123,1012,353.8764822
1993,4,705701,2,2,89144,65751,410,160.3682927
1993,4,705730,1,2,253008,186964,925,202.1232432
1993,4,715600,4,4,548122,381336,1101,346.3542234
1993,4,715630,18,23,2759331,1959765,7328,267.4351801
1993,4,715700,24,28,2465563,1761717,9977,176.577829
1993,4,715730,5,5,332183,245827,759,323.8827404
1993,4,715800,1,1,42046,35633,259,137.5791506
1993,4,725630,13,13,1560702,1171227,3246,360.8216266
1993,4,725700,17,17,1547303,1124645,4340,259.1347926
1993,4,725730,10,10,1243941,888675,2690,330.3624535
1993,4,735700,3,3,153411,107567,755,142.4728477
1993,4,735730,7,7,567779,429968,1592,270.080402
1993,4,735800,1,1,295177,213896,550,388.9018182
1993,5,645630,1,1,61546,41585,167,249.011976
1993,5,655500,1,1,119262,71414,547,130.5557587
1993,5,655530,1,1,153353,102235,580,176.2672414
1993,5,655630,1,1,19216,13726,213,64.44131455
1993,5,665500,1,1,80089,58035,177,327.8813559
1993,5,665530,2,2,105229,67952,995,68.29346734
1993,5,665600,2,2,86494,53885,630,85.53174603
1993,5,675500,1,1,2751,1965,100,19.65
1993,5,675530,3,3,452688,314251,1920,163.6723958
1993,5,675600,16,23,2288526,1573641,10346,152.1013918
1993,5,675630,5,5,362794,256284,2304,111.234375
1993,5,685530,3,3,200382,145593,1088,133.8170956
1993,5,685600,19,29,3567916,2482543,15220,163.1105782
1993,5,685630,17,21,1438223,1020410,8222,124.1072732
1993,5,695631,7,6,184074,135315,916,147.7237991
1993,5,705600,2,2,91048,66961,910,73.58351648
1993,5,705630,2,2,430794,314530,1234,254.8865478
1993,5,705701,3,3,42834,36071,319,113.0752351
1993,5,705730,1,1,210160,149050,800,186.3125
1993,5,715600,6,7,563084,412380,1596,258.3834586
1993,5,715630,23,35,4466050,3307066,13767,240.2168955
1993,5,715700,26,26,2179020,1647055,9733,169.2237748
1993,5,715730,5,6,258516,195476,940,207.9531915
1993,5,715800,2,3,284800,227400,1010,225.1485149
1993,5,715830,1,1,261,201,180,1.116666667
1993,5,725600,2,2,127487,89205,573,155.6806283
1993,5,725630,20,26,3640634,2656769,8818,301.2892946
1993,5,725700,23,24,2781334,2065064,8304,248.6830443
1993,5,725730,15,16,2573861,1953009,6040,323.3458609
1993,5,725800,1,1,107348,82575,188,439.2287234
1993,5,725830,1,1,46753,35963,170,211.5470588
1993,5,735700,4,4,747292,527415,1898,277.8793467
1993,5,735730,7,8,1284661,944699,2440,387.1717213
1993,5,735800,2,2,251753,185172,465,398.2193548
1993,5,735830,2,2,172737,133845,377,355.0265252
1993,6,665500,3,3,177225,118540,1184,100.1182432
1993,6,665530,3,4,230052,149863,1647,90.9914997
1993,6,665600,3,3,244185,155973,1376,113.3524709
1993,6,675530,2,3,67898,47137,441,106.8866213
1993,6,675600,11,18,1463669,1016501,8213,123.7673201
1993,6,675630,4,4,249488,180503,1671,108.0209455
1993,6,675700,1,1,99714,65601,425,154.3552941
1993,6,685500,1,1,954,572,10,57.2
1993,6,685530,3,3,292652,200443,1140,175.827193
1993,6,685600,22,38,4187148,3021927,19796,152.6534148
1993,6,685630,19,25,2274190,1699348,10135,167.6712383
1993,6,695600,2,1,43778,34961,400,87.4025
1993,6,695631,1,1,7746,5868,45,130.4
1993,6,705600,2,2,145006,99349,930,106.8268817
1993,6,705630,3,2,300852,227513,2238,101.6590706
1993,6,705701,3,3,95185,71494,435,164.354023
1993,6,705730,1,1,13239,9880,44,224.5454545
1993,6,715600,5,7,754269,540917,2417,223.7968556
1993,6,715630,21,27,3512453,2574652,13772,186.9483009
1993,6,715700,16,18,1319529,1000043,6148,162.6615159
1993,6,715730,4,3,85337,67301,398,169.0979899
1993,6,725530,2,2,496936,369881,2116,174.8019849
1993,6,725600,2,2,411961,308239,912,337.9813596
1993,6,725630,19,23,3217447,2350188,11728,200.3912005
1993,6,725700,21,25,2386265,1780206,7452,238.889694
1993,6,725730,21,21,2831454,2105802,8186,257.2443196
1993,6,725800,2,2,335078,271306,1160,233.8844828
1993,6,735630,2,2,113553,91765,377,243.4084881
1993,6,735700,6,6,741239,547769,3098,176.8137508
1993,6,735730,14,14,2542995,1912573,5436,351.834621
1993,6,735800,7,4,805276,580518,1943,298.7740607
1993,6,735830,1,1,48339,35544,68,522.7058824
1993,6,745800,1,1,832,650,8,81.25
1993,6,755630,2,2,241492,163638,924,177.0974026
1993,7,665500,1,1,66947,49590,277,179.0252708
1993,7,665530,1,1,101095,67397,700,96.28142857
1993,7,665600,2,2,202127,126513,878,144.0922551
1993,7,665630,1,1,54409,30227,480,62.97291667
1993,7,675500,1,1,114203,84595,400,211.4875
1993,7,675530,8,8,538768,388941,3127,124.3815158
1993,7,675600,7,7,556646,389530,3183,122.3782595
1993,7,675630,5,5,493493,368601,2044,180.3331703
1993,7,675800,1,1,114718,84975,650,130.7307692
1993,7,685530,1,1,2640,1956,15,130.4
1993,7,685600,21,34,3442708,2510784,17127,146.5980032
1993,7,685630,10,14,1145751,838238,5624,149.0465861
1993,7,695500,1,1,44310,32822,375,87.52533333
1993,7,695530,1,1,44310,32822,375,87.52533333
1993,7,695600,4,4,381012,276629,2059,134.3511413
1993,7,705600,4,4,585907,434217,2118,205.0127479
1993,7,705630,3,3,313187,238320,1575,151.3142857
1993,7,715600,8,11,1346087,980605,5445,180.0927456
1993,7,715630,21,28,2853696,2142986,12257,174.8377254
1993,7,715700,4,4,92747,68737,669,102.7458894
1993,7,715730,2,2,148578,116769,620,188.3370968
1993,7,715800,1,1,18768,13800,55,250.9090909
1993,7,725630,21,26,2416388,1788080,10457,170.9935928
1993,7,725700,26,29,4065673,3007348,13058,230.3069383
1993,7,725730,13,15,1493608,1106222,4585,241.2697928
1993,7,735600,1,1,14815,10566,70,150.9428571
1993,7,735630,8,7,462079,334725,1270,263.5629921
1993,7,735700,15,15,1483752,1119400,3955,283.034134
1993,7,735730,21,22,3456614,2589795,7759,333.7794819
1993,7,735800,11,10,1053104,756417,3436,220.1446449
1993,7,735830,1,1,8467,6464,35,184.6857143
1993,7,745800,2,2,44359,32400,106,305.6603774
1993,7,745830,2,2,155962,112422,554,202.9277978
1993,8,655530,1,1,126402,84268,620,135.916129
1993,8,665530,1,1,55258,44206,316,139.8924051
1993,8,665600,2,2,203546,124973,1378,90.691582
1993,8,675530,3,3,143569,102517,1251,81.94804157
1993,8,675600,9,12,1293687,873202,6375,136.9728627
1993,8,675630,3,3,165234,115186,715,161.0993007
1993,8,685530,2,2,96951,61163,1100,55.60272727
1993,8,685600,20,25,2198119,1619450,11265,143.7594319
1993,8,685630,18,24,2044562,1536171,11538,133.1401456
1993,8,695600,2,2,68892,48511,555,87.40720721
1993,8,695631,1,1,53879,37678,250,150.712
1993,8,705600,4,4,245841,171665,2913,58.93065568
1993,8,705630,4,4,585422,459714,4215,109.0661922
1993,8,705701,1,1,34971,25526,100,255.26
1993,8,715600,8,10,703880,493522,3136,157.3730867
1993,8,715630,20,31,2398582,1779189,12034,147.8468506
1993,8,715700,9,9,859641,650281,3969,163.8400101
1993,8,715730,1,1,35515,29844,140,213.1714286
1993,8,725600,4,4,513293,387927,2321,167.1378716
1993,8,725630,12,16,2024345,1506204,7806,192.9546503
1993,8,725700,21,21,2223173,1626207,9017,180.3490074
1993,8,725730,17,21,2389816,1816353,8588,211.498952
1993,8,725800,6,7,853101,618015,2404,257.077787
1993,8,735630,5,5,425875,304978,1656,184.1654589
1993,8,735700,20,19,2970286,2108129,7698,273.854118
1993,8,735730,31,31,4083278,3023446,11304,267.4669144
1993,8,735800,19,20,1878118,1415862,5953,237.8400806
1993,8,735830,3,3,123880,85588,312,274.3205128
1993,8,735900,1,1,178362,122166,300,407.22
1993,8,745730,1,1,98560,73552,240,306.4666667
1993,8,745800,6,6,636195,482861,1592,303.3046482
1993,8,745830,6,7,711218,537509,1510,355.9662252
1993,8,755830,1,1,122910,97548,320,304.8375
1993,8,775900,1,2,325850,250654,410,611.3512195
1993,9,635530,1,1,26976,20592,1000,20.592
1993,9,665530,1,1,105847,78405,615,127.4878049
1993,9,665600,3,3,256729,164994,1409,117.100071
1993,9,675500,1,1,51513,36023,200,180.115
1993,9,675530,3,3,191791,137839,1200,114.8658333
1993,9,675600,10,9,789952,554532,4080,135.9147059
1993,9,675630,9,8,868048,631179,4199,150.3165039
1993,9,675800,1,1,125490,90935,700,129.9071429
1993,9,685600,11,17,1347230,989210,7876,125.5980193
1993,9,685630,13,22,1584640,1184064,10625,111.4413176
1993,9,685700,2,2,80483,61414,520,118.1038462
1993,9,695600,1,1,40967,30122,225,133.8755556
1993,9,695631,1,1,40967,30122,225,133.8755556
1993,9,705600,2,2,458589,351262,1550,226.6206452
1993,9,715600,4,5,127389,94869,579,163.8497409
1993,9,715630,10,12,1006263,778891,4890,159.2824131
1993,9,715700,3,3,220855,161527,733,220.3642565
1993,9,715730,1,1,4843,3725,37,100.6756757
1993,9,725630,6,8,1218184,887794,5289,167.8566837
1993,9,725700,16,21,2125590,1631060,9251,176.3117501
1993,9,725730,15,20,1677703,1268472,6963,182.1732012
1993,9,725800,11,14,1438456,1068100,4659,229.255205
1993,9,725830,1,1,121438,96906,194,499.5154639
1993,9,735630,2,2,142566,108898,411,264.9586375
1993,9,735700,17,20,1889525,1416899,7048,201.0356129
1993,9,735730,21,25,1974231,1432639,6134,233.557059
1993,9,735800,19,26,3027813,2293238,9207,249.075486
1993,9,735830,11,12,1360622,1014845,5312,191.047628
1993,9,735900,1,1,171442,119057,300,396.8566667
1993,9,745800,10,11,1316004,965951,2833,340.9639958
1993,9,745830,18,21,2754345,2085374,8733,238.7923967
1993,9,745900,1,1,10717,8300,21,395.2380952
1993,9,745930,1,1,24592,17078,47,363.3617021
1993,9,755830,10,11,887230,614803,2040,301.3740196
1993,9,755900,6,6,201684,145765,901,161.7813541
1993,9,765830,1,1,1233,822,5,164.4
1993,9,765900,1,1,1201,801,15,53.4
1993,9,776000,1,1,399621,314661,1200,262.2175
1993,10,655630,1,1,119,96,12,8
1993,10,665600,2,3,124329,80477,892,90.22085202
1993,10,665630,1,1,46768,31815,427,74.50819672
1993,10,675530,1,1,105281,77986,550,141.7927273
1993,10,675600,7,6,595314,408891,3137,130.3445967
1993,10,675630,5,7,827869,587561,3797,154.7434817
1993,10,675730,1,1,60986,46554,500,93.108
1993,10,685600,11,11,509068,374656,3687,101.6154055
1993,10,685630,16,16,1337024,981589,8879,110.5517513
1993,10,685700,2,2,146617,104048,875,118.912
1993,10,695631,1,1,41111,27591,250,110.364
1993,10,705600,2,3,188326,135493,1173,115.5098039
1993,10,715600,2,2,182826,132589,707,187.5374823
1993,10,715630,9,9,889646,699746,3953,177.0164432
1993,10,715700,7,7,416197,337016,1999,168.5922961
1993,10,715730,1,1,61198,45332,560,80.95
1993,10,715830,1,1,500,397,0,
1993,10,725600,1,1,41689,29778,742,40.13207547
1993,10,725630,7,8,837316,618917,4416,140.1533062
1993,10,725700,14,15,959335,747172,5331,140.1560683
1993,10,725730,12,15,1628941,1228475,7586,161.9397574
1993,10,725800,7,8,550195,422825,2771,152.5893179
1993,10,725830,1,1,112696,85376,330,258.7151515
1993,10,735600,1,1,41440,30471,200,152.355
1993,10,735630,5,5,108965,80592,621,129.7777778
1993,10,735700,9,11,494615,364975,2904,125.6800964
1993,10,735730,19,22,1565862,1150080,6837,168.214129
1993,10,735800,25,35,2749529,2055417,11452,179.4810513
1993,10,735830,11,11,739888,546428,3403,160.5724361
1993,10,735900,1,1,17505,13569,50,271.38
1993,10,745800,11,12,1107930,817440,3364,242.9964328
1993,10,745830,21,22,1561964,1167545,4759,245.3341038
1993,10,745900,6,6,550351,418315,1637,255.5375687
1993,10,745930,2,2,46667,39905,155,257.4516129
1993,10,755800,4,4,202113,144667,526,275.0323194
1993,10,755830,24,28,3479269,2480740,10787,229.9749699
1993,10,755900,15,15,752094,582382,2804,207.6968616
1993,10,755930,1,1,78868,59299,144,411.7986111
1993,10,765800,1,1,6516,5012,15,334.1333333
1993,10,765830,9,9,210207,159470,1367,116.6569129
1993,10,765900,2,2,22973,18676,217,86.06451613
1993,10,765930,1,1,71505,42864,323,132.7058824
1993,10,766000,1,1,316999,241984,500,483.968
1993,10,775900,2,2,4292,3580,139,25.75539568
1993,10,785930,1,1,33161,25619,167,153.4071856
1993,11,635504,1,1,13101,9777,225,43.45333333
1993,11,655600,1,1,1025,684,120,5.7
1993,11,665600,1,1,58168,35600,440,80.90909091
1993,11,675530,2,3,316215,234234,1856,126.2036638
1993,11,675600,8,10,871363,598615,5826,102.7488843
1993,11,675630,4,6,534640,389406,3415,114.0281113
1993,11,675700,1,1,84821,56173,400,140.4325
1993,11,685600,6,8,496480,356800,3869,92.22021194
1993,11,685630,9,9,469775,357841,2918,122.6322824
1993,11,685700,2,2,125960,96695,700,138.1357143
1993,11,695631,1,1,565,418,14,29.85714286
1993,11,705600,1,1,22094,16366,165,99.18787879
1993,11,705702,1,1,563,450,15,30
1993,11,715600,1,1,82913,70265,990,70.97474747
1993,11,715630,5,6,183391,138375,1227,112.7750611
1993,11,715700,4,4,79811,58435,516,113.246124
1993,11,725630,13,13,584081,468047,3682,127.1175991
1993,11,725700,13,17,936600,734223,5562,132.0070119
1993,11,725730,7,7,307995,223908,1390,161.0848921
1993,11,725800,4,4,145873,111499,1293,86.23279196
1993,11,725830,1,1,7233,5786,21,275.5238095
1993,11,735630,8,8,289868,221923,1827,121.4685276
1993,11,735700,18,21,1006989,764016,6592,115.9004854
1993,11,735730,24,29,1929685,1437116,10027,143.3246235
1993,11,735800,12,16,704436,538754,3451,156.1153289
1993,11,735830,7,7,281417,207795,1410,147.3723404
1993,11,745730,2,2,67685,51627,203,254.320197
1993,11,745800,5,6,540487,397802,2770,143.6108303
1993,11,745830,12,11,616060,452123,2926,154.5191388
1993,11,745900,2,2,49782,37297,300,124.3233333
1993,11,755800,2,2,217992,159289,596,267.2634228
1993,11,755830,26,28,2100887,1534931,9616,159.6226082
1993,11,755900,12,13,334786,241913,2167,111.6349792
1993,11,755930,2,2,259738,174577,1160,150.4974138
1993,11,765830,7,6,88892,64757,517,125.2553191
1993,11,765900,6,6,379603,280243,1208,231.9892384
1993,11,765930,3,2,154669,103980,777,133.8223938
1993,11,775830,3,3,53671,36505,448,81.484375
1993,11,775900,2,2,11675,8606,60,143.4333333
1993,11,775930,7,6,492073,358296,1896,188.9746835
1993,11,776000,3,2,3607,2436,30,81.2
1993,11,785830,2,2,212490,146330,837,174.8267622
1993,11,785900,1,1,600,462,0,
1993,11,785930,8,8,598534,427283,2501,170.8448621
1993,12,645501,1,1,2607,2005,1500,1.336666667
1993,12,645630,1,1,2253,1747,200,8.735
1993,12,655530,1,1,18433,13860,150,92.4
1993,12,665530,1,1,27114,18076,400,45.19
1993,12,665600,3,5,416636,271777,3088,88.01068653
1993,12,665630,1,1,69057,50041,600,83.40166667
1993,12,665700,1,1,21381,14745,219,67.32876712
1993,12,675500,1,1,76912,51275,600,85.45833333
1993,12,675530,2,2,155700,107697,820,131.3378049
1993,12,675600,12,17,1524425,1072599,9940,107.9073441
1993,12,675630,5,5,173876,125290,1976,63.40587045
1993,12,685530,5,5,291471,210529,1912,110.1093096
1993,12,685600,13,17,917868,676977,7020,96.43547009
1993,12,685630,15,20,936171,724785,8090,89.59023486
1993,12,685700,3,3,89463,65072,647,100.5749614
1993,12,695600,1,1,21052,16070,50,321.4
1993,12,695631,3,3,72525,53299,587,90.79897785
1993,12,705600,3,3,460733,328136,2750,119.3221818
1993,12,705630,1,1,60504,44818,700,64.02571429
1993,12,715600,2,2,117015,91329,850,107.4458824
1993,12,715630,20,23,1464909,1078299,10253,105.1691212
1993,12,715700,2,2,28379,22008,172,127.9534884
1993,12,725630,11,11,617368,482180,4383,110.0114077
1993,12,725700,13,14,965208,756747,6892,109.8007835
1993,12,725730,15,16,995133,775396,6245,124.1626902
1993,12,725800,2,2,91172,73423,463,158.5809935
1993,12,725830,1,1,65214,48306,500,96.612
1993,12,735530,1,1,37430,26928,450,59.84
1993,12,735600,2,2,52961,34040,672,50.6547619
1993,12,735630,11,11,435471,319831,3727,85.81459619
1993,12,735700,23,33,1753980,1301378,12691,102.5433772
1993,12,735730,20,28,1813473,1360536,13197,103.0943396
1993,12,735800,13,21,1703871,1297321,9049,143.3662283
1993,12,735830,9,11,1043498,791909,6277,126.160427
1993,12,735900,1,1,105,83,0,
1993,12,745630,1,1,238,172,7,24.57142857
1993,12,745800,7,6,644218,491091,1855,264.7390836
1993,12,745830,5,5,142761,107286,839,127.8736591
1993,12,745900,2,2,150436,115067,1300,88.51307692
1993,12,745930,1,1,263639,195288,600,325.48
1993,12,755800,1,1,33984,25173,300,83.91
1993,12,755830,9,12,1350683,1006411,7399,136.0198675
1993,12,755900,8,8,514668,384033,3411,112.5866315
1993,12,755930,2,2,49823,36478,1187,30.73125527
1993,12,765730,1,1,43951,31394,400,78.485
1993,12,765830,3,3,102414,68689,623,110.2552167
1993,12,765900,4,4,165547,116491,1074,108.4646182
1993,12,765930,1,1,1734,1470,30,49
1993,12,766000,3,3,298247,215581,806,267.4702233
1993,12,775830,1,1,47163,36279,263,137.9429658
1993,12,775900,3,3,194185,143746,216,665.4907407
1993,12,775930,9,10,854746,605446,2285,264.9654267
1993,12,776000,5,6,273782,194685,1215,160.2345679
1993,12,776030,1,1,107764,72814,876,83.12100457
1993,12,785900,1,1,107008,84258,285,295.6421053
1993,12,785930,14,14,1068680,785928,4282,183.54227
1993,12,786000,2,4,665666,505826,2379,212.6212694
1993,12,795900,1,1,107008,84258,285,295.6421053
1993,12,795930,1,1,145592,101810,700,145.4428571
1993,13,685630,1,1,85000,75000,525,142.8571429
1993,13,715630,1,1,2649,1720,26,66.15384615
1993,13,725630,2,2,31796,23980,223,107.5336323
1993,13,725700,1,1,31374,23412,335,69.88656716
1993,13,725730,3,3,41364,30634,217,141.1705069
1993,13,735630,1,1,15750,12115,258,46.95736434
1993,13,735700,1,1,7434,5718,99,57.75757576
1993,13,735800,2,2,89725,65834,227,290.0176211
1993,13,735830,1,1,756,582,26,22.38461538
1993,13,785900,1,1,87510,69452,249,278.9236948
1993,13,786000,1,1,45325,33824,86,393.3023256
1993,13,795900,1,1,87510,69452,249,278.9236948
1994,4,715630,1,1,1840,1416,7,202.2857143
1994,4,725630,1,1,90181,69370,322,215.4347826
1994,4,725800,1,1,23863,19401,84,230.9642857
1994,4,735730,1,1,31530,22049,191,115.4397906
1994,4,735800,2,2,54406,39931,287,139.1324042
1994,4,735830,1,1,25852,21018,91,230.967033
1994,4,745800,1,1,9460,6615,57,116.0526316
1994,5,675600,3,5,708037,517602,2491,207.7888398
1994,5,685600,1,3,76372,54873,473,116.0105708
1994,5,685630,2,2,44077,32246,683,47.21229868
1994,5,705600,2,2,218132,162178,730,222.1616438
1994,5,705701,2,2,18842,11770,252,46.70634921
1994,5,715600,3,3,160105,131207,632,207.6060127
1994,5,715630,8,12,865481,673767,3646,184.796215
1994,5,715700,10,14,1033321,807263,3671,219.9027513
1994,5,715730,5,5,270919,212844,1419,149.9957717
1994,5,715800,4,4,207853,149702,1509,99.20609675
1994,5,725630,7,7,564041,407364,2977,136.8370843
1994,5,725700,9,9,366890,275988,1380,199.9913043
1994,5,725730,9,9,282765,191217,1602,119.3614232
1994,5,725800,10,10,515611,361869,2151,168.2329149
1994,5,725830,3,3,469056,338244,1552,217.9407216
1994,5,735700,2,2,3911,2722,38,71.63157895
1994,5,735730,18,18,790383,562789,3804,147.9466351
1994,5,735800,18,22,1966324,1417655,7189,197.1978022
1994,5,735830,8,9,707783,493884,2900,170.3048276
1994,5,735900,2,1,44544,35019,275,127.3418182
1994,5,745800,6,6,187960,140012,613,228.4045677
1994,5,745830,11,11,954248,737124,3623,203.4568038
1994,5,745900,3,3,160912,103559,664,155.9623494
1994,5,745930,1,1,47832,38573,253,152.4624506
1994,5,755830,2,2,85873,65821,373,176.463807
1994,6,665600,1,1,0,0,65,0
1994,6,675530,2,2,80940,57952,515,112.5281553
1994,6,675600,10,17,1441536,1104991,6891,160.352779
1994,6,675630,2,2,96061,74850,470,159.2553191
1994,6,685600,13,16,947249,713018,5685,125.4209323
1994,6,685630,7,5,203625,158800,2040,77.84313725
1994,6,695700,1,1,13462,9616,100,96.16
1994,6,705600,1,2,103144,67012,1069,62.68662301
1994,6,705630,1,1,4197,3305,101,32.72277228
1994,6,705701,1,1,54473,40054,160,250.3375
1994,6,705800,1,1,8913,6603,72,91.70833333
1994,6,715600,2,2,222398,169589,867,195.6043829
1994,6,715630,10,12,1735405,1359583,7235,187.9174845
1994,6,715700,15,20,2407488,1871312,9148,204.5596852
1994,6,715730,6,5,515892,408480,2121,192.5884017
1994,6,715800,4,5,223449,173880,1455,119.5051546
1994,6,725630,14,14,1476393,1151879,7382,156.0388784
1994,6,725700,16,18,1593621,1249647,7351,169.9968712
1994,6,725730,18,25,2813689,2176653,13592,160.142216
1994,6,725800,20,24,2463481,1871587,10611,176.3817736
1994,6,725830,10,11,1387090,1027926,5564,184.7458663
1994,6,725900,1,1,1483,1099,9,122.1111111
1994,6,735630,1,1,127523,87947,552,159.3242754
1994,6,735700,8,7,582829,471639,2815,167.5449378
1994,6,735730,16,20,2534249,1905498,11516,165.4652657
1994,6,735800,25,36,3882312,2880418,17148,167.9739911
1994,6,735830,16,19,2238755,1691285,9162,184.5977952
1994,6,735900,4,4,240824,183959,1068,172.2462547
1994,6,745700,1,1,4331,2946,16,184.125
1994,6,745730,2,2,245986,184642,702,263.022792
1994,6,745800,8,9,560662,430983,2009,214.5261324
1994,6,745830,18,20,2859218,2097556,8530,245.9033998
1994,6,745900,12,12,1090050,876011,5024,174.3652468
1994,6,755800,1,1,1150,859,5,171.8
1994,6,755830,9,9,1657931,1180867,3770,313.227321
1994,6,755900,3,3,500743,335695,1847,181.7514889
1994,6,755930,1,1,6995,4891,49,99.81632653
1994,6,765800,1,1,88326,73606,405,181.7432099
1994,6,765830,3,3,313044,239864,1002,239.3852295
1994,6,765900,1,1,44300,31419,39,805.6153846
1994,6,765930,1,1,11073,7854,10,785.4
1994,6,766000,1,1,2331,1630,15,108.6666667
1994,6,775900,1,1,33225,23564,29,812.5517241
1994,7,635800,1,1,84903,65816,230,286.1565217
1994,7,665500,1,1,101021,77709,700,111.0128571
1994,7,665530,1,1,156250,110816,449,246.8062361
1994,7,665600,2,2,162512,119697,831,144.0397112
1994,7,675530,3,3,312824,220379,1672,131.805622
1994,7,675600,13,12,1397417,1024665,5911,173.3488411
1994,7,685600,4,4,283268,209684,1895,110.6511873
1994,7,685630,2,1,81454,62657,1072,58.44869403
1994,7,705600,1,1,50101,43566,110,396.0545455
1994,7,705630,1,1,5280,3799,54,70.35185185
1994,7,705701,3,2,138593,112069,474,236.4324895
1994,7,715600,2,2,191368,156487,700,223.5528571
1994,7,715630,17,19,1879596,1498984,9326,160.7317178
1994,7,715700,20,23,2722034,2137962,11292,189.3342189
1994,7,715730,5,5,590627,465429,3099,150.1868345
1994,7,715800,1,1,97161,84488,383,220.5953003
1994,7,725630,12,11,824789,629727,5448,115.5886564
1994,7,725700,14,16,1392620,1079013,6445,167.4186191
1994,7,725730,15,17,1563686,1202641,7357,163.4689411
1994,7,725800,15,18,2005461,1480057,9350,158.2948663
1994,7,725830,3,4,483234,371210,2304,161.1154514
1994,7,725900,2,2,148782,130990,598,219.0468227
1994,7,735700,6,6,552725,424106,2216,191.383574
1994,7,735730,12,14,1130754,891218,5380,165.6539033
1994,7,735800,18,21,2655974,1999211,11655,171.5324753
1994,7,735830,13,15,1733614,1295346,7604,170.3506049
1994,7,735900,5,5,531106,407993,1666,244.8937575
1994,7,735930,1,1,4649,3163,16,197.6875
1994,7,745800,4,5,585866,442510,1794,246.6610925
1994,7,745830,19,21,2472145,1842141,9524,193.4209366
1994,7,745900,5,5,212716,158922,771,206.1245136
1994,7,745930,3,3,204833,168642,1170,144.1384615
1994,7,755800,1,1,493794,379841,2300,165.1482609
1994,7,755830,13,13,1166322,865457,4564,189.6268624
1994,7,755900,8,9,998600,737968,3912,188.6421268
1994,7,756000,1,1,10306,7523,67,112.2835821
1994,7,765830,5,5,482516,350562,1930,181.638342
1994,7,766000,1,1,14722,10746,96,111.9375
1994,7,775930,3,3,370350,281322,1319,213.2843063
1994,7,776000,1,1,3069,2176,25,87.04
1994,7,776030,1,1,2301,1632,19,85.89473684
1994,7,785930,2,2,11689,9084,46,197.4782609
1994,7,786030,1,1,2301,1632,19,85.89473684
1994,8,655530,1,1,50056,38504,400,96.26
1994,8,655600,1,1,50055,38504,400,96.26
1994,8,665600,2,2,218880,163558,1070,152.8579439
1994,8,675500,2,1,108973,90781,400,226.9525
1994,8,675530,7,5,321462,233868,1495,156.4334448
1994,8,675600,5,8,725739,547218,4445,123.1086614
1994,8,685500,1,1,144046,120039,853,140.7256741
1994,8,685530,1,1,134027,103098,768,134.2421875
1994,8,685600,6,7,354466,268904,2652,101.3966817
1994,8,685630,2,2,119978,96761,1159,83.4866264
1994,8,695800,1,1,43701,33616,110,305.6
1994,8,705600,6,3,395836,320076,1260,254.0285714
1994,8,705630,3,3,117855,88246,756,116.7275132
1994,8,705701,4,6,384947,278505,1859,149.8144164
1994,8,715630,13,15,1555341,1211359,7858,154.1561466
1994,8,715700,16,23,1815134,1387089,9730,142.5579651
1994,8,715730,7,7,608695,464896,3129,148.576542
1994,8,715800,3,3,303539,233114,1938,120.2858617
1994,8,725600,4,5,247075,207385,941,220.3878852
1994,8,725630,12,16,1015528,818421,6698,122.1888623
1994,8,725700,16,20,1850247,1484305,9605,154.5346174
1994,8,725730,11,15,1415855,1104656,6260,176.4626198
1994,8,725800,12,14,1734041,1378575,7986,172.6239669
1994,8,725830,2,3,184762,144313,802,179.9413965
1994,8,725900,1,1,78375,61230,308,198.7987013
1994,8,735700,6,6,585042,471664,2725,173.0877064
1994,8,735730,9,8,688079,528402,3151,167.6934307
1994,8,735800,12,14,1459999,1087710,7440,146.1975806
1994,8,735830,9,11,1405068,1082689,5184,208.8520448
1994,8,735900,6,6,833167,585018,2906,201.3138334
1994,8,745800,8,7,595854,460157,3027,152.0175091
1994,8,745830,16,17,1835231,1415125,7937,178.2946957
1994,8,745900,15,14,1815708,1399086,8130,172.0892989
1994,8,755830,17,17,1685573,1132813,6421,176.4231428
1994,8,755900,14,15,2070935,1649877,8154,202.3395879
1994,8,755930,4,4,191214,157293,918,171.3431373
1994,8,756000,1,1,2897,2477,21,117.952381
1994,8,765830,2,2,314634,227489,1175,193.6076596
1994,8,766000,1,1,97027,82930,730,113.6027397
1994,8,766030,1,1,7241,6189,55,112.5272727
1994,8,775930,4,4,430656,318877,1344,237.2596726
1994,8,785900,1,1,14864,10394,121,85.90082645
1994,8,785930,4,4,432545,322243,1564,206.0377238
1994,8,786000,1,1,131177,95750,447,214.2058166
1994,9,665600,1,1,93093,71610,600,119.35
1994,9,675500,2,1,189006,145389,900,161.5433333
1994,9,675530,7,6,320005,251108,1253,200.405427
1994,9,675600,10,8,535068,405765,3496,116.0655034
1994,9,675630,2,2,84841,63680,840,75.80952381
1994,9,685530,1,1,5609,4795,21,228.3333333
1994,9,685600,8,9,550837,423217,3290,128.637386
1994,9,685630,3,3,205307,169401,1201,141.0499584
1994,9,705600,7,5,348015,256216,1596,160.5363409
1994,9,705701,5,7,334213,251241,2306,108.9509974
1994,9,715600,3,3,235347,193106,1030,187.4815534
1994,9,715630,9,12,1107951,892482,7236,123.3391376
1994,9,715700,13,19,1239781,1004013,7838,128.0955601
1994,9,715730,8,10,634396,506745,3997,126.781336
1994,9,715800,2,3,105808,81903,922,88.8318872
1994,9,725630,10,12,1119634,930956,6163,151.0556547
1994,9,725700,14,15,1041796,855702,5561,153.8755619
1994,9,725730,3,3,252099,210827,1376,153.2172965
1994,9,725800,7,7,626685,482557,3258,148.1144874
1994,9,725830,6,6,399553,300308,2150,139.6781395
1994,9,725900,2,2,77665,51939,370,140.3756757
1994,9,735630,1,1,15176,11765,100,117.65
1994,9,735700,6,6,226873,178631,1036,172.4237452
1994,9,735730,7,7,441273,321651,2166,148.5
1994,9,735800,11,12,1179633,892559,6496,137.4013239
1994,9,735830,8,10,1086962,857681,4740,180.9453586
1994,9,735900,9,9,977500,710648,4464,159.1953405
1994,9,745600,1,1,42879,32732,360,90.92222222
1994,9,745800,8,8,630787,462649,3310,139.7731118
1994,9,745830,3,3,141069,106289,660,161.0439394
1994,9,745900,9,8,792363,617358,4219,146.3280398
1994,9,745930,1,1,95634,73565,500,147.13
1994,9,755830,7,9,843392,625108,4027,155.2292029
1994,9,755900,12,13,1197425,928898,5031,184.6348638
1994,9,755930,3,3,323808,245522,1356,181.0634218
1994,9,765830,3,5,797009,587405,2479,236.9524002
1994,9,765900,1,2,129578,99675,1200,83.0625
1994,9,766000,2,2,321717,268620,1584,169.5833333
1994,9,775800,1,1,48434,35877,237,151.3797468
1994,9,775900,1,1,72652,53816,356,151.1685393
1994,9,775930,8,8,1001647,730017,3367,216.8152658
1994,9,776000,1,1,5387,4081,56,72.875
1994,9,776030,1,1,6908,5079,93,54.61290323
1994,9,785830,1,1,121310,122535,375,326.76
1994,9,785930,6,6,615916,447226,2762,161.9210717
1994,9,786000,4,4,282539,223430,887,251.8940248
1994,9,786030,2,2,74731,54535,175,311.6285714
1994,9,786100,1,1,4049,2792,25,111.68
1994,9,795930,2,2,489005,364789,2400,151.9954167
1994,10,615630,1,1,97293,74841,600,124.735
1994,10,625730,1,1,295521,271120,1200,225.9333333
1994,10,665600,1,1,84714,65165,700,93.09285714
1994,10,675500,1,1,18899,14538,400,36.345
1994,10,675530,4,5,492897,377362,3701,101.9621724
1994,10,675600,5,7,552401,467292,2804,166.6519258
1994,10,675630,3,3,137961,117117,905,129.4110497
1994,10,685600,7,10,582872,483211,2671,180.910146
1994,10,685630,4,4,193793,151466,1341,112.9500373
1994,10,705600,5,4,177296,145776,844,172.7203791
1994,10,705630,1,1,17100,13154,250,52.616
1994,10,705701,4,5,116773,94481,1099,85.9699727
1994,10,705730,1,1,985,730,6,121.6666667
1994,10,715600,3,3,119996,95618,820,116.6073171
1994,10,715630,13,18,1352682,1067840,7843,136.1519827
1994,10,715700,15,22,588685,470007,5351,87.83535788
1994,10,715730,12,19,1143497,900662,9566,94.1524148
1994,10,715800,2,2,72334,53888,627,85.94577352
1994,10,715830,1,1,92166,70381,1000,70.381
1994,10,725600,1,1,35754,29069,383,75.89817232
1994,10,725630,13,15,1031509,831147,7743,107.341728
1994,10,725700,12,19,649245,519337,5492,94.56245448
1994,10,725730,9,11,640245,501842,4150,120.9257831
1994,10,725800,4,4,159548,134395,1411,95.24805103
1994,10,725830,3,3,143760,124799,856,145.7932243
1994,10,725900,4,4,67898,48846,505,96.72475248
1994,10,735700,9,9,492002,407064,2889,140.9013499
1994,10,735730,6,6,279430,212343,1707,124.3954306
1994,10,735800,10,12,618760,470378,3683,127.7159924
1994,10,735830,12,13,800231,610922,4584,133.2726876
1994,10,735900,9,9,443250,322443,4814,66.98026589
1994,10,745800,3,3,193327,141661,1131,125.2528736
1994,10,745830,11,11,755586,626839,4131,151.7402566
1994,10,745900,8,9,907718,737279,4108,179.4739533
1994,10,745930,2,2,423638,358870,2800,128.1678571
1994,10,755800,1,1,8013,5936,61,97.31147541
1994,10,755830,12,14,1531218,1159071,8153,142.1649699
1994,10,755900,11,13,1174288,906723,5915,153.2921386
1994,10,755930,4,4,353559,267581,2756,97.09034833
1994,10,756000,2,2,157552,126148,835,151.0754491
1994,10,765830,4,4,406476,304136,1481,205.3585415
1994,10,765900,5,9,1167894,877721,6728,130.457937
1994,10,765930,2,2,98658,77704,402,193.2935323
1994,10,766000,2,2,372029,325131,2271,143.1664465
1994,10,775930,6,6,865685,621897,3650,170.3827397
1994,10,785930,4,4,433720,328506,2019,162.7072808
1994,10,786000,2,2,135162,98241,597,164.5577889
1994,10,786030,1,1,221534,154919,530,292.3
1994,10,795930,1,1,86132,66255,400,165.6375
1994,11,685830,1,1,121660,88803,320,277.509375
1994,11,705630,1,1,7980,6139,175,35.08
1994,11,715630,2,2,153308,119526,1100,108.66
1994,11,715700,1,1,54853,40333,500,80.666
1994,11,715730,2,2,85193,76742,450,170.5377778
1994,11,715800,2,2,56046,54322,245,221.722449
1994,11,725700,3,3,397975,309302,2600,118.9623077
1994,11,725730,2,2,130953,111942,775,144.4412903
1994,11,725800,2,2,123745,109195,575,189.9043478
1994,11,725830,1,1,141209,98062,850,115.3670588
1994,11,735700,1,2,155021,119247,1100,108.4063636
1994,11,735800,2,2,458717,352860,1580,223.3291139
1994,11,735830,3,4,289315,213615,1077,198.3426184
1994,11,745830,3,3,77055,55928,462,121.0562771
1994,11,745900,2,2,112114,91128,730,124.8328767
1994,11,745930,1,1,71751,55621,470,118.3425532
1994,11,755830,2,2,335433,262280,1700,154.2823529
1994,11,755900,3,3,648610,510993,3700,138.1062162
1994,11,756000,1,1,3280,2711,28,96.82142857
1994,11,765830,3,4,482938,378236,2730,138.5479853
1994,11,765900,1,1,79989,55165,404,136.5470297
1994,11,766000,1,1,24054,19879,197,100.9086294
1994,11,775900,1,1,54862,40639,375,108.3706667
1994,11,775930,7,7,474539,399908,1482,269.8434548
1994,11,776000,1,1,202809,184372,480,384.1083333
1994,11,786030,1,1,37469,26202,158,165.835443
1994,12,745900,1,1,50682,38986,203,192.0492611
1995,2,675530,1,1,1754,1201,19,63.21052632
1995,2,675600,1,1,5445,3729,59,63.20338983
1995,2,685530,1,1,277,190,3,63.33333333
1995,2,685600,1,1,2768,1896,30,63.2
1995,2,695631,1,1,1292,885,14,63.21428571
1995,2,695632,1,1,1938,1328,21,63.23809524
1995,2,705702,1,1,1385,949,15,63.26666667
1995,3,665500,1,1,34,26,15,1.733333333
1995,3,665530,1,2,62845,48342,315,153.4666667
1995,3,675530,1,1,6015,4359,65,67.06153846
1995,3,675600,3,3,82936,64711,779,83.06931964
1995,3,685600,6,12,933793,746188,6608,112.9219128
1995,3,685800,1,1,71342,61502,556,110.6151079
1995,3,705630,1,1,863,685,60,11.41666667
1995,3,705701,1,1,9021,7274,106,68.62264151
1995,3,705800,1,1,849,772,200,3.86
1995,3,715600,2,2,82017,65569,873,75.10767468
1995,3,715630,14,23,1636805,1282496,9707,132.1207376
1995,3,715700,15,26,1953435,1573563,10295,152.8473045
1995,3,715730,3,3,75103,52351,590,88.73050847
1995,3,715800,1,1,1954,1776,114,15.57894737
1995,3,725630,7,12,1384597,1117450,7390,151.2110961
1995,3,725700,9,15,1919325,1774237,9494,186.8798188
1995,3,725730,11,13,1242815,1029131,5188,198.367579
1995,3,725800,6,6,338965,255106,1346,189.5289747
1995,3,735630,1,1,103096,88129,700,125.8985714
1995,3,735700,4,4,291521,219409,1992,110.1450803
1995,3,735730,9,13,1073762,790960,4884,161.9492219
1995,3,735800,9,12,1032230,781445,4676,167.1182635
1995,3,735830,5,5,211212,150302,1110,135.4072072
1995,3,745800,7,8,698141,512332,3292,155.6294046
1995,3,745830,8,8,746858,549024,3223,170.3456407
1995,3,755800,1,1,2064,1349,31,43.51612903
1995,3,755830,3,3,434683,305070,1554,196.3127413
1995,3,755900,1,1,171213,111178,721,154.1997226
1995,3,755930,1,1,8630,6538,37,176.7027027
1995,3,765800,1,1,62248,43530,279,156.0215054
1995,3,785930,1,1,27966,19557,126,155.2142857
1995,4,665500,1,1,41070,31591,180,175.5055556
1995,4,665530,1,1,41069,31591,180,175.5055556
1995,4,665600,2,2,106368,92569,579,159.8773748
1995,4,675530,4,4,342300,261295,2450,106.6510204
1995,4,675600,6,5,267771,232585,2449,94.9714169
1995,4,675630,3,2,79023,67404,656,102.75
1995,4,685600,6,7,362225,304551,3402,89.52116402
1995,4,685630,6,6,343082,288090,2956,97.4594046
1995,4,695600,1,1,119802,93207,569,163.8084359
1995,4,705600,4,4,134171,105896,1309,80.89839572
1995,4,705630,4,4,151289,120088,1259,95.38363781
1995,4,705701,1,1,4440,2921,105,27.81904762
1995,4,715500,1,1,101828,90114,1000,90.114
1995,4,715600,5,4,153383,120038,1195,100.4502092
1995,4,715630,20,26,2087133,1699668,13819,122.9950069
1995,4,715700,15,22,1100950,887338,8708,101.8991732
1995,4,715730,5,5,138908,121017,1107,109.3197832
1995,4,725600,1,1,44323,33326,300,111.0866667
1995,4,725630,11,11,1110053,875575,6745,129.8109711
1995,4,725700,14,17,743748,588117,6006,97.92157842
1995,4,725730,11,11,990944,838626,4604,182.1516073
1995,4,725800,5,5,328607,258850,2038,127.0117763
1995,4,735630,1,1,3836,3119,60,51.98333333
1995,4,735700,7,7,399504,317194,2610,121.5302682
1995,4,735730,16,22,2323382,1827926,10015,182.5188218
1995,4,735800,13,16,2447783,1820242,8910,204.2920314
1995,4,735830,10,10,695071,385734,2467,156.3575193
1995,4,735900,1,1,3663,3027,75,40.36
1995,4,745800,9,8,907012,646495,2250,287.3311111
1995,4,745830,16,19,2130436,2372242,7875,301.2370794
1995,4,755600,1,1,23676,18213,200,91.065
1995,4,755800,1,1,70009,47625,300,158.75
1995,4,755830,10,9,1084162,781947,4789,163.2798079
1995,4,765900,1,1,94975,67840,310,218.8387097
1995,4,775930,2,2,69977,46642,433,107.7182448
1995,4,785930,1,1,551,394,62,6.35483871
1995,5,665500,1,1,78590,49116,300,163.72
1995,5,675530,3,3,127900,99298,1327,74.82893745
1995,5,675600,7,7,305764,240974,3378,71.33629366
1995,5,675630,1,1,9446,7211,60,120.1833333
1995,5,685530,1,1,110967,90957,623,145.9983949
1995,5,685600,6,9,343255,283286,2535,111.7499014
1995,5,685630,1,1,26710,22829,219,104.2420091
1995,5,695600,1,1,134213,111651,614,181.8420195
1995,5,705600,4,4,45612,38476,555,69.32612613
1995,5,705630,3,3,23638,18618,335,55.5761194
1995,5,705701,1,1,5420,3687,70,52.67142857
1995,5,705800,1,1,4936,3856,75,51.41333333
1995,5,715600,3,4,29927,24253,468,51.82264957
1995,5,715630,19,30,1467482,1233798,13487,91.48053681
1995,5,715700,10,11,409458,333357,3441,96.87794246
1995,5,715730,2,2,93977,88195,975,90.45641026
1995,5,715830,1,1,43160,35377,449,78.79064588
1995,5,725600,1,1,80913,66322,500,132.644
1995,5,725630,19,25,1400856,1113454,10074,110.5274965
1995,5,725700,22,26,1310332,1061041,9603,110.4905759
1995,5,725730,15,18,936536,689223,5769,119.4700988
1995,5,725800,4,5,136784,108760,1127,96.5039929
1995,5,725830,1,1,4936,3856,75,51.41333333
1995,5,725900,1,1,166771,132358,1332,99.36786787
1995,5,735630,4,4,195261,151480,900,168.3111111
1995,5,735700,11,11,787949,630945,4300,146.7313953
1995,5,735730,23,30,2195563,1786120,15099,118.2939268
1995,5,735800,14,17,1050926,810585,6347,127.7115173
1995,5,735830,5,6,240006,180584,1358,132.9779087
1995,5,745730,1,1,1,1,42,0.023809524
1995,5,745800,12,13,997742,761383,5407,140.8143148
1995,5,745830,13,14,1209837,957267,6243,153.3344546
1995,5,755830,6,6,624367,512540,3981,128.7465461
1995,5,765830,4,4,257569,189458,1950,97.15794872
1995,5,765900,1,1,12120,9619,60,160.3166667
1995,5,766000,1,1,264431,215186,1212,177.5462046
1995,5,775830,1,1,12172,10403,180,57.79444444
1995,5,775930,1,1,43027,29270,392,74.66836735
1995,5,786000,1,1,10159,8258,151,54.68874172
1995,6,655530,1,1,52732,42185,350,120.5285714
1995,6,665500,1,1,38686,25791,700,36.84428571
1995,6,665630,1,1,37090,29911,109,274.412844
1995,6,675530,7,7,352470,275654,4680,58.90042735
1995,6,675600,7,6,371617,294782,3842,76.72618428
1995,6,675630,2,4,182815,163563,1575,103.8495238
1995,6,685530,1,1,15656,13267,300,44.22333333
1995,6,685600,4,4,157181,133849,1177,113.7204758
1995,6,685630,5,8,335487,261438,3153,82.91722169
1995,6,705600,4,4,279183,226747,1855,122.2355795
1995,6,705630,1,1,19011,16111,240,67.12916667
1995,6,705701,1,1,1465,1163,60,19.38333333
1995,6,715600,3,3,108533,93108,1579,58.96643445
1995,6,715630,22,31,1380022,1158059,14618,79.22143932
1995,6,715700,12,18,705670,575620,7923,72.65177332
1995,6,715730,1,2,133480,113985,893,127.6427772
1995,6,725630,18,21,870843,711486,9444,75.33735705
1995,6,725700,25,31,1200440,977739,10363,94.3490302
1995,6,725730,11,12,346611,282704,2848,99.26404494
1995,6,735630,2,2,47223,37533,459,81.77124183
1995,6,735700,15,18,455705,375110,4973,75.42931832
1995,6,735730,19,21,1048401,867864,7813,111.0794829
1995,6,735800,11,13,620565,490931,4739,103.5937962
1995,6,735830,2,2,4585,3696,39,94.76923077
1995,6,745800,6,6,177958,144698,1798,80.47719689
1995,6,745830,6,6,259837,201040,1401,143.4975018
1995,6,755800,1,1,5319,4434,200,22.17
1995,6,755830,7,7,355664,270892,2252,120.2895204
1995,6,765830,2,2,16482,12790,111,115.2252252
1995,6,765900,1,1,60138,43617,127,343.4409449
1995,7,675500,1,1,1,1,30,0.033333333
1995,7,675530,1,1,45650,30844,720,42.83888889
1995,7,675600,2,2,201229,149736,1500,99.824
1995,7,675630,1,1,60682,57792,441,131.047619
1995,7,685530,2,2,68031,55764,674,82.73590504
1995,7,685600,2,2,76509,63410,1054,60.16129032
1995,7,685630,3,3,142759,122115,1215,100.5061728
1995,7,695600,2,2,84775,63672,804,79.19402985
1995,7,705600,3,3,124311,99338,971,102.3048404
1995,7,705630,2,2,17199,14119,413,34.18644068
1995,7,715600,3,3,135412,112446,919,122.3569097
1995,7,715630,19,29,987426,818533,11969,68.38775169
1995,7,715700,11,17,752268,620354,7715,80.408814
1995,7,715730,4,4,172708,152831,1450,105.4006897
1995,7,725600,1,1,15412,14140,230,61.47826087
1995,7,725630,18,26,579000,475865,6949,68.47963736
1995,7,725700,20,26,1038933,842394,10871,77.49001932
1995,7,725730,10,10,525351,441814,3898,113.343766
1995,7,725800,1,1,59448,48749,600,81.24833333
1995,7,735630,5,5,57125,45231,538,84.07249071
1995,7,735700,8,8,246057,200425,2187,91.6438043
1995,7,735730,15,19,1457504,1178728,8214,143.5023131
1995,7,735800,14,17,871604,686038,6664,102.9468788
1995,7,735830,4,4,110653,86756,521,166.5182342
1995,7,745730,1,1,9246,6952,141,49.30496454
1995,7,745800,10,13,522147,385015,4477,85.99843645
1995,7,745830,12,16,1049705,829531,5827,142.3598764
1995,7,745900,1,1,136806,109445,620,176.5241935
1995,7,755830,11,11,619734,469144,3551,132.1160237
1995,8,675530,5,4,307914,313630,5750,54.54434783
1995,8,675600,1,1,6991,5378,141,38.14184397
1995,8,675630,1,1,6990,5378,141,38.14184397
1995,8,685530,1,1,40294,33028,442,74.7239819
1995,8,685600,2,2,97259,76066,825,92.20121212
1995,8,685630,2,3,180845,140888,2276,61.90158172
1995,8,705600,1,1,27610,22631,250,90.524
1995,8,715600,2,3,15949,12399,264,46.96590909
1995,8,715630,6,6,210521,169887,2350,72.29234043
1995,8,715700,4,4,122656,106117,1538,68.99674902
1995,8,715730,1,1,2374,2219,40,55.475
1995,8,725630,6,6,182089,171439,1999,85.76238119
1995,8,725700,6,9,410481,353565,3477,101.686799
1995,8,725730,6,10,531697,467552,3762,124.2828283
1995,8,725800,1,1,66087,48954,455,107.5912088
1995,8,735630,1,1,1764,1445,50,28.9
1995,8,735700,8,8,277647,232121,2061,112.6254246
1995,8,735730,11,14,729928,567828,4305,131.8996516
1995,8,735800,10,10,500421,412029,4442,92.75754165
1995,8,735830,2,2,49542,32858,447,73.50782998
1995,8,745800,6,7,421682,320851,2063,155.5264178
1995,8,745830,12,13,1147868,851279,5837,145.8418708
1995,8,755830,7,12,1131337,864084,5905,146.330906
1995,8,765830,4,4,104253,78136,527,148.2656546
1996,3,735830,2,2,161236,136788,1115,122.6798206
1996,3,735900,1,1,10417,7184,90,79.82222222
1996,3,745800,1,1,7615,5252,65,80.8
1996,3,745830,3,3,211527,155078,1223,126.8013083
1996,3,745900,1,1,7,5,0,
1996,3,755830,1,1,7368,5082,72,70.58333333
1996,3,755900,1,1,44066,30391,175,173.6628571
1996,3,755930,1,1,1910,1317,10,131.7
1996,3,775930,1,1,48304,31779,382,83.19109948
1996,3,786000,1,1,23386,15386,177,86.92655367
1996,4,655630,1,1,29940,23575,570,41.35964912
1996,4,715630,1,1,162768,135640,780,173.8974359
1996,4,715700,1,1,69860,55007,680,80.89264706
1996,4,735700,1,1,4675,3801,15,253.4
1996,4,735800,3,3,103641,83383,497,167.7726358
1996,4,735830,3,3,191451,149104,756,197.2275132
1996,4,735900,2,2,98826,85060,524,162.3282443
1996,4,745800,4,4,252055,203612,998,204.0200401
1996,4,745830,8,8,839440,656847,5110,128.5414873
1996,4,745900,2,2,84395,64999,463,140.3866091
1996,4,755830,1,1,111597,79712,913,87.30777656
1996,4,755900,1,1,224851,154008,683,225.4875549
1996,4,755930,1,1,8300,6320,44,143.6363636
1996,4,775930,2,2,399856,274072,1765,155.2815864
1996,4,786000,1,1,14,10,0,
1996,4,786030,1,1,8736,6109,75,81.45333333
1996,5,655500,1,1,21447,17296,230,75.2
1996,5,665530,1,1,8298,8555,57,150.0877193
1996,5,665600,1,1,8298,8555,58,147.5
1996,5,675530,2,2,142428,123196,1057,116.5525071
1996,5,675600,3,5,169457,164622,2437,67.5510874
1996,5,675630,2,2,19406,17735,214,82.87383178
1996,5,675700,1,1,7102,5870,160,36.6875
1996,5,685600,5,5,83560,77958,1326,58.7918552
1996,5,685630,6,8,263680,217804,3070,70.94592834
1996,5,695600,2,2,40984,37994,743,51.1359354
1996,5,695631,1,1,2940,2911,26,111.9615385
1996,5,705630,1,1,65687,54739,500,109.478
1996,5,705701,1,1,78386,61722,600,102.87
1996,5,715600,1,2,266393,225553,920,245.1663043
1996,5,715630,12,20,1528184,1262321,8567,147.3469126
1996,5,715700,9,10,485331,385431,3097,124.4530191
1996,5,715730,1,1,22102,17267,200,86.335
1996,5,715800,1,1,1605,1070,650,1.646153846
1996,5,725600,1,1,162025,133905,925,144.7621622
1996,5,725630,2,5,607987,475560,3130,151.9361022
1996,5,725700,3,3,112617,90996,426,213.6056338
1996,5,725730,3,4,121500,90576,1337,67.74569933
1996,5,725800,2,2,78107,55302,524,105.5381679
1996,5,735700,4,4,218155,177956,1134,156.9276896
1996,5,735730,8,9,280114,220312,2698,81.65752409
1996,5,735800,8,13,738018,571729,5313,107.6094485
1996,5,735830,5,6,428477,346493,2861,121.1090528
1996,5,735900,1,1,30064,28908,198,146
1996,5,745800,5,5,231402,178857,1349,132.5848777
1996,5,745830,12,13,872411,704489,6237,112.9531826
1996,5,745900,5,5,381810,311897,2175,143.4009195
1996,5,745930,1,1,33694,26324,486,54.16460905
1996,5,755830,5,5,388452,283211,2089,135.5725227
1996,5,755900,6,8,690501,499523,3733,133.8127511
1996,5,755930,3,4,136707,104523,744,140.4879032
1996,5,765930,1,1,25362,18116,450,40.25777778
1996,5,766000,2,2,208362,170647,740,230.6040541
1996,5,775900,1,1,95887,69484,800,86.855
1996,5,775930,4,5,515548,372521,3515,105.9803698
1996,5,776000,2,3,310162,236765,2135,110.8969555
1996,5,776030,3,3,363758,297250,2597,114.4589911
1996,5,786030,2,2,78991,59989,877,68.40250855
1996,6,655500,1,1,20099,19051,400,47.6275
1996,6,665500,1,1,116871,97393,500,194.786
1996,6,665530,1,1,99724,81741,600,136.235
1996,6,665600,3,1,52554,43795,531,82.47645951
1996,6,675500,1,1,566,496,40,12.4
1996,6,675530,1,2,109991,103803,575,180.5269565
1996,6,675600,6,6,127456,110177,1208,91.20612583
1996,6,675630,2,2,39571,36950,403,91.68734491
1996,6,685600,5,6,152870,132065,1843,71.65762344
1996,6,685630,3,3,126463,114716,1242,92.36392915
1996,6,715600,6,6,515755,415537,3591,115.716235
1996,6,715630,15,21,2011927,1703015,10747,158.4642226
1996,6,715700,9,10,640587,539740,4188,128.8777459
1996,6,715730,2,2,65856,52939,731,72.41997264
1996,6,725630,8,12,763517,649586,5037,128.9628747
1996,6,725700,9,12,935836,758142,5603,135.3100125
1996,6,725730,6,6,186578,156624,1537,101.9024073
1996,6,725800,2,2,7378,6653,88,75.60227273
1996,6,735630,1,1,41690,34742,480,72.37916667
1996,6,735700,2,2,67858,52335,560,93.45535714
1996,6,735730,10,12,642049,509483,4979,102.3263708
1996,6,735800,16,20,1101902,841193,8609,97.71088396
1996,6,735830,7,8,196165,162324,1623,100.0147874
1996,6,735900,1,1,5596,5088,47,108.2553191
1996,6,736001,1,1,27231,19733,136,145.0955882
1996,6,745700,1,1,36934,27980,354,79.03954802
1996,6,745800,7,7,350893,277302,2948,94.06445047
1996,6,745830,13,19,1035913,810914,7847,103.3406397
1996,6,745900,1,2,156048,129488,940,137.7531915
1996,6,746000,1,1,3126,3751,400,9.3775
1996,6,755830,5,5,151604,113009,1053,107.3209877
1996,6,755900,9,9,613208,462774,4272,108.3272472
1996,6,755930,2,2,208822,167058,2340,71.39230769
1996,6,765900,2,2,76698,53059,379,139.9973615
1996,6,765930,5,5,311934,234381,1872,125.2035256
1996,6,766000,1,1,3124,2297,22,104.4090909
1996,6,775900,2,2,176105,119903,1140,105.1780702
1996,6,775930,2,2,103246,75216,796,94.49246231
1996,6,776000,1,1,111956,82321,376,218.9388298
1996,6,776030,1,1,91203,76002,800,95.0025
1996,7,655500,1,1,15651,15070,200,75.35
1996,7,665500,2,1,240647,198120,1000,198.12
1996,7,665530,2,2,155202,117393,687,170.8777293
1996,7,675530,4,4,280087,239646,2524,94.94690967
1996,7,675600,4,6,204694,184740,2810,65.74377224
1996,7,685600,4,4,99510,89030,1565,56.88817891
1996,7,685630,3,4,195709,183180,2125,86.20235294
1996,7,695600,2,1,16051,13376,300,44.58666667
1996,7,705600,1,1,26876,21675,387,56.00775194
1996,7,705630,3,2,21569,17851,450,39.66888889
1996,7,715600,2,2,142208,123446,785,157.256051
1996,7,715630,16,22,1442413,1200351,12300,97.5895122
1996,7,715700,9,11,399965,331823,3705,89.5608637
1996,7,715730,2,2,106019,83124,700,118.7485714
1996,7,725630,11,15,1127771,945181,9321,101.4033902
1996,7,725700,10,12,832304,686793,7710,89.07821012
1996,7,725730,8,8,380981,290613,3698,78.58653326
1996,7,725800,3,3,70035,55805,528,105.6912879
1996,7,735700,5,4,499685,409012,4063,100.6674871
1996,7,735730,12,17,1143990,892074,12161,73.35531617
1996,7,735800,18,23,1556746,1220203,12340,98.88192869
1996,7,735830,5,5,208621,169059,1625,104.0363077
1996,7,735900,2,2,88491,74460,756,98.49206349
1996,7,745730,1,1,48679,36601,357,102.5238095
1996,7,745800,7,10,512432,439290,4089,107.432135
1996,7,745830,10,10,701847,561880,5654,99.37743191
1996,7,745900,5,4,324364,256888,2924,87.85499316
1996,7,745930,2,2,24053,20212,500,40.424
1996,7,755830,5,4,183860,133705,2053,65.12664394
1996,7,755900,9,10,1205501,906184,7204,125.7890061
1996,7,755930,7,7,483204,396293,3162,125.3298545
1996,7,765900,2,2,97600,67478,655,103.0198473
1996,7,765930,4,4,461678,377445,2200,171.5659091
1996,7,775930,1,1,151670,101792,852,119.4741784
1996,7,776000,3,2,325957,256525,2467,103.9825699
1996,7,776030,1,1,26168,18428,150,122.8533333
1996,7,785930,1,1,30057,19774,200,98.87
1996,7,786030,1,1,287849,202710,1400,144.7928571
1996,8,655500,1,2,37263,26119,600,43.53166667
1996,8,665500,1,1,73559,65096,300,216.9866667
1996,8,665530,1,2,93950,77906,420,185.4904762
1996,8,675500,1,1,10078,10078,160,62.9875
1996,8,675530,8,6,391649,323321,4188,77.20176695
1996,8,675600,6,6,135472,123233,2076,59.36078998
1996,8,675630,1,1,97554,93806,750,125.0746667
1996,8,685530,1,1,8962,8701,237,36.71308017
1996,8,685600,4,4,139111,117442,1528,76.85994764
1996,8,685630,3,4,192868,144129,1663,86.66806975
1996,8,695600,2,2,20381,16756,635,26.38740157
1996,8,695700,1,1,8751,7292,87,83.81609195
1996,8,705600,4,4,125685,104811,2245,46.68641425
1996,8,705630,4,5,115197,95559,2203,43.37675897
1996,8,705701,2,2,781,662,55,12.03636364
1996,8,705730,1,1,782,663,95,6.978947368
1996,8,715600,4,6,436278,379367,3644,104.1072997
1996,8,715630,11,18,1013809,869154,9952,87.33460611
1996,8,715700,12,16,867814,704455,8928,78.90400986
1996,8,715730,2,2,37827,30794,348,88.48850575
1996,8,725630,8,9,625133,528930,4657,113.5774104
1996,8,725700,12,20,1062888,884238,11517,76.77676478
1996,8,725730,5,6,250984,209106,2364,88.45431472
1996,8,725800,2,2,15740,12933,116,111.4913793
1996,8,735700,5,5,292683,231115,2682,86.17263236
1996,8,735730,10,10,481846,391086,4230,92.45531915
1996,8,735800,10,12,524649,430480,3961,108.6796264
1996,8,735830,2,2,78047,65857,510,129.1313725
1996,8,735900,1,1,4200,4039,50,80.78
1996,8,745800,4,4,281568,251875,1763,142.8672717
1996,8,745830,2,2,55332,45866,439,104.4783599
1996,8,745900,2,2,27792,24506,213,115.0516432
1996,8,745930,2,2,4904,4338,65,66.73846154
1996,8,755830,1,1,47771,38525,372,103.561828
1996,8,755900,12,12,1161274,831377,7686,108.1677075
1996,8,755930,1,1,28247,22418,271,82.72324723
1996,8,756000,1,1,1337,1183,18,65.72222222
1996,8,765900,3,3,309810,210201,2253,93.29826897
1996,8,765930,6,6,912286,723131,5581,129.5701487
1996,8,766000,3,3,378388,291474,3063,95.1596474
1996,8,766030,1,1,125254,107977,600,179.9616667
1996,8,775900,1,1,64030,46038,600,76.73
1996,8,775930,1,1,86222,65318,650,100.4892308
1996,8,776000,5,6,735145,561028,5255,106.7607992
1996,8,776030,2,2,225004,167914,1350,124.3807407
1996,8,786030,1,1,167548,137335,896,153.2756696
1996,9,655500,1,2,7082,3934,300,13.11333333
1996,9,655530,1,1,6,5,18,0.277777778
1996,9,665500,4,4,237332,195752,1703,114.9453905
1996,9,665530,3,3,180129,149201,1814,82.24972437
1996,9,665600,2,2,6138,4599,439,10.476082
1996,9,665630,2,2,18643,13703,217,63.14746544
1996,9,675500,3,1,69188,58348,2309,25.26981377
1996,9,675530,3,5,267478,228081,2930,77.84334471
1996,9,675600,5,5,40354,37595,1055,35.63507109
1996,9,675630,1,1,1964,1693,120,14.10833333
1996,9,685530,2,2,135020,112481,633,177.6951027
1996,9,685600,4,4,144629,151369,1969,76.87607923
1996,9,685630,5,6,240704,242045,2572,94.10769829
1996,9,685700,1,1,38459,33154,585,56.67350427
1996,9,695600,1,1,19898,23688,242,97.88429752
1996,9,695631,1,1,50812,38205,600,63.675
1996,9,695700,4,2,41874,34896,642,54.35514019
1996,9,695730,1,1,163,133,53,2.509433962
1996,9,705600,1,1,38620,34178,465,73.50107527
1996,9,705630,3,3,61343,49307,1357,36.33529845
1996,9,705701,2,2,50318,42637,624,68.32852564
1996,9,705730,1,1,535,437,68,6.426470588
1996,9,715600,4,4,108427,90855,1465,62.01706485
1996,9,715630,15,28,1545174,1310169,17253,75.93861937
1996,9,715700,11,14,621409,504859,8259,61.12834484
1996,9,715730,2,2,5070,4125,143,28.84615385
1996,9,725530,1,1,113403,94503,1600,59.064375
1996,9,725630,11,14,814228,701245,8814,79.56035852
1996,9,725700,12,18,780259,667939,9240,72.28777056
1996,9,725730,12,11,493361,390628,3517,111.0685243
1996,9,725800,2,2,46655,38880,442,87.9638009
1996,9,735700,4,3,216610,195741,2163,90.49514563
1996,9,735730,12,13,492277,386265,3852,100.2764798
1996,9,735800,8,12,676609,593358,6531,90.85254938
1996,9,735830,1,1,139372,98846,1800,54.91444444
1996,9,745800,8,8,445745,352123,4270,82.46440281
1996,9,745830,9,9,1300791,995822,8460,117.7094563
1996,9,755830,3,4,264138,192033,3313,57.96347721
1996,9,755900,6,8,685573,576849,5606,102.8985016
1996,9,755930,2,2,213002,178839,1516,117.9676781
1996,9,765900,1,1,23870,18083,640,28.2546875
1996,9,765930,8,9,1040076,784936,6468,121.3568336
1996,9,766000,9,10,1583609,1293635,8717,148.4036939
1996,9,766030,1,1,109245,89546,720,124.3694444
1996,9,775900,1,1,214172,164748,1000,164.748
1996,9,775930,3,4,621514,431576,3900,110.6605128
1996,9,776000,2,4,413374,332152,3100,107.1458065
1996,9,776030,1,3,206233,169872,1480,114.7783784
1996,9,776100,1,1,76747,66161,400,165.4025
1997,3,665530,1,1,73529,51781,375,138.0826667
1997,3,665700,1,1,16,15,38,0.394736842
1997,3,675530,2,2,83277,61260,339,180.7079646
1997,3,675600,2,2,133468,112361,407,276.0712531
1997,3,725630,1,1,3824,3161,33,95.78787879
1997,3,725730,1,1,1898,1680,21,80
1997,3,735730,1,1,15332,13568,116,116.9655172
1997,3,735800,1,1,8488,7512,62,121.1612903
1997,3,735830,1,1,127118,100887,512,197.0449219
1997,3,745800,1,1,6122,5418,16,338.625
1997,3,745830,4,4,113157,99955,1105,90.45701357
1997,3,755830,1,1,10165,8067,93,86.74193548
1997,4,665500,1,1,280,200,24,8.333333333
1997,4,665530,2,2,623072,447647,1988,225.1745473
1997,4,675530,3,3,166872,133794,361,370.6204986
1997,4,675600,6,6,209173,171633,685,250.5591241
1997,4,675630,1,1,47827,40532,189,214.4550265
1997,4,685530,1,1,173982,149984,286,524.4195804
1997,4,685600,1,1,20983,18246,53,344.2641509
1997,4,685630,1,1,102420,89061,363,245.3471074
1997,4,695600,1,1,108272,89481,300,298.27
1997,4,715630,1,1,115474,96228,276,348.6521739
1997,4,725630,1,1,70792,58993,142,415.443662
1997,4,735830,1,1,188203,156836,718,218.4345404
1997,4,745830,3,3,74642,58712,637,92.16954474
1997,4,755830,2,2,368,316,73,4.328767123
1997,4,755900,2,2,38616,28795,264,109.0719697
1997,4,765930,1,1,83180,59414,415,143.1662651
1997,4,775930,1,1,5970,4265,155,27.51612903
1997,4,776000,1,1,1076,769,36,21.36111111
1997,4,785930,1,1,1362,973,32,30.40625
1997,4,786000,1,1,161,115,16,7.1875
1997,5,635630,1,1,60858,52463,314,167.0796178
1997,5,665500,1,1,11087,8799,125,70.392
1997,5,665530,5,6,322554,241479,1700,142.0464706
1997,5,665600,3,4,231978,200501,1080,185.6490741
1997,5,675500,3,3,555734,450342,2024,222.5009881
1997,5,675530,12,14,1343712,1136587,4715,241.0576882
1997,5,675600,20,30,2879820,2527551,10271,246.0861649
1997,5,675630,6,7,611638,499347,2024,246.7129447
1997,5,685530,9,12,1788498,1545418,6522,236.9546151
1997,5,685600,19,38,4763619,4127322,18240,226.2786184
1997,5,685630,11,22,2597436,2266450,9869,229.6534603
1997,5,685700,2,2,120682,108170,679,159.3078056
1997,5,705600,1,1,167021,147813,827,178.7339782
1997,5,705630,1,1,73207,61518,284,216.6126761
1997,5,715600,4,4,616776,541979,2196,246.8028233
1997,5,715630,7,11,1199173,1040509,4941,210.5867233
1997,5,715700,2,2,14963,14351,256,56.05859375
1997,5,725630,6,6,1287655,1076078,4074,264.1330388
1997,5,725700,1,2,136332,118162,490,241.1469388
1997,5,735730,1,1,208066,187447,920,203.7467391
1997,5,735830,1,1,138409,112527,496,226.8689516
1997,5,745830,2,2,224619,185976,660,281.7818182
1997,6,665500,2,3,253008,180168,948,190.0506329
1997,6,665530,11,12,1438326,1143727,6285,181.9772474
1997,6,665600,6,4,411331,372290,2683,138.758852
1997,6,665630,1,1,127630,120406,420,286.6809524
1997,6,675500,7,7,467083,386419,2009,192.3439522
1997,6,675530,13,20,2330508,1908432,10849,175.908563
1997,6,675600,20,27,2691460,2299744,12413,185.2689922
1997,6,675630,9,12,1079386,943392,5069,186.1100809
1997,6,675700,1,1,94218,81929,268,305.7052239
1997,6,685530,8,9,1521471,1270339,5764,220.3919153
1997,6,685600,23,36,3616919,3220721,16560,194.4879831
1997,6,685630,11,15,1137369,1008448,5797,173.9603243
1997,6,685700,1,1,156466,140961,1375,102.5170909
1997,6,695600,3,3,232667,211435,1100,192.2136364
1997,6,695631,3,3,173254,159155,1238,128.5581583
1997,6,705600,1,1,14189,12783,160,79.89375
1997,6,705630,1,1,26048,23679,145,163.3034483
1997,6,715600,4,4,375350,324531,1718,188.9004657
1997,6,715630,5,9,839310,720948,4171,172.8477583
1997,6,715700,1,1,23244,21928,275,79.73818182
1997,6,725630,5,8,1207679,1025403,4292,238.9102982
1997,6,725700,2,4,201670,172251,1538,111.996749
1997,6,735730,1,1,15781,14346,175,81.97714286
1997,6,735800,1,1,12412,10174,34,299.2352941
1997,6,735830,1,1,33114,27142,95,285.7052632
1997,6,745830,1,1,109314,89601,291,307.9072165
1997,6,775900,2,1,19352,16125,76,212.1710526
1997,6,775930,1,1,65975,48158,400,120.395
1997,6,785930,1,1,238035,164162,1245,131.8570281
1997,7,665500,4,4,633582,492788,3031,162.582646
1997,7,665530,8,14,1895856,1488353,9532,156.1427822
1997,7,665600,3,3,376571,311353,1721,180.9140035
1997,7,665630,1,1,12281,9520,112,85
1997,7,675500,12,16,1609168,1337293,7892,169.4491891
1997,7,675530,22,30,4294003,3422137,19163,178.5804415
1997,7,675600,15,23,1698073,1473411,10791,136.5407284
1997,7,675630,4,5,451314,395987,2472,160.1889159
1997,7,685500,2,2,51430,40804,429,95.11421911
1997,7,685530,14,19,1934353,1628935,9435,172.6481187
1997,7,685600,19,32,2791251,2512829,13115,191.5996188
1997,7,685630,10,12,879242,782179,5834,134.072506
1997,7,695600,5,5,181510,156992,1561,100.5714286
1997,7,695631,2,3,220751,182150,1421,128.1843772
1997,7,705600,2,2,112022,104729,634,165.1876972
1997,7,705630,1,1,26152,22162,205,108.1073171
1997,7,715600,5,6,524652,462225,2874,160.8298539
1997,7,715630,9,10,844017,714856,4348,164.4103036
1997,7,715700,1,1,6249,5208,34,153.1764706
1997,7,725630,11,14,2224531,1868769,9727,192.1218258
1997,7,725700,2,4,383854,328208,2320,141.4689655
1997,7,725730,2,2,458516,388471,1550,250.6264516
1997,7,735600,1,1,90145,74500,250,298
1997,7,735630,1,1,213503,175003,1000,175.003
1997,7,735700,3,3,242452,212036,1611,131.6176288
1997,7,735730,3,4,585198,509885,2220,229.6779279
1997,7,735800,2,2,25314,20726,308,67.29220779
1997,7,735830,1,1,49983,40309,240,167.9541667
1997,7,745700,1,1,253089,212680,1000,212.68
1997,7,745830,2,2,121318,97916,524,186.8625954
1997,8,665430,4,4,218293,164328,1530,107.4039216
1997,8,665500,10,9,474400,341656,4044,84.48466864
1997,8,665530,16,20,1841087,1420686,12738,111.5313236
1997,8,665600,5,6,489974,409683,3535,115.8933522
1997,8,665630,3,3,185386,138270,1721,80.34282394
1997,8,675400,1,1,60652,50543,231,218.8008658
1997,8,675430,2,2,33081,26359,224,117.6741071
1997,8,675500,15,19,1772075,1339442,11587,115.5986882
1997,8,675530,15,22,2256221,1806977,13295,135.9140278
1997,8,675600,12,13,825179,693355,5656,122.5875177
1997,8,675630,2,3,93059,78741,553,142.3887884
1997,8,675700,1,1,15743,14056,300,46.85333333
1997,8,675800,1,1,42466,33973,256,132.7070313
1997,8,685500,1,1,6869,5539,100,55.39
1997,8,685530,6,5,378465,299391,2809,106.5827697
1997,8,685600,15,19,1059924,914048,7060,129.4685552
1997,8,685630,8,14,703714,619092,5256,117.7876712
1997,8,685730,1,1,12310,10521,200,52.605
1997,8,695600,3,3,177663,158560,1450,109.3517241
1997,8,695631,3,3,143656,119484,1071,111.5630252
1997,8,705630,1,1,1051,822,70,11.74285714
1997,8,705701,1,1,146286,123971,802,154.5773067
1997,8,715600,1,1,11625,11071,75,147.6133333
1997,8,715630,7,9,428255,368760,3469,106.3015278
1997,8,715700,2,2,64890,53930,369,146.1517615
1997,8,715730,1,1,9233,7891,150,52.60666667
1997,8,725600,2,2,108864,82526,477,173.0104822
1997,8,725630,11,14,1359875,1165948,8679,134.3412836
1997,8,725700,6,9,900456,756507,5076,149.036052
1997,8,725730,2,2,165191,132837,1269,104.678487
1997,8,735630,3,3,81748,68568,662,103.5770393
1997,8,735700,6,6,506177,442924,3100,142.8787097
1997,8,735730,6,9,742320,653543,4387,148.9726465
1997,8,735800,3,3,103164,87989,938,93.80490405
1997,8,745800,2,2,65665,53800,315,170.7936508
1997,8,745830,2,2,74209,63453,272,233.2830882
1997,8,755830,1,2,85575,70723,490,144.3326531
1997,9,655430,1,1,8511,5790,48,120.625
1997,9,655500,2,2,15193,11308,282,40.09929078
1997,9,655530,3,2,99922,76797,1086,70.71546961
1997,9,655600,2,2,23120,17783,254,70.01181102
1997,9,665401,1,1,18619,12667,105,120.6380952
1997,9,665430,4,4,46801,36211,532,68.06578947
1997,9,665500,12,17,686879,520305,6038,86.17174561
1997,9,665530,14,16,862609,674587,7882,85.58576503
1997,9,665600,8,7,380698,301678,3554,84.88407428
1997,9,665630,2,2,3912,2831,128,22.1171875
1997,9,675430,1,1,17958,14965,247,60.58704453
1997,9,675500,17,17,1243198,950790,8023,118.5080394
1997,9,675530,16,21,1159258,969912,11728,82.7005457
1997,9,675600,8,9,403855,343918,3897,88.25198871
1997,9,675630,1,2,49335,39992,645,62.00310078
1997,9,675700,1,1,5343,4275,110,38.86363636
1997,9,685430,1,1,17958,14965,247,60.58704453
1997,9,685500,3,3,86476,68294,902,75.71396896
1997,9,685530,3,3,693702,501528,3087,162.4645287
1997,9,685600,11,13,625750,532102,4448,119.6272482
1997,9,685630,7,8,291997,255321,3126,81.67658349
1997,9,685700,1,1,91085,79899,800,99.87375
1997,9,695530,1,1,35987,27897,400,69.7425
1997,9,695600,4,4,66770,54157,793,68.29382093
1997,9,695631,1,1,41867,32966,580,56.83793103
1997,9,705600,1,1,96712,82660,785,105.2993631
1997,9,715600,2,2,195775,170478,1500,113.652
1997,9,715630,9,12,712300,616155,5451,113.0352229
1997,9,715700,4,5,250122,208353,1750,119.0588571
1997,9,725630,12,17,1002999,853895,8154,104.7209958
1997,9,725700,9,17,1378053,1158462,8238,140.6241806
1997,9,725730,5,5,300770,251406,2556,98.35915493
1997,9,735630,4,5,279608,229676,1922,119.4984391
1997,9,735700,13,16,1102453,929619,8167,113.826252
1997,9,735730,12,17,1349154,1098269,10562,103.9830525
1997,9,735800,4,4,398978,332158,3019,110.022524
1997,9,735900,1,1,2155,1826,255,7.160784314
1997,9,745830,1,1,2155,1826,340,5.370588235
1997,9,776030,1,1,115363,86091,1100,78.26454545
1997,10,645530,1,3,240079,172947,1992,86.82078313
1997,10,655430,1,1,74184,46078,431,106.9095128
1997,10,655500,3,3,289752,209077,2129,98.20432128
1997,10,655530,6,8,525769,401371,4116,97.51482021
1997,10,655600,3,3,169003,130914,1714,76.37922987
1997,10,665430,2,2,64636,49810,697,71.46341463
1997,10,665500,11,11,669694,514094,7377,69.68876237
1997,10,665530,12,14,927726,720295,7929,90.84310758
1997,10,665600,6,7,253448,209193,2447,85.48957908
1997,10,665630,1,1,74560,51778,550,94.14181818
1997,10,675500,6,7,233187,185812,2322,80.02239449
1997,10,675530,8,10,690942,549354,5634,97.50692226
1997,10,675600,9,13,651071,575159,6907,83.27189807
1997,10,675630,3,3,163534,143719,1310,109.7091603
1997,10,685500,1,1,64222,56834,1500,37.88933333
1997,10,685530,5,5,357079,311224,3260,95.46748466
1997,10,685600,7,8,499062,439038,4647,94.47772757
1997,10,685630,4,4,294767,271699,2611,104.0593642
1997,10,685700,1,1,157051,134077,1085,123.5732719
1997,10,685830,1,1,108886,98095,1200,81.74583333
1997,10,695600,3,3,76827,61958,938,66.0533049
1997,10,695631,1,1,16891,15355,433,35.46189376
1997,10,705630,1,1,11670,9725,100,97.25
1997,10,715630,7,9,503219,430785,5584,77.14631089
1997,10,715700,7,12,846701,705405,8020,87.95573566
1997,10,715730,1,1,5434,3909,47,83.17021277
1997,10,725600,1,1,11670,9725,100,97.25
1997,10,725630,6,8,349149,293879,3353,87.64658515
1997,10,725700,14,21,1127286,966297,10266,94.12594974
1997,10,725730,11,13,522678,444192,5126,86.65470152
1997,10,735630,3,3,279545,207481,1344,154.375744
1997,10,735700,9,9,373475,319790,3026,105.6807667
1997,10,735730,15,20,971549,808807,8291,97.55240622
1997,10,735800,4,4,137069,113098,1566,72.22094508
1997,10,745800,4,4,15660,12575,340,36.98529412
1997,10,745830,5,5,321339,260196,2963,87.81505231
1997,10,755830,3,3,5782,4438,298,14.89261745
1997,10,755900,1,1,21872,19186,500,38.372
1997,10,755930,1,1,76077,54732,723,75.70124481
1997,10,765930,2,1,88469,65404,1319,49.58605004
1997,10,775930,1,1,143329,98847,1200,82.3725
1997,10,786030,2,2,334266,268967,3750,71.72453333
1997,11,635830,1,1,96898,81427,700,116.3242857
1997,11,645501,1,1,24891,18037,360,50.10277778
1997,11,655500,2,2,55004,41202,680,60.59117647
1997,11,655530,5,6,327384,256862,3505,73.28445078
1997,11,655600,2,2,100364,81664,1251,65.27897682
1997,11,665430,1,1,78203,65170,650,100.2615385
1997,11,665500,2,2,81245,67704,1073,63.09785648
1997,11,665530,7,9,676296,540057,6368,84.80794598
1997,11,675500,6,6,309754,262038,3063,85.54946131
1997,11,675530,8,9,545472,473726,5089,93.08822951
1997,11,675600,7,10,563980,494008,5698,86.6984907
1997,11,675630,1,1,45603,40268,400,100.67
1997,11,685530,3,3,422532,350786,3184,110.1714824
1997,11,685600,9,13,751513,674273,7671,87.89897015
1997,11,685630,4,4,218115,193428,2399,80.62859525
1997,11,685700,1,1,36273,30740,200,153.7
1997,11,695600,3,3,141266,125024,1374,90.99272198
1997,11,705600,1,1,50,46,0,
1997,11,705630,2,2,62716,52707,675,78.08444444
1997,11,715600,3,4,224761,193022,2936,65.74318801
1997,11,715630,7,9,426067,357820,6152,58.16319896
1997,11,715700,11,15,640493,546130,7407,73.73160524
1997,11,715730,3,3,44826,35479,652,54.41564417
1997,11,725630,8,11,473278,395537,6555,60.34126621
1997,11,725700,11,15,765678,643849,7509,85.74364096
1997,11,725730,8,8,184999,157423,2317,67.94259819
1997,11,725800,1,1,26179,22764,260,87.55384615
1997,11,735630,1,1,88726,74559,625,119.2944
1997,11,735700,6,6,119757,95571,1407,67.92537313
1997,11,735730,12,13,437555,367128,4300,85.37860465
1997,11,735800,10,10,441653,369848,5492,67.34304443
1997,11,735830,4,5,167016,139968,1224,114.3529412
1997,11,745300,1,1,10448,8162,148,55.14864865
1997,11,745730,1,1,21325,18543,400,46.3575
1997,11,745800,4,4,22434,19598,554,35.37545126
1997,11,745830,5,5,304292,264380,2240,118.0267857
1997,11,755830,1,1,118,90,134,0.671641791
1997,11,765830,1,1,59,46,67,0.686567164
1997,11,765900,1,1,22009,18341,280,65.50357143
1997,11,766000,1,1,3685,3046,35,87.02857143
1997,11,775930,1,1,59813,49432,323,153.0402477
1997,11,786030,1,1,146475,99642,960,103.79375
1997,12,645530,2,2,140869,104036,824,126.2572816
1997,12,645630,1,1,48100,32721,388,84.33247423
1997,12,655500,1,1,11454,8811,131,67.25954198
1997,12,655530,3,3,100168,76516,1024,74.72265625
1997,12,655600,1,1,7527,6021,94,64.05319149
1997,12,665500,3,4,75441,55800,783,71.26436782
1997,12,665530,5,6,153000,125975,1254,100.4585327
1997,12,665600,2,2,47624,41055,168,244.375
1997,12,675500,1,1,55957,44766,600,74.61
1997,12,675530,4,7,380724,297241,3348,88.78166069
1997,12,675600,8,9,252836,229112,2780,82.41438849
1997,12,675630,1,1,9885,8595,300,28.65
1997,12,685530,2,2,2514,2400,153,15.68627451
1997,12,685600,5,5,225804,239514,1285,186.3922179
1997,12,685700,1,1,47724,42984,325,132.2584615
1997,12,695600,2,2,31326,26106,426,61.28169014
1997,12,705600,5,5,153098,131210,2037,64.41335297
1997,12,705630,1,1,352,275,25,11
1997,12,715630,6,7,155310,129507,1407,92.04477612
1997,12,715700,6,6,204351,171449,2498,68.63450761
1997,12,725530,1,1,72673,49437,700,70.62428571
1997,12,725630,4,4,50643,41393,600,68.98833333
1997,12,725700,2,2,83719,71777,1170,61.34786325
1997,12,725730,1,1,55825,51216,348,147.1724138
1997,12,735700,5,6,292328,246898,2835,87.08924162
1997,12,735730,3,3,53597,46060,865,53.24855491
1997,12,735800,1,1,54959,45799,511,89.62622309
1997,12,745800,1,1,65874,54892,530,103.5698113
1997,12,745830,3,4,436302,369537,3210,115.1205607
1997,12,755930,1,1,1905,1269,70,18.12857143
1997,12,765930,1,1,13045,8696,596,14.59060403
1997,12,766000,1,1,2380,1587,64,24.796875
1997,12,775930,1,1,11312,7541,198,38.08585859
1997,12,776000,1,1,3361,2241,88,25.46590909
1997,12,776030,1,1,5618,3745,154,24.31818182
1997,12,785930,1,1,21,14,82,0.170731707
1997,12,786030,1,1,110930,73953,785,94.20764331
1997,13,655530,1,1,21119,16895,194,87.08762887
1997,13,665530,2,2,68558,56848,387,146.8940568
1997,13,665600,1,1,55083,39357,339,116.0973451
1997,13,675530,1,2,52769,44658,661,67.5612708
1997,13,725600,1,1,48819,39055,550,71.00909091
1997,13,725630,1,1,48819,39055,550,71.00909091
1997,13,725700,1,1,83696,77497,800,96.87125
1998,3,655530,1,1,124626,95863,400,239.6575
1998,3,665430,1,1,10439,7816,59,132.4745763
1998,3,665500,6,8,198493,146730,1163,126.1650903
1998,3,665530,6,6,325110,217643,995,218.7366834
1998,3,665600,1,1,13482,10136,116,87.37931034
1998,3,675500,5,7,624890,424695,1348,315.055638
1998,3,675530,12,21,3453616,2469212,8158,302.6736945
1998,3,675600,11,14,1623276,1237250,3526,350.8933636
1998,3,675630,5,5,273712,203141,609,333.5648604
1998,3,685530,8,10,1333525,927162,2312,401.0216263
1998,3,685600,12,17,2064310,1578440,4266,370.0046882
1998,3,685630,6,8,913376,685568,1652,414.9927361
1998,3,685700,1,1,50202,40815,124,329.1532258
1998,3,695600,1,1,117789,92023,400,230.0575
1998,3,695631,1,1,27196,20919,90,232.4333333
1998,3,705701,1,1,40970,32008,250,128.032
1998,3,715630,1,1,5282,4476,158,28.32911392
1998,3,715700,1,1,99548,82271,450,182.8244444
1998,3,725630,2,2,156294,123632,1154,107.1334489
1998,4,655430,1,1,66906,39357,167,235.6706587
1998,4,655500,1,1,78268,48017,150,320.1133333
1998,4,655530,2,2,68999,57794,180,321.0777778
1998,4,665401,1,1,66907,39357,167,235.6706587
1998,4,665430,1,1,66906,39357,167,235.6706587
1998,4,665500,5,6,606896,397772,1840,216.1804348
1998,4,665530,12,13,1238441,875800,3934,222.6232842
1998,4,665600,6,6,540020,420889,2033,207.0285293
1998,4,665630,2,1,213966,137835,938,146.945629
1998,4,675500,14,17,2694069,1786257,6061,294.7132486
1998,4,675530,25,43,6784365,4852574,16306,297.5943824
1998,4,675600,19,40,5541828,4256970,14224,299.280793
1998,4,675630,8,8,982206,727962,2461,295.7992686
1998,4,675700,1,1,155422,110229,400,275.5725
1998,4,685500,4,4,281322,201894,455,443.7230769
1998,4,685530,17,28,4470414,3187276,9791,325.5312021
1998,4,685600,22,39,6712087,5289731,15149,349.1802099
1998,4,685630,16,25,3962243,3161783,8042,393.1587913
1998,4,685700,1,1,196713,147905,429,344.7668998
1998,4,695600,3,3,505724,392583,889,441.6006749
1998,4,695631,4,4,201509,150372,443,339.4401806
1998,4,695632,1,1,8092,5658,12,471.5
1998,4,705600,1,1,238551,187835,405,463.7901235
1998,4,705630,2,2,19790,15829,193,82.01554404
1998,4,705701,1,1,192872,149918,650,230.6430769
1998,4,715600,3,3,102959,83537,481,173.6735967
1998,4,715630,5,10,1147280,927781,3191,290.7492949
1998,4,715700,2,4,610109,496286,2446,202.8969747
1998,4,715730,1,1,144845,108906,605,180.0099174
1998,4,725630,6,7,989824,799530,2698,296.3417346
1998,4,725700,3,3,694759,541717,1536,352.6803385
1998,4,725730,1,1,244859,208040,640,325.0625
1998,4,735600,1,1,38769,32307,300,107.69
1998,4,735700,1,1,100638,83172,230,361.6173913
1998,5,655500,1,2,368172,228294,800,285.3675
1998,5,655530,1,1,15901,11955,40,298.875
1998,5,665500,1,1,4139,2956,30,98.53333333
1998,5,665530,6,6,910416,594926,2076,286.5732177
1998,5,665600,4,4,382759,298964,905,330.3469613
1998,5,665630,2,2,246560,170159,1110,153.2963964
1998,5,675500,13,15,2121594,1413646,5965,236.990109
1998,5,675530,19,26,2964900,2162360,9486,227.9527725
1998,5,675600,22,35,4797908,3676934,13831,265.8472995
1998,5,675630,8,8,1061199,809634,3231,250.5831012
1998,5,675700,2,2,130201,106050,305,347.704918
1998,5,685500,3,3,287231,203928,484,421.338843
1998,5,685530,18,24,4279416,3020324,10531,286.8031526
1998,5,685600,18,32,5254752,4107640,13486,304.5854961
1998,5,685630,10,16,2336210,1875894,5670,330.8455026
1998,5,685700,1,1,196544,153551,633,242.5766193
1998,5,695631,2,2,316331,261330,854,306.0070258
1998,5,705600,1,1,245837,195109,380,513.4447368
1998,5,705701,1,1,111902,87424,456,191.7192982
1998,5,715600,1,1,571,402,34,11.82352941
1998,5,715630,3,4,171454,143893,768,187.3606771
1998,5,715700,2,2,119086,106203,275,386.1927273
1998,5,725630,2,3,416984,345213,1580,218.4892405
1998,5,725700,5,5,559687,455744,1926,236.6272066
1998,5,735630,1,1,182306,145845,550,265.1727273
1998,5,735700,1,1,110996,91732,300,305.7733333
1998,5,735730,1,1,147995,122310,400,305.775
1998,6,645530,1,1,105526,65952,200,329.76
1998,6,655500,2,3,358954,219436,670,327.5164179
1998,6,655530,1,1,169041,112694,527,213.8406072
1998,6,665500,7,9,1037902,662592,4325,153.2004624
1998,6,665530,3,4,548312,379239,1840,206.1081522
1998,6,665600,1,1,84304,67987,500,135.974
1998,6,665630,2,1,64950,52834,200,264.17
1998,6,675400,1,1,175200,147228,804,183.119403
1998,6,675500,12,14,1824725,1185454,6675,177.5961049
1998,6,675530,15,20,2030643,1399090,7390,189.3220568
1998,6,675600,20,31,3416313,2634257,12201,215.9050078
1998,6,675630,6,6,888449,698512,2528,276.3101266
1998,6,685500,5,5,77857,50966,499,102.1362725
1998,6,685530,18,25,3245337,2334904,10837,215.4566762
1998,6,685600,25,42,6384968,5086544,19841,256.3653042
1998,6,685630,15,26,3094552,2456767,8602,285.6041618
1998,6,695600,5,6,987029,742806,2403,309.1161049
1998,6,695631,4,4,260075,211231,578,365.4515571
1998,6,705600,1,1,234404,181709,450,403.7977778
1998,6,705701,2,1,66412,51331,179,286.7653631
1998,6,715600,1,2,199658,169068,743,227.5477793
1998,6,715630,4,7,758537,620802,2691,230.6956522
1998,6,715700,1,3,506697,423691,1770,239.3734463
1998,6,725630,4,5,588591,482819,1958,246.5878447
1998,6,725700,6,6,546990,456436,1627,280.5384143
1998,6,725730,1,1,127357,112705,350,322.0142857
1998,6,735630,1,1,124585,98877,243,406.9012346
1998,6,735700,1,1,119048,96006,400,240.015
1998,7,655500,4,8,1108683,704859,3031,232.5499835
1998,7,655530,2,2,374957,228056,1836,124.2135076
1998,7,665500,5,5,469433,289365,1933,149.6973616
1998,7,665530,9,11,1581159,1055578,5798,182.0589859
1998,7,665600,4,5,109988,79105,1536,51.50065104
1998,7,675430,1,1,221180,141782,320,443.06875
1998,7,675500,10,13,1545666,1010017,6029,167.5264555
1998,7,675530,13,20,1897681,1325580,7342,180.5475347
1998,7,675600,15,23,2360019,1775896,9317,190.6081357
1998,7,675630,4,5,701982,545659,2907,187.7051944
1998,7,685500,3,3,244079,166171,751,221.2663116
1998,7,685530,10,11,891447,647818,3511,184.5109655
1998,7,685600,22,43,5380626,4312126,18381,234.5969207
1998,7,685630,19,29,3684839,2878660,10520,273.6368821
1998,7,685700,1,1,164010,124250,455,273.0769231
1998,7,695600,12,15,1830440,1522887,5819,261.7094002
1998,7,695631,11,15,1777507,1442429,4350,331.5928736
1998,7,695700,1,1,89608,74643,267,279.5617978
1998,7,705600,5,5,519265,385368,2609,147.7071675
1998,7,705701,1,1,110645,83192,327,254.4097859
1998,7,715600,1,1,108916,92302,503,183.5029821
1998,7,715630,4,5,569371,449866,2445,183.994274
1998,7,715700,2,4,732236,616359,2685,229.5564246
1998,7,725600,3,3,157781,110965,825,134.5030303
1998,7,725630,5,5,351822,277766,1210,229.5586777
1998,7,725700,6,11,1001726,810682,2724,297.6071953
1998,7,725730,2,2,337039,237032,1415,167.5137809
1998,7,735630,3,3,154720,117247,607,193.1581549
1998,7,735700,3,4,326896,256186,1386,184.8383838
1998,7,735730,1,1,282062,215315,720,299.0486111
1998,8,655500,4,4,548424,343011,2660,128.9515038
1998,8,655530,5,7,1012841,680316,4343,156.6465577
1998,8,665500,5,5,318162,198845,1993,99.77170095
1998,8,665530,11,14,1444920,1121496,4961,226.0624874
1998,8,665600,2,2,107134,70093,625,112.1488
1998,8,675500,5,6,783731,500494,2752,181.8655523
1998,8,675530,11,14,1639538,1169119,6098,191.721712
1998,8,675600,12,20,2439705,1727283,10705,161.3529192
1998,8,675630,3,3,71426,54054,577,93.68110919
1998,8,685500,2,2,34990,23333,103,226.5339806
1998,8,685530,7,7,323755,239831,1575,152.2736508
1998,8,685600,23,47,4194447,3368815,17577,191.6604085
1998,8,685630,18,29,3068033,2434705,12760,190.8076019
1998,8,685700,2,2,164030,131686,1038,126.8651252
1998,8,695600,15,19,898879,728243,4442,163.9448447
1998,8,695631,11,18,1955685,1558775,7130,218.6220196
1998,8,695632,2,3,96549,74539,362,205.9088398
1998,8,695730,1,1,82685,65623,340,193.0088235
1998,8,705600,6,7,378351,314191,2064,152.2243217
1998,8,705630,2,3,200384,162587,752,216.206117
1998,8,705701,2,2,162572,132474,478,277.1422594
1998,8,715600,3,3,305282,253228,1421,178.2040816
1998,8,715630,8,13,927447,747402,5327,140.3044866
1998,8,715700,2,2,120422,102745,830,123.7891566
1998,8,725630,5,5,529208,416258,2705,153.884658
1998,8,725700,7,12,1244493,987958,4371,226.0256234
1998,8,725730,2,2,67667,55299,184,300.5380435
1998,8,735530,1,1,352,291,18,16.16666667
1998,8,735700,4,4,201691,163514,1161,140.838932
1998,8,735730,5,5,368240,290572,1264,229.8829114
1998,8,735800,1,1,126868,102313,716,142.8952514
1998,8,755700,1,1,103537,84866,250,339.464
1998,8,765830,1,1,68,56,28,2
1998,9,645501,3,3,278084,176891,1442,122.6705964
1998,9,645530,1,1,3491,2142,73,29.34246575
1998,9,655430,1,1,10,6,1,6
1998,9,655500,5,7,402599,250573,2527,99.15829046
1998,9,655530,8,8,365517,242348,2535,95.60078895
1998,9,655600,3,3,12624,8649,187,46.2513369
1998,9,665430,1,1,419,249,9,27.66666667
1998,9,665500,6,7,302237,206952,2348,88.13969336
1998,9,665530,11,13,1012238,707950,4828,146.6342171
1998,9,665600,5,7,395077,261091,2461,106.0914262
1998,9,675500,8,9,892943,606542,3625,167.321931
1998,9,675530,14,22,1932459,1451624,9753,148.8387163
1998,9,675600,5,10,822210,595707,4447,133.9570497
1998,9,675630,6,7,830765,643559,3132,205.4786079
1998,9,685530,4,4,523269,310997,1495,208.0247492
1998,9,685600,12,22,2433064,1971103,11463,171.9535026
1998,9,685630,15,38,3410976,2707998,17375,155.856
1998,9,685700,6,8,785102,638212,3641,175.2848119
1998,9,685730,1,1,2798,2104,26,80.92307692
1998,9,695600,4,4,88575,71088,317,224.2523659
1998,9,695631,13,17,1765189,1404065,7747,181.2398348
1998,9,695700,9,9,421853,319776,3542,90.28119706
1998,9,705600,4,4,321920,244909,2017,121.4224095
1998,9,705630,3,3,37006,30935,462,66.95887446
1998,9,705701,1,1,181042,145601,554,262.8176895
1998,9,715630,7,12,1145484,957843,4805,199.3429761
1998,9,715700,4,5,539612,463543,2495,185.7887776
1998,9,715730,1,1,134188,111823,534,209.406367
1998,9,725600,1,1,152249,127940,440,290.7727273
1998,9,725630,2,4,159936,133523,742,179.9501348
1998,9,725700,12,17,1794091,1489720,6551,227.4034499
1998,9,725730,3,4,431674,356882,954,374.0901468
1998,9,735700,2,2,42404,35297,247,142.902834
1998,9,735730,5,6,620375,504057,1589,317.2164884
1998,9,745830,1,1,153334,133333,330,404.0393939
1998,10,645501,1,1,83350,52095,240,217.0625
1998,10,645530,3,3,319814,199828,1202,166.2462562
1998,10,655500,4,5,586275,387770,2965,130.7824621
1998,10,655530,8,7,448316,284093,2141,132.6917328
1998,10,655600,2,2,10357,6465,173,37.3699422
1998,10,665500,4,3,165120,118900,1853,64.16621695
1998,10,665530,4,5,375860,255788,1606,159.2702366
1998,10,665600,7,9,621218,431097,4067,105.9987706
1998,10,665630,2,2,2079,1437,86,16.70930233
1998,10,675500,6,7,709339,513111,3130,163.9332268
1998,10,675530,7,9,1104746,771308,4707,163.8640323
1998,10,675600,11,14,1153694,894102,6884,129.8811737
1998,10,675630,10,11,797345,573068,4919,116.5009148
1998,10,675700,1,1,24377,19044,180,105.8
1998,10,675730,1,1,48970,40472,207,195.5169082
1998,10,685500,2,2,15498,11785,41,287.4390244
1998,10,685530,4,4,339793,201362,1034,194.7408124
1998,10,685600,11,14,1212970,1010727,7125,141.8564211
1998,10,685630,23,37,3234367,2541884,17869,142.2510493
1998,10,685700,9,11,714553,548124,3721,147.305563
1998,10,685730,1,1,97345,67135,560,119.8839286
1998,10,695600,1,1,65761,52191,300,173.97
1998,10,695631,10,12,925575,750659,4718,159.1053412
1998,10,695632,1,1,53717,43672,356,122.6741573
1998,10,695700,7,12,855256,689630,4632,148.8838515
1998,10,705600,2,2,139495,117182,1097,106.8204193
1998,10,705630,3,3,477256,398022,1142,348.530648
1998,10,705701,4,4,417865,349729,1315,265.9536122
1998,10,705702,1,1,286188,251042,1000,251.042
1998,10,705730,4,5,38735,33484,207,161.7584541
1998,10,705800,1,1,220104,180789,545,331.7229358
1998,10,715600,2,2,83752,72072,658,109.5319149
1998,10,715630,7,7,527848,431596,2094,206.1107927
1998,10,715700,18,27,2903027,2423826,11830,204.8880811
1998,10,715730,7,7,630863,566329,2156,262.6757885
1998,10,725630,3,4,245179,212920,955,222.9528796
1998,10,725700,12,13,1853750,1511479,5755,262.6375326
1998,10,725730,10,13,1548595,1318126,4447,296.4079154
1998,10,725800,2,2,134541,110075,465,236.7204301
1998,10,735700,4,4,516825,430225,1495,287.7759197
1998,10,735730,6,6,825637,713505,3037,234.9374383
1998,10,735800,3,3,259584,204869,693,295.6262626
1998,10,735830,2,2,257862,198438,724,274.0856354
1998,10,745800,1,1,145995,124782,545,228.9577982
1998,10,755830,1,1,13465,10201,315,32.38412698
1998,11,645501,2,3,295011,182835,1133,161.3724625
1998,11,645530,3,3,357696,235519,1628,144.6676904
1998,11,645600,1,1,254867,159292,1350,117.9940741
1998,11,645630,1,1,133,112,49,2.285714286
1998,11,655500,4,6,332306,206299,2432,84.82689145
1998,11,655530,6,7,588677,485249,3147,154.1941532
1998,11,655600,3,3,232680,177063,1465,120.862116
1998,11,665500,2,2,123437,103747,630,164.6777778
1998,11,665530,6,6,376890,281685,2222,126.7709271
1998,11,665600,6,7,407333,275531,2888,95.40547091
1998,11,675500,3,5,349222,244034,2125,114.8395294
1998,11,675530,3,4,310341,221121,1789,123.6003354
1998,11,675600,8,9,919384,700072,5658,123.7313538
1998,11,675630,7,9,559945,458995,4109,111.7047944
1998,11,675700,1,1,4241,3594,24,149.75
1998,11,685500,1,1,107455,82026,660,124.2818182
1998,11,685530,1,1,159861,102475,483,212.1635611
1998,11,685600,10,14,1257638,1047134,8609,121.6324776
1998,11,685630,10,12,853064,725862,4556,159.3200176
1998,11,685700,4,4,148263,103124,1245,82.83052209
1998,11,695600,1,1,2816,2387,40,59.675
1998,11,695631,9,11,1000324,831483,5448,152.621696
1998,11,695700,7,9,712564,585428,4966,117.8872332
1998,11,705600,1,1,104297,84785,700,121.1214286
1998,11,705630,1,1,102705,79616,781,101.9411012
1998,11,705701,7,6,872325,726698,3965,183.2781841
1998,11,715630,4,4,655911,528473,2850,185.4291228
1998,11,715700,17,27,2479466,2098314,12340,170.0416532
1998,11,715730,10,13,1036333,918995,4905,187.3588175
1998,11,715800,1,1,2681,2373,17,139.5882353
1998,11,725630,1,1,71141,60289,155,388.9612903
1998,11,725700,15,16,1671638,1398082,7035,198.7323383
1998,11,725730,13,20,1595985,1397599,7187,194.4620843
1998,11,725800,3,3,72999,62345,422,147.7369668
1998,11,725830,1,1,84267,76614,225,340.5066667
1998,11,735700,4,5,407418,335166,1601,209.3479076
1998,11,735730,6,5,534652,438198,1850,236.8637838
1998,11,735800,4,7,1450740,1142845,4033,283.3734193
1998,11,735830,4,4,540359,446735,1697,263.2498527
1998,11,735900,1,1,2121,1724,16,107.75
1998,11,745830,4,4,456611,357967,1788,200.2052573
1998,11,745900,1,1,16812,13668,233,58.66094421
1998,11,755830,1,1,8067,6559,69,95.05797101
1998,11,755900,1,1,10840,8813,100,88.13
1998,12,645501,2,2,134953,91007,594,153.2104377
1998,12,645530,4,4,386270,286495,1744,164.274656
1998,12,655500,2,2,25530,15659,153,102.3464052
1998,12,655530,4,4,336684,226871,1436,157.9881616
1998,12,655600,2,2,115514,82504,637,129.5196232
1998,12,665500,1,1,16393,11688,312,37.46153846
1998,12,665530,3,3,376541,232115,1830,126.8387978
1998,12,665600,3,4,378423,301868,1966,153.5442523
1998,12,665630,2,2,85645,73482,690,106.4956522
1998,12,675500,1,2,194639,126696,916,138.3144105
1998,12,675530,7,7,646668,445596,3488,127.7511468
1998,12,675600,5,5,313366,239903,1916,125.210334
1998,12,675630,3,3,79348,68603,535,128.2299065
1998,12,675700,1,1,67589,52395,375,139.72
1998,12,685500,1,1,1890,1286,9,142.8888889
1998,12,685530,1,1,108840,74040,416,177.9807692
1998,12,685600,7,9,526249,441536,3566,123.8182838
1998,12,685630,6,8,410877,352247,2776,126.8901297
1998,12,685700,1,1,22370,17754,320,55.48125
1998,12,695631,4,4,185077,159186,1271,125.2446892
1998,12,695700,6,7,292339,228443,2161,105.7117075
1998,12,705701,5,8,638771,543252,2886,188.2370062
1998,12,715600,1,1,29435,25158,171,147.122807
1998,12,715630,6,8,472802,394756,2299,171.707699
1998,12,715700,17,21,1679537,1420481,8623,164.7316479
1998,12,715730,9,10,309191,272608,1863,146.3274289
1998,12,715800,1,1,81600,68000,270,251.8518519
1998,12,725630,2,2,5030,4577,59,77.57627119
1998,12,725700,8,11,723527,605179,3088,195.9776554
1998,12,725730,6,10,1117695,1004560,4457,225.3892753
1998,12,725800,1,1,35092,29488,122,241.704918
1998,12,735700,3,3,158026,132694,378,351.042328
1998,12,735730,4,4,79059,67607,226,299.1460177
1998,12,735800,5,5,729822,590307,2004,294.5643713
1998,12,735830,4,4,208973,168386,594,283.4781145
1998,12,745800,2,2,43507,35527,184,193.0815217
1998,12,745830,3,3,208560,168306,948,177.5379747
1998,13,665600,1,1,92202,61468,183,335.8907104
1998,13,675600,1,1,89198,79641,800,99.55125
1998,13,685600,1,1,96400,83103,540,153.8944444
1998,13,685630,1,2,233140,175708,1600,109.8175
1998,13,695631,1,1,49984,43091,280,153.8964286
1998,13,705701,1,1,85184,74073,595,124.492437
1998,13,715630,2,2,81987,72555,372,195.0403226
1998,13,715700,4,6,581842,465312,3329,139.7753079
1998,13,715730,1,1,74895,45948,242,189.8677686
1998,13,725630,3,3,284143,254365,1195,212.8577406
1998,13,725700,2,2,268870,210672,852,247.2676056
1998,13,725730,1,1,69875,59722,208,287.125
1998,13,735800,1,1,292292,196170,1000,196.17
1998,13,735830,1,1,348412,283262,1081,262.0370028
1998,14,645530,1,1,10177,6131,35,175.1714286
1998,14,655530,2,2,61775,37657,310,121.4741935
1998,14,665530,1,1,7094,4274,59,72.44067797
1998,14,685500,1,1,301,248,15,16.53333333
1998,14,715700,1,1,11692,9744,65,149.9076923
1998,14,725700,1,1,27744,23120,164,140.9756098
1998,14,725730,1,1,17336,14447,94,153.6914894
1998,14,725800,1,1,46920,39100,159,245.9119497
1998,14,735800,2,3,225266,186164,853,218.2461899
1998,14,735830,3,3,395333,299532,1440,208.0083333
1998,14,745800,1,1,44062,36416,155,234.9419355
1998,14,745830,1,1,2257,1865,6,310.8333333
1998,15,645530,1,1,62838,39031,248,157.3830645
1998,15,655530,1,1,12205,7580,48,157.9166667
1998,15,665600,2,2,9556,6145,85,72.29411765
1998,15,665630,1,1,574,438,20,21.9
1998,15,675600,1,3,114816,83101,578,143.7733564
1998,15,675630,1,1,5457,4624,17,272
1998,15,685600,1,3,120202,91714,494,185.6558704
1998,15,685630,1,3,33326,22954,206,111.4271845
1998,15,695600,1,1,11472,8758,474,18.47679325
1998,15,695631,1,1,72,58,8,7.25
1998,15,715700,1,1,13158,11748,66,178
1998,15,715730,1,1,190468,170061,930,182.8612903
1998,15,725730,1,2,43308,35155,151,232.8145695
1998,15,725800,2,2,123752,101024,393,257.0585242
1998,15,735800,1,1,128126,103873,422,246.1445498
1998,16,645530,1,2,53735,34878,284,122.8098592
1998,16,655530,1,3,63263,41145,452,91.02876106
1998,16,665600,1,1,5172,3337,109,30.6146789
1998,16,675600,1,2,49314,36719,214,171.5841121
1998,16,675630,1,2,4932,3249,36,90.25
1998,16,685600,1,3,131842,99871,664,150.4081325
1998,16,685630,1,1,1430,1117,4,279.25
1998,16,695631,1,1,671,524,6,87.33333333
1998,16,705600,1,1,3913,3287,25,131.48
1998,16,705701,2,1,184178,150562,722,208.534626
1998,16,715700,3,2,113511,91096,438,207.9817352
1998,16,715800,1,1,3841,3227,91,35.46153846
1998,16,725700,1,2,10630,8252,60,137.5333333
1998,16,725730,3,4,421891,338242,1770,191.0971751
1998,16,725800,2,6,409207,334906,1440,232.5736111
1998,16,735730,2,2,59443,48095,205,234.6097561
1998,16,735800,3,7,115634,92702,469,197.6588486
1998,16,735830,1,1,7663,6082,25,243.28
1998,16,745800,1,1,4943,3924,38,103.2631579
1998,17,645530,1,3,207257,131548,776,169.5206186
1998,17,655530,1,3,91832,59588,401,148.5985037
1998,17,655600,1,1,4889,2964,90,32.93333333
1998,17,665600,1,1,8178,6490,42,154.5238095
1998,17,675600,2,4,46203,36147,221,163.561086
1998,17,675630,2,2,25272,19683,97,202.9175258
1998,17,685600,2,4,242142,189110,1079,175.2641335
1998,17,685630,1,1,17032,13518,89,151.8876404
1998,17,715700,1,1,158870,135786,969,140.130031
1998,17,715730,1,1,24105,20603,120,171.6916667
1998,17,715800,1,1,1133,885,22,40.22727273
1998,17,725730,2,2,119921,94265,487,193.5626283
1998,17,725800,3,4,336000,264406,1683,157.103981
1998,17,735730,1,1,22111,17274,60,287.9
1998,17,735800,1,1,58175,41852,300,139.5066667
1998,17,735830,1,1,204154,146873,744,197.4099462
1998,18,645530,1,1,77047,50800,269,188.8475836
1998,18,655530,1,1,19345,12727,45,282.8222222
1998,18,675600,2,2,21221,17197,54,318.462963
1998,18,675630,2,4,55677,44818,231,194.017316
1998,18,685600,2,4,174544,139491,593,235.2293423
1998,18,685630,2,4,113608,92063,336,273.9970238
1998,18,705630,1,1,11667,9804,40,245.1
1998,18,715700,1,1,97042,81548,421,193.7007126
1998,18,725700,1,2,15710,11315,272,41.59926471
1998,18,725730,3,4,178692,145677,807,180.5167286
1998,18,725800,3,6,402607,334281,2006,166.6405783
1998,18,725830,1,1,5169,4202,90,46.68888889
1998,18,735730,2,2,32759,26530,130,204.0769231
1998,18,735800,2,3,293215,236840,1434,165.1603905
1998,18,735830,1,1,31054,21566,375,57.50933333
1998,18,745830,1,1,1858,1290,25,51.6
1998,19,655630,1,1,42764,33410,205,162.9756098
1998,19,675600,1,1,5665,4533,20,226.65
1998,19,675630,2,2,11802,9357,40,233.925
1998,19,685600,2,5,297551,234569,1085,216.1926267
1998,19,685630,2,2,48373,38206,225,169.8044444
1998,19,705630,1,1,4628,3922,56,70.03571429
1998,19,715700,1,1,100280,84983,479,177.4175365
1998,19,725730,1,1,46569,38769,192,201.921875
1998,19,725800,1,2,153481,127322,579,219.8998273
1998,19,725930,1,1,1041,846,3,282
1998,19,735800,1,1,417,338,1,338
1998,20,685600,3,3,352541,266911,1663,160.4996993
1998,20,685630,1,1,38633,31156,222,140.3423423
1998,20,705630,1,1,1399,1119,71,15.76056338
1998,20,715700,2,2,142854,124039,744,166.719086
1998,20,715730,1,1,17441,13952,131,106.5038168
1998,20,715800,2,1,2974,2457,20,122.85
1998,20,725700,1,1,56,47,4,11.75
1998,20,725730,3,3,59539,48527,329,147.4984802
1998,20,725800,3,4,195189,158732,999,158.8908909
1998,20,725830,2,1,137845,113922,547,208.2669104
1998,20,735800,2,2,75567,61152,297,205.8989899
1998,20,735830,2,1,3470,2867,14,204.7857143
1998,21,685600,1,1,75169,57822,241,239.9253112
1998,21,685630,1,1,12358,9507,49,194.0204082
1998,21,725800,1,2,30297,25220,110,229.2727273
1998,21,725830,1,1,73113,60927,352,173.0880682
1998,21,735800,1,1,140683,115315,583,197.7958834
1998,21,735830,1,1,3019,2516,17,148
1998,22,685600,1,2,71980,55906,382,146.3507853
1998,22,685630,1,2,11863,9231,76,121.4605263
1998,22,705630,1,1,2668,2135,22,97.04545455
1998,22,715730,1,1,9620,7697,55,139.9454545
1998,22,725730,1,1,79093,63275,448,141.2388393
1998,22,725800,1,1,15607,12486,66,189.1818182
1998,22,735800,1,1,118439,94751,393,241.0966921
1999,3,665530,1,1,6673,4120,40,103
1999,3,675530,1,1,53047,46944,109,430.6788991
1999,3,675600,3,2,346161,238393,825,288.9612121
1999,3,675630,2,2,125615,86316,326,264.7730061
1999,3,685530,1,1,20031,17727,37,479.1081081
1999,3,685600,1,1,17495,13056,125,104.448
1999,3,685630,3,3,56592,43382,161,269.4534161
1999,3,715700,1,1,9552,7348,50,146.96
1999,3,715730,1,1,10575,8135,85,95.70588235
1999,3,735800,2,2,18674,15241,163,93.50306748
1999,3,735830,2,2,22571,17903,115,155.6782609
1999,3,745830,4,4,398603,287634,1600,179.77125
1999,4,645530,1,1,24408,18215,55,331.1818182
1999,4,645600,1,1,24408,18215,55,331.1818182
1999,4,655500,1,1,24409,18215,55,331.1818182
1999,4,655530,1,1,24409,18215,55,331.1818182
1999,4,655600,3,3,42474,30588,167,183.1616766
1999,4,655630,1,1,105891,79617,650,122.4876923
1999,4,665500,3,3,174204,119563,1387,86.20259553
1999,4,665530,4,4,208061,143814,963,149.3395639
1999,4,665600,4,4,217904,152759,894,170.8713647
1999,4,675500,4,6,122303,85345,849,100.5241461
1999,4,675530,14,26,1819797,1266735,7362,172.0639772
1999,4,675600,18,41,3832294,2710503,13670,198.2811266
1999,4,675630,7,8,678374,480299,2095,229.2596659
1999,4,685500,2,2,219095,151222,821,184.1924482
1999,4,685530,9,11,1570949,1069951,5111,209.3427901
1999,4,685600,19,62,7685011,5756343,21864,263.2795005
1999,4,685630,19,53,6127391,4520021,18868,239.5601548
1999,4,685700,5,5,603454,461212,1975,233.5250633
1999,4,695600,4,3,242409,202597,695,291.5064748
1999,4,695631,7,11,544204,401967,1504,267.2652926
1999,4,695700,2,2,301329,229423,1025,223.8273171
1999,4,705630,1,1,2559,1896,83,22.84337349
1999,4,705701,3,4,342616,262101,1967,133.2491103
1999,4,705730,2,2,10122,7388,60,123.1333333
1999,4,715630,4,5,573867,471152,2025,232.6676543
1999,4,715700,10,23,2569756,2007100,11288,177.808292
1999,4,715730,5,6,441683,356519,2064,172.7320736
1999,4,715830,1,1,337277,276457,790,349.9455696
1999,4,725630,3,4,515443,407347,1517,268.5214239
1999,4,725700,7,15,1683373,1324179,7556,175.2486765
1999,4,725730,4,4,491048,408056,1547,263.7724628
1999,4,725800,1,1,37148,30449,112,271.8660714
1999,4,735700,2,2,133989,103054,530,194.4415094
1999,4,735730,3,3,518739,415126,2118,195.9990557
1999,4,735800,2,2,72687,57800,386,149.7409326
1999,4,735830,4,4,281204,223817,1179,189.836302
1999,4,745800,2,2,111829,88250,402,219.5273632
1999,4,745830,4,4,184679,155642,773,201.3479948
1999,5,655530,1,1,102265,65977,500,131.954
1999,5,665500,2,3,305423,207460,1570,132.1401274
1999,5,665530,2,2,30622,20557,136,151.1544118
1999,5,665600,4,5,429565,289470,2826,102.4309979
1999,5,665630,1,1,156134,100732,500,201.464
1999,5,675500,4,4,488911,336918,1730,194.750289
1999,5,675530,9,13,772081,552920,3256,169.8157248
1999,5,675600,17,30,2135461,1538155,10444,147.2764267
1999,5,675630,7,9,396954,304726,1681,181.2766211
1999,5,675700,1,1,523,354,12,29.5
1999,5,685530,6,7,644598,459203,2136,214.9826779
1999,5,685600,16,32,2552762,1998265,11824,169.0007612
1999,5,685630,20,41,3668471,2777805,15867,175.0680658
1999,5,685700,9,10,618676,461429,2151,214.5183636
1999,5,685730,1,1,137931,102934,323,318.6811146
1999,5,685800,1,1,105373,69325,309,224.3527508
1999,5,695600,1,1,25114,18741,69,271.6086957
1999,5,695631,10,16,1362666,1004479,5098,197.0339349
1999,5,695632,1,1,165038,126954,750,169.272
1999,5,695700,4,6,762343,581034,2663,218.1877582
1999,5,705600,1,1,40487,31143,111,280.5675676
1999,5,705630,1,1,5568,4385,24,182.7083333
1999,5,705701,2,2,104748,84763,468,181.1175214
1999,5,705730,1,1,0,0,10,0
1999,5,715600,2,2,136473,107932,436,247.5504587
1999,5,715630,6,8,889508,705020,2596,271.5793529
1999,5,715700,7,12,960561,747022,4964,150.487913
1999,5,715730,3,3,246810,201105,1255,160.2430279
1999,5,715830,1,1,101510,83892,250,335.568
1999,5,725600,1,1,120456,93377,511,182.7338552
1999,5,725630,4,6,725641,569846,2638,216.0144049
1999,5,725700,7,10,1026061,804145,3841,209.35824
1999,5,725730,5,5,435964,328205,1875,175.0426667
1999,5,725800,1,1,57569,46054,200,230.27
1999,5,735630,1,1,106005,84804,300,282.68
1999,5,735700,2,2,60991,47862,212,225.7641509
1999,5,735730,8,8,1065006,833807,3354,248.6007752
1999,5,735800,5,7,701395,558413,2274,245.564204
1999,5,735830,2,2,36828,29060,224,129.7321429
1999,5,745800,5,6,1156853,935862,3640,257.1049451
1999,5,745830,7,7,971022,791399,3151,251.1580451
1999,6,655630,1,1,15680,10740,100,107.4
1999,6,665500,2,2,147318,96056,480,200.1166667
1999,6,665530,3,2,93336,65096,516,126.1550388
1999,6,665600,6,7,379706,254566,2089,121.8602202
1999,6,665630,1,1,39618,27900,240,116.25
1999,6,675500,3,3,386272,262588,1601,164.0149906
1999,6,675530,6,9,619480,438916,2792,157.2048711
1999,6,675600,10,12,588668,416605,4004,104.0472028
1999,6,675630,5,7,740006,525630,3317,158.4654809
1999,6,675700,1,1,30116,20856,205,101.7365854
1999,6,685530,1,1,49604,37579,246,152.7601626
1999,6,685600,14,18,1302427,988637,7754,127.5002579
1999,6,685630,18,34,2155856,1647508,11570,142.3948142
1999,6,685700,7,16,1726022,1270975,7671,165.6856994
1999,6,685730,1,1,252962,181987,900,202.2077778
1999,6,695600,1,1,25846,19434,125,155.472
1999,6,695631,11,19,1606355,1225578,7447,164.5733853
1999,6,695700,12,17,1870845,1434337,8983,159.6723812
1999,6,695730,2,2,153834,117177,1245,94.11807229
1999,6,705630,3,3,117886,91288,440,207.4727273
1999,6,705701,2,2,244797,193268,988,195.6153846
1999,6,705730,1,1,19290,16076,160,100.475
1999,6,715600,1,1,61691,44704,622,71.87138264
1999,6,715630,7,10,875320,700991,3697,189.6107655
1999,6,715700,8,12,1055181,836659,5148,162.5211733
1999,6,715730,3,3,104026,85917,806,106.5967742
1999,6,715800,3,3,88098,72364,405,178.6765432
1999,6,725630,7,10,1016458,821282,3894,210.9096045
1999,6,725700,6,9,559516,440392,2995,147.042404
1999,6,725730,6,6,586160,453677,2445,185.5529652
1999,6,725800,2,2,17141,12035,160,75.21875
1999,6,735630,1,1,87140,58878,1200,49.065
1999,6,735700,3,3,512694,418442,1843,227.0439501
1999,6,735730,11,12,1700827,1361199,6062,224.5461894
1999,6,735800,5,6,431162,337325,1779,189.6149522
1999,6,735830,3,3,448535,348599,1452,240.0819559
1999,6,745800,3,3,107053,82063,449,182.7683742
1999,6,745830,6,6,993889,810832,2600,311.8584615
1999,6,755830,3,3,186399,153902,860,178.955814
1999,7,655500,1,1,100217,71583,400,178.9575
1999,7,665500,2,2,292600,192192,1411,136.2097803
1999,7,665530,4,4,208864,136800,1188,115.1515152
1999,7,665600,3,3,83776,54048,725,74.54896552
1999,7,675500,1,1,87517,59943,460,130.3108696
1999,7,675530,2,2,231362,150769,1417,106.4001411
1999,7,675600,4,4,217160,148357,1376,107.8175872
1999,7,675630,3,3,187069,122411,976,125.4211066
1999,7,675700,2,2,28839,23384,383,61.05483029
1999,7,685530,4,4,828780,544249,3742,145.4433458
1999,7,685600,7,11,803193,636469,3978,159.9972348
1999,7,685630,14,21,1281337,1014173,6404,158.3655528
1999,7,685700,6,6,513002,383769,2536,151.32847
1999,7,685730,3,3,197796,154531,953,162.1521511
1999,7,695631,11,15,564982,434424,3434,126.5066977
1999,7,695632,1,1,84835,63785,530,120.3490566
1999,7,695700,8,13,684686,515925,3610,142.9155125
1999,7,695730,1,1,11340,8791,100,87.91
1999,7,705630,2,2,128026,97034,867,111.9192618
1999,7,705701,3,3,183853,142087,1018,139.5746562
1999,7,715630,7,8,1181111,955195,4681,204.0578936
1999,7,715700,9,12,1341094,1051911,6505,161.7080707
1999,7,715730,3,3,200926,163675,1098,149.0664845
1999,7,725600,1,1,117018,95917,340,282.1088235
1999,7,725630,15,21,3086970,2554509,12712,200.9525645
1999,7,725700,8,10,798581,631435,4165,151.605042
1999,7,725730,5,6,448619,355132,2138,166.1047708
1999,7,725800,2,2,75161,56945,414,137.5483092
1999,7,735700,5,6,831396,681761,2537,268.7272369
1999,7,735730,9,13,1458867,1193156,6707,177.8971224
1999,7,735800,7,9,1001575,816452,3852,211.9553479
1999,7,735830,5,5,317049,233087,1397,166.8482462
1999,7,745800,5,5,347334,271915,1178,230.827674
1999,7,745830,13,15,1966637,1581036,7506,210.636291
1999,7,745900,3,3,138637,111128,639,173.9092332
1999,7,755800,1,1,17643,11097,100,110.97
1999,7,755830,6,6,479801,382039,2286,167.1211724
1999,7,755900,2,2,18134,11446,121,94.59504132
1999,7,765830,2,2,5020,3851,117,32.91452991
1999,8,665500,2,2,80201,55896,311,179.7299035
1999,8,665530,5,6,484555,327063,3024,108.155754
1999,8,665630,1,1,89536,65332,554,117.9277978
1999,8,675430,1,1,99760,71257,600,118.7616667
1999,8,675500,4,4,122875,86743,535,162.1364486
1999,8,675530,6,7,678172,462310,3465,133.4227994
1999,8,675600,2,3,278905,195428,1898,102.9652266
1999,8,675630,4,4,268956,214866,846,253.9787234
1999,8,675700,2,2,153071,113765,978,116.3241309
1999,8,685530,4,4,401119,312250,1781,175.3228523
1999,8,685600,8,10,493848,382961,3337,114.7620617
1999,8,685630,11,17,750913,607077,4031,150.6020839
1999,8,685700,5,8,717830,535207,2871,186.4183211
1999,8,685730,3,3,381623,278045,1524,182.4442257
1999,8,685830,1,1,27706,23479,51,460.372549
1999,8,695600,1,1,35407,29023,175,165.8457143
1999,8,695631,3,3,24564,20369,244,83.4795082
1999,8,695700,9,11,838176,640919,4704,136.2497874
1999,8,695730,4,3,227989,175263,1124,155.9279359
1999,8,695800,1,1,11542,8948,48,186.4166667
1999,8,705630,2,2,54146,43267,375,115.3786667
1999,8,705701,4,5,380769,303764,2169,140.0479484
1999,8,705730,1,1,53721,43676,310,140.8903226
1999,8,715600,4,4,314544,247395,1130,218.9336283
1999,8,715630,7,9,396398,314981,1658,189.9764777
1999,8,715700,8,8,801769,642153,4335,148.1321799
1999,8,715730,2,2,99835,82508,514,160.5214008
1999,8,725530,2,1,61293,51871,340,152.5617647
1999,8,725630,10,17,1480866,1213414,6669,181.9484181
1999,8,725700,10,13,864186,702599,4983,140.9991973
1999,8,725730,5,7,570950,460612,2649,173.8814647
1999,8,725800,4,3,356543,303980,1904,159.6533613
1999,8,725830,1,1,12562,10213,360,28.36944444
1999,8,735600,1,1,13406,11361,20,568.05
1999,8,735630,2,3,354374,301374,1127,267.4125998
1999,8,735700,10,16,2438373,2012802,11258,178.7885948
1999,8,735730,9,11,1544237,1264776,7090,178.3887165
1999,8,735800,10,14,1694737,1394421,7439,187.447372
1999,8,735830,5,5,517375,444663,2575,172.6846602
1999,8,735900,2,2,342908,290242,1565,185.458147
1999,8,745800,7,8,654148,542523,3525,153.907234
1999,8,745830,13,15,1237200,1005970,5956,168.9002686
1999,8,745900,5,5,376731,326247,1400,233.0335714
1999,8,745930,3,3,207274,169302,631,268.3074485
1999,8,755830,12,12,748514,618548,3951,156.5547963
1999,8,755900,8,8,321345,268935,2098,128.186368
1999,8,755930,4,4,58922,49487,790,62.64177215
1999,8,765830,2,2,39920,29514,240,122.975
1999,8,765930,5,5,10358,8746,343,25.49854227
1999,8,775900,1,1,83475,67866,307,221.0618893
1999,8,775930,2,2,347999,262555,1160,226.3405172
1999,9,655500,1,1,167502,108768,720,151.0666667
1999,9,665500,2,3,251657,173154,1497,115.6673347
1999,9,665530,3,3,112755,80842,772,104.7176166
1999,9,665600,3,3,79365,56919,803,70.88293898
1999,9,675500,3,3,254652,164086,1339,122.5436893
1999,9,675530,9,11,967388,659198,6119,107.7296944
1999,9,675600,3,4,218544,159481,1519,104.9907834
1999,9,675630,3,4,432274,332218,1994,166.6088265
1999,9,675700,1,1,89966,62913,411,153.0729927
1999,9,685530,5,4,515145,361572,2901,124.6370217
1999,9,685600,9,11,650174,514135,4304,119.455158
1999,9,685630,5,8,526177,409643,3019,135.6883074
1999,9,685700,11,11,1359887,997974,5771,172.9291284
1999,9,685730,4,4,575717,408333,2144,190.4538246
1999,9,695631,4,4,66201,53721,647,83.0309119
1999,9,695700,7,7,583453,440291,3308,133.0988513
1999,9,695730,2,2,299606,244888,1414,173.1881188
1999,9,705600,1,1,53625,43597,367,118.7929155
1999,9,705630,1,1,20241,16728,118,141.7627119
1999,9,705701,3,4,378990,297966,2286,130.343832
1999,9,705730,2,2,99856,75927,467,162.5845824
1999,9,715600,3,3,173581,138535,904,153.2466814
1999,9,715630,8,10,687169,555357,3007,184.6880612
1999,9,715700,8,12,1485790,1196926,7381,162.1631215
1999,9,715730,6,6,436994,364618,2935,124.2310051
1999,9,715800,1,1,1347,1095,10,109.5
1999,9,715830,1,1,1415,1160,19,61.05263158
1999,9,725600,1,1,9672,8060,40,201.5
1999,9,725630,10,11,707999,605917,4101,147.7485979
1999,9,725700,8,13,1067029,884662,5550,159.3985586
1999,9,725730,6,7,585210,468371,2709,172.894426
1999,9,725800,5,7,607289,525216,3311,158.627605
1999,9,725830,2,2,20817,18244,178,102.494382
1999,9,725900,1,1,77631,53910,850,63.42352941
1999,9,735630,2,2,61933,49998,310,161.283871
1999,9,735700,12,12,1024991,832697,5554,149.9274397
1999,9,735730,8,11,860247,727070,4417,164.6071995
1999,9,735800,11,16,1828857,1475593,8339,176.9508334
1999,9,735830,7,7,372273,304625,2480,122.8326613
1999,9,735900,6,6,278589,229585,1697,135.2887448
1999,9,735930,1,1,2322,1800,25,72
1999,9,745800,6,6,363663,303775,1492,203.6025469
1999,9,745830,8,9,631669,526367,2804,187.7200428
1999,9,745900,7,7,638567,545366,3690,147.795664
1999,9,745930,1,1,136364,106535,495,215.2222222
1999,9,755830,6,6,695752,558919,3659,152.7518448
1999,9,755900,3,3,178501,143331,1135,126.2828194
1999,9,765830,1,1,23535,17695,70,252.7857143
1999,9,765930,2,2,2398,1902,187,10.17112299
1999,9,775900,1,1,59,50,18,2.777777778
1999,9,775930,3,3,1732,1428,229,6.23580786
1999,9,776000,1,1,885,725,61,11.8852459
1999,10,655500,2,2,153216,102364,1007,101.652433
1999,10,655530,1,1,111367,70486,454,155.2555066
1999,10,665500,3,5,441894,284828,2960,96.22567568
1999,10,665530,2,2,33423,23207,565,41.07433628
1999,10,665600,2,2,200939,146697,1536,95.50585938
1999,10,675500,1,1,547,464,10,46.4
1999,10,675530,6,8,805467,547734,5602,97.77472331
1999,10,675600,5,5,398126,275800,2433,113.3579942
1999,10,675700,3,3,250430,181091,1138,159.1309315
1999,10,685530,2,2,189168,130546,1710,76.34269006
1999,10,685600,4,7,441719,339776,2667,127.400075
1999,10,685630,6,8,356046,274262,2593,105.7701504
1999,10,685700,7,10,731700,541063,3536,153.0155543
1999,10,685730,5,7,467421,340008,2239,151.8570791
1999,10,695600,1,1,18482,13590,135,100.6666667
1999,10,695700,4,5,340113,261040,2363,110.4697419
1999,10,705600,1,1,115930,95024,527,180.3111954
1999,10,705630,1,1,42243,31524,182,173.2087912
1999,10,705701,4,4,196640,154026,1234,124.8184765
1999,10,705730,3,3,117374,93098,668,139.3682635
1999,10,705800,1,1,10371,7202,60,120.0333333
1999,10,715600,3,4,183050,147202,912,161.4057018
1999,10,715630,6,6,546727,459372,2856,160.8445378
1999,10,715700,10,17,1575413,1287180,7487,171.9219981
1999,10,715730,7,7,453479,381415,2534,150.5189424
1999,10,725600,1,1,75806,58312,568,102.6619718
1999,10,725630,7,11,921426,767696,5090,150.8243615
1999,10,725700,8,14,824387,674613,4297,156.9962765
1999,10,725730,11,14,957030,780221,5451,143.1335535
1999,10,725800,5,5,115497,95091,1261,75.40919905
1999,10,725830,2,2,50096,41755,249,167.6907631
1999,10,735630,1,1,27829,23584,160,147.4
1999,10,735700,9,10,672004,568241,4856,117.0183278
1999,10,735730,8,9,578410,487515,3204,152.1582397
1999,10,735800,12,15,1131365,954617,8289,115.166727
1999,10,735830,6,5,406346,316797,2393,132.3848725
1999,10,735900,1,1,104042,89691,365,245.7287671
1999,10,745800,3,3,483783,412382,2712,152.0582596
1999,10,745830,9,11,1511135,1202768,8131,147.9237486
1999,10,745900,6,6,577072,487985,3625,134.6165517
1999,10,745930,5,5,393095,341862,1961,174.3304437
1999,10,755830,8,8,523897,433042,3379,128.1568511
1999,10,755900,5,5,307395,252243,3208,78.62936409
1999,10,755930,1,1,10696,9221,195,47.28717949
1999,10,756000,1,1,2091,1802,60,30.03333333
1999,10,765830,2,2,41455,32960,260,126.7692308
1999,10,765900,2,2,15879,12949,319,40.59247649
1999,10,765930,3,3,11757,9982,286,34.9020979
1999,10,766030,1,1,55,46,38,1.210526316
1999,10,775830,3,3,236942,191081,1377,138.7661583
1999,10,775900,1,1,291,249,12,20.75
1999,10,775930,3,4,492043,386237,2509,153.9406138
1999,10,785900,1,1,116456,102154,707,144.4893918
1999,10,785930,1,1,86679,73457,410,179.1634146
1999,11,655600,1,1,71221,47799,750,63.732
1999,11,665500,3,3,214945,134010,1527,87.76031434
1999,11,665530,3,3,141615,94090,851,110.5640423
1999,11,665600,1,1,84946,60676,500,121.352
1999,11,675500,1,1,22125,16889,120,140.7416667
1999,11,675530,6,8,477424,330132,3717,88.81678773
1999,11,675600,5,6,616023,436260,3727,117.0539308
1999,11,675630,2,2,31651,22820,424,53.82075472
1999,11,675700,4,4,151789,110685,1088,101.7325368
1999,11,675730,2,2,75510,54776,462,118.5627706
1999,11,685530,3,3,99360,76960,838,91.83770883
1999,11,685600,6,8,571016,439812,3872,113.5878099
1999,11,685630,11,13,618758,465040,4117,112.9560359
1999,11,685700,9,10,606014,457867,4114,111.2948469
1999,11,685730,4,4,235819,172582,1182,146.0084602
1999,11,695700,6,7,546550,399589,3298,121.1610067
1999,11,705600,2,2,108854,89097,1270,70.15511811
1999,11,705630,1,1,88767,73972,455,162.5758242
1999,11,705701,5,6,333446,258406,2439,105.9475195
1999,11,705730,2,2,145898,109775,723,151.8326418
1999,11,715600,1,2,128822,99552,978,101.791411
1999,11,715630,6,6,400209,340848,2929,116.3700922
1999,11,715700,10,23,1554017,1267345,12678,99.96411106
1999,11,715730,9,11,663695,552489,4997,110.5641385
1999,11,725630,3,4,468844,408194,2312,176.5544983
1999,11,725700,6,8,515780,424865,3306,128.5133091
1999,11,725730,12,20,1826563,1522610,13115,116.0968357
1999,11,725800,3,3,57260,48777,639,76.33333333
1999,11,735700,2,2,10058,8504,137,62.0729927
1999,11,735730,11,10,517136,437626,3613,121.1253806
1999,11,735800,5,6,485015,436720,3383,129.0925214
1999,11,735830,3,3,179690,155775,850,183.2647059
1999,11,735900,1,1,42456,36599,202,181.1831683
1999,11,735930,1,1,26503,22271,120,185.5916667
1999,11,745800,6,6,321328,278827,2220,125.5977477
1999,11,745830,5,5,515066,438974,3178,138.129012
1999,11,745900,3,3,180113,152305,913,166.8181818
1999,11,745930,1,1,104563,102513,700,146.4471429
1999,11,755830,7,7,262180,214406,1928,111.2064315
1999,11,755900,6,5,384309,311845,2882,108.204372
1999,11,765930,1,1,105246,80340,500,160.68
1999,11,775800,1,1,19,15,14,1.071428571
1999,11,775900,2,2,13124,10595,161,65.80745342
1999,11,775930,3,3,377019,301786,1460,206.7027397
1999,11,785930,1,1,136736,109388,1000,109.388
1999,11,786000,1,1,94435,62957,350,179.8771429
1999,11,786030,1,1,28271,18847,118,159.720339
1999,12,655500,1,1,31698,22641,370,61.19189189
1999,12,655530,1,1,34776,22437,294,76.31632653
1999,12,665500,3,3,156329,106838,857,124.6651109
1999,12,665530,3,3,154599,96908,1485,65.25791246
1999,12,665600,1,1,58338,41084,363,113.1790634
1999,12,675530,5,5,136458,94761,1135,83.48986784
1999,12,675600,10,10,580436,421945,3621,116.5272024
1999,12,675630,3,3,66500,49687,350,141.9628571
1999,12,675700,2,2,28678,20539,139,147.7625899
1999,12,685530,3,3,105593,76189,1260,60.46746032
1999,12,685600,6,8,286706,214687,1863,115.2372517
1999,12,685630,7,11,319931,249271,2212,112.6903255
1999,12,685700,6,9,383032,291268,1881,154.8474216
1999,12,685730,4,4,176115,137679,1072,128.431903
1999,12,695600,1,1,43848,30752,461,66.70715835
1999,12,695631,2,2,220426,165216,1245,132.7036145
1999,12,695700,6,8,244565,184605,2062,89.5271581
1999,12,695730,1,1,10697,8423,187,45.04278075
1999,12,705600,3,4,251408,207790,1840,112.9293478
1999,12,705630,2,2,124860,93582,745,125.6134228
1999,12,705701,3,3,75699,64941,389,166.9434447
1999,12,715600,1,1,10541,7800,103,75.72815534
1999,12,715630,5,6,178954,152581,1088,140.2398897
1999,12,715700,10,14,481867,393338,3916,100.4438202
1999,12,715730,4,4,120004,99759,990,100.7666667
1999,12,725600,1,1,23054,18592,194,95.83505155
1999,12,725630,4,4,167522,145134,882,164.5510204
1999,12,725700,5,7,168822,136481,1729,78.93637941
1999,12,725730,9,11,271953,226697,1910,118.6895288
1999,12,725800,3,3,40142,33060,514,64.31906615
1999,12,725830,1,1,41907,36760,199,184.7236181
1999,12,735630,1,1,16604,14314,120,119.2833333
1999,12,735700,5,4,224491,190829,1802,105.8984462
1999,12,735730,7,9,310328,256617,2485,103.2663984
1999,12,735800,5,6,295581,259833,1828,142.1405908
1999,12,735830,2,2,65783,49969,353,141.5552408
1999,12,745800,1,1,61184,54629,361,151.3268698
1999,12,745830,4,6,249566,205261,1494,137.3902276
1999,12,745900,2,2,56608,45394,221,205.4027149
1999,12,745930,2,2,108348,91820,573,160.2443281
1999,12,755830,1,1,28142,21320,285,74.80701754
1999,12,755900,1,1,108592,96957,690,140.5173913
1999,12,775930,5,6,140745,108018,1318,81.95599393
1999,12,785930,2,2,10021,7597,165,46.04242424
1999,12,786000,1,1,51666,36904,221,166.9864253
1999,12,786030,1,1,4906,3504,20,175.2
1999,13,665530,1,1,28900,19795,193,102.5647668
1999,13,675530,1,1,4375,3125,100,31.25
1999,13,675600,2,2,41970,30201,342,88.30701754
1999,13,685600,1,1,18997,13378,100,133.78
1999,13,685630,1,1,33311,26650,173,154.0462428
1999,13,695600,1,1,3950,2814,65,43.29230769
1999,13,695631,2,2,76360,56339,571,98.66725044
1999,13,695632,1,1,56971,44508,417,106.7338129
1999,13,715600,1,1,26380,18193,250,72.772
1999,13,715630,1,1,16540,14509,97,149.5773196
1999,13,715700,4,6,93851,75089,931,80.65413534
1999,13,725730,1,1,77950,68378,450,151.9511111
1999,13,735730,2,2,160882,131866,1054,125.1100569
1999,13,735800,1,2,289654,210205,1920,109.4817708
1999,13,745800,1,1,35626,28501,221,128.9638009
1999,13,745830,1,3,317187,250414,2072,120.8561776
1999,13,755830,1,1,56971,44508,416,106.9903846
1999,13,755900,1,1,75077,60206,720,83.61944444
1999,13,755930,1,1,114473,88242,1000,88.242
1999,14,675600,2,2,201270,136043,655,207.6992366
1999,14,685600,2,3,184886,138559,786,176.283715
1999,14,685630,1,1,97280,72058,400,180.145
1999,14,695600,1,1,7108,5361,31,172.9354839
1999,14,715700,1,1,35969,28775,192,149.8697917
1999,14,715730,1,1,91750,73400,432,169.9074074
1999,14,725700,2,2,85690,78854,728,108.3159341
1999,14,725730,2,2,43591,36816,422,87.24170616
1999,14,735700,1,1,31744,25395,276,92.01086957
1999,14,735730,2,2,8749,7183,185,38.82702703
1999,15,665600,1,1,4013,2657,15,177.1333333
1999,15,675600,1,1,66574,44088,267,165.1235955
1999,15,675630,1,1,10702,7087,36,196.8611111
1999,15,685600,1,1,101794,74302,576,128.9965278
1999,15,685630,3,3,135278,101164,482,209.8838174
1999,15,705701,1,1,8396,6084,48,126.75
1999,15,705730,1,1,3090,2239,24,93.29166667
1999,15,715630,2,2,154720,122794,919,133.616975
1999,15,715700,2,3,236288,181094,1051,172.3063749
1999,15,715730,2,2,18304,15624,109,143.3394495
1999,15,715800,1,1,14395,13086,63,207.7142857
1999,15,725700,1,1,176770,156434,899,174.0088988
1999,15,725730,2,2,142771,129327,619,208.9289176
1999,15,725800,1,1,8797,7997,35,228.4857143
1999,16,675530,1,1,30498,19425,370,52.5
1999,16,675600,2,2,11527,8544,129,66.23255814
1999,16,685530,1,1,9069,7255,50,145.1
1999,16,685600,2,2,16507,11993,80,149.9125
1999,16,685630,2,4,440509,318777,1351,235.9563286
1999,16,695700,1,1,47794,36484,160,228.025
1999,16,705701,2,2,201971,165077,581,284.1256454
1999,16,715630,3,4,238398,199649,1320,151.2492424
1999,16,715700,4,9,870742,732762,3530,207.5813031
1999,16,715730,1,1,104131,88246,464,190.1853448
1999,16,725630,3,3,97270,78884,522,151.1187739
1999,16,725700,1,1,158542,129952,900,144.3911111
1999,16,725730,2,3,233407,201476,1194,168.7403685
1999,16,735730,1,1,,0,10,0
1999,16,745700,1,1,,0,13,0
1999,17,685600,1,1,97285,71010,400,177.525
1999,17,685630,3,5,292139,216613,991,218.580222
1999,17,705630,1,1,32284,28074,158,177.6835443
1999,17,705701,1,1,73278,60560,210,288.3809524
1999,17,715630,1,1,99712,86706,331,261.9516616
1999,17,715700,4,8,843838,685458,4142,165.4896185
1999,17,715730,1,1,6025,5064,24,211
1999,17,725700,1,2,236969,203661,1534,132.7646675
1999,17,725730,2,2,181860,151435,1014,149.3441815
1999,18,685600,1,1,145830,103446,398,259.9145729
1999,18,685630,3,3,215624,163307,761,214.5952694
1999,18,685700,1,1,27812,20911,70,298.7285714
1999,18,695600,1,1,33896,28970,177,163.6723164
1999,18,715600,1,1,3852,3350,25,134
1999,18,715630,4,4,178561,143955,875,164.52
1999,18,715700,4,9,522080,441044,2639,167.1254263
1999,18,715730,4,5,362052,297810,2206,135
1999,18,715800,1,1,66949,53560,299,179.1304348
1999,18,725630,1,1,78236,65744,550,119.5345455
1999,18,725700,2,2,36204,28949,221,130.9909502
1999,18,725730,2,2,17706,14389,151,95.29139073
1999,18,725800,1,1,2361,1889,20,94.45
1999,19,685630,2,3,250758,183402,841,218.0760999
1999,19,705630,1,1,11082,8658,40,216.45
1999,19,705701,2,2,99484,79475,654,121.5214067
1999,19,705730,1,1,144782,123746,814,152.022113
1999,19,715630,1,1,30547,26796,171,156.7017544
1999,19,715700,3,3,120318,108014,885,122.0497175
1999,19,715730,2,3,119624,102083,635,160.7606299
1999,19,715800,1,1,65435,54988,340,161.7294118
1999,20,685630,1,1,94847,68729,475,144.6926316
1999,20,705701,1,1,60483,48386,329,147.0699088
1999,20,705730,1,2,126226,103806,794,130.7380353
1999,20,715700,1,3,66737,53992,433,124.6928406
1999,20,715730,1,2,85271,70779,498,142.126506
1999,21,685630,1,2,263341,181999,1190,152.9403361
1999,21,695730,1,1,10343,7776,52,149.5384615
1999,21,705730,1,2,67076,47531,309,153.8220065
1999,21,715730,1,1,17074,11233,60,187.2166667
1999,22,705701,1,1,36929,28627,200,143.135
1999,22,715700,1,1,36930,28628,200,143.14
2000,14,635530,1,1,2249,1490,53,28.11320755
2000,14,645630,1,1,38527,25516,518,49.25868726
2000,14,655430,1,1,57078,36355,548,66.34124088
2000,14,655500,1,1,10253,6790,75,90.53333333
2000,14,665430,1,1,74416,53114,700,75.87714286
2000,14,665500,1,1,19622,12498,169,73.95266272
2000,14,665530,2,2,127417,85880,467,183.8972163
2000,14,665600,5,6,417028,295360,1449,203.8371291
2000,14,665630,3,3,145031,102474,436,235.0321101
2000,14,675530,4,4,269301,180384,1197,150.6967419
2000,14,675600,11,16,1675037,1208750,6435,187.8399378
2000,14,675630,6,7,284680,190445,2074,91.82497589
2000,14,675700,1,1,3066,2144,30,71.46666667
2000,14,685530,3,3,204621,143041,817,175.0807834
2000,14,685600,12,27,2741722,1905994,11930,159.7647946
2000,14,685630,9,12,405973,278126,3061,90.86115648
2000,14,685700,4,4,22175,15087,551,27.38112523
2000,14,695600,1,1,128374,91695,1120,81.87053571
2000,14,695631,3,4,102035,76108,850,89.53882353
2000,14,695700,3,3,9307,6572,604,10.8807947
2000,14,695730,1,1,222,186,100,1.86
2000,14,705600,4,5,252164,180026,1134,158.7530864
2000,14,705630,7,8,492395,358115,2536,141.2125394
2000,14,705701,4,4,193554,145380,1365,106.5054945
2000,14,705730,4,5,687,561,548,1.023722628
2000,14,705800,3,3,438,313,346,0.904624277
2000,14,715600,3,3,192271,148585,1018,145.9577603
2000,14,715630,9,17,1467913,1070446,7964,134.4105977
2000,14,715700,7,16,1188698,884620,7320,120.8497268
2000,14,715730,3,3,75065,56363,691,81.56729378
2000,14,715800,1,1,3582,2889,60,48.15
2000,14,725600,3,3,211162,160777,1080,148.8675926
2000,14,725630,8,14,1478299,1114040,8448,131.8702652
2000,14,725700,10,20,1580872,1204771,9040,133.2711283
2000,14,725730,8,10,434337,340106,4178,81.40402106
2000,14,725800,3,3,149612,115410,1174,98.30494037
2000,14,725830,3,3,172234,148467,1122,132.3235294
2000,14,725900,1,1,134206,104036,713,145.9130435
2000,14,735600,1,1,51262,41676,116,359.2758621
2000,14,735700,8,10,878550,720270,4301,167.4657056
2000,14,735730,9,12,801100,640898,6517,98.34248888
2000,14,735800,13,24,2483784,1996642,14171,140.8963376
2000,14,735830,17,26,2590070,2139118,15094,141.7197562
2000,14,735900,3,3,175416,145217,1361,106.6987509
2000,14,745800,2,2,49,41,224,0.183035714
2000,14,745830,12,18,853742,714121,5763,123.9148013
2000,14,745900,3,3,27411,21824,307,71.08794788
2000,14,745930,7,6,360303,297421,2068,143.8205996
2000,14,755830,3,2,9038,7752,392,19.7755102
2000,14,755900,4,4,389345,323801,2193,147.6520748
2000,14,755930,2,2,139835,120470,820,146.9146341
2000,15,665630,1,1,40571,27788,219,126.8858447
2000,15,675530,3,3,291487,208227,976,213.3473361
2000,15,675600,7,13,1549070,1091147,5109,213.5734977
2000,15,675630,2,2,48052,36426,152,239.6447368
2000,15,685530,1,1,10990,7632,34,224.4705882
2000,15,685600,10,15,933751,674480,4225,159.6402367
2000,15,685630,2,3,164383,117984,458,257.6069869
2000,15,695600,1,1,67179,46978,305,154.0262295
2000,15,695631,1,1,16756,12694,240,52.89166667
2000,15,695730,1,1,0,0,50,0
2000,15,705600,2,2,262708,191406,695,275.4043165
2000,15,705630,3,4,143095,102851,781,131.6914213
2000,15,705730,1,1,3275,2558,60,42.63333333
2000,15,715600,1,1,71566,50399,494,102.0222672
2000,15,715630,7,9,990641,743125,4858,152.9693289
2000,15,715700,5,5,330630,236148,2026,116.5587364
2000,15,715730,1,1,93464,66759,500,133.518
2000,15,725630,4,4,290958,217661,1768,123.1114253
2000,15,725700,4,5,669822,515111,3687,139.7100624
2000,15,725730,2,2,88569,68810,662,103.9425982
2000,15,725900,1,1,24,19,23,0.826086957
2000,15,725930,1,1,34,27,30,0.9
2000,15,735630,1,1,97692,70790,798,88.70927318
2000,15,735730,2,2,260099,199786,1017,196.446411
2000,15,735800,3,3,306473,225733,1791,126.0374093
2000,15,735830,5,5,293927,238394,1956,121.8783231
2000,15,735900,1,1,40775,31608,531,59.52542373
2000,15,735930,1,1,589,456,28,16.28571429
2000,15,745800,2,2,18948,15303,109,140.3944954
2000,15,745830,3,3,55041,45372,380,119.4
2000,16,675530,1,1,7834,5188,38,136.5263158
2000,16,675600,1,1,70500,46689,347,134.5504323
2000,16,715630,1,1,64902,47374,402,117.8457711
2000,16,715700,1,1,108741,97965,854,114.7131148
2000,17,665530,1,1,10640,7493,99,75.68686869
2000,17,675500,1,1,6352,4473,55,81.32727273
2000,17,675530,2,3,354159,239624,1770,135.380791
2000,17,675600,3,4,211945,142147,880,161.5306818
2000,17,705600,1,1,29516,21976,133,165.2330827
2000,17,705630,2,2,43758,32224,189,170.4973545
2000,17,715630,3,3,305357,223846,1587,141.0497795
2000,17,725630,1,1,1355,1067,7,152.4285714
2000,17,725700,1,1,60457,47603,540,88.1537037
2000,17,735730,1,1,7596,5888,39,150.974359
2000,17,735800,2,2,151234,115860,586,197.7133106
2000,17,735830,1,1,581,457,5,91.4
2000,17,745830,1,1,5927,4667,73,63.93150685
2000,17,755830,1,1,22946,18067,114,158.4824561
2000,17,755900,1,1,31439,24757,198,125.0353535
2000,18,675530,1,1,33644,22733,217,104.7603687
2000,18,675600,3,3,127948,84576,483,175.1055901
2000,18,705630,1,1,38878,26812,200,134.06
2000,18,715630,2,2,159433,112512,1099,102.3767061
2000,18,735800,1,2,226578,176640,754,234.270557
2000,19,675530,1,2,6936,4867,28,173.8214286
2000,19,675600,1,2,136189,96223,505,190.5405941
2000,19,685600,1,2,166217,123783,826,149.8583535
2000,19,705630,1,1,13022,9301,72,129.1805556
2000,19,705800,1,1,95,77,12,6.416666667
2000,19,715630,2,2,70537,50266,417,120.5419664
2000,19,715700,1,1,2226,1810,16,113.125
2000,19,725630,1,1,6332,4909,53,92.62264151
2000,19,725700,1,1,31805,24656,285,86.5122807
2000,19,725800,1,1,8,6,1,6
2000,19,735800,1,1,80459,65448,372,175.9354839
2000,20,705701,1,1,1633,1201,10,120.1
2000,20,715700,1,1,28068,20659,158,130.7531646
2001,3,675530,1,1,9555,6086,45,135.2444444
2001,3,675600,2,2,271327,176738,1063,166.2634055
2001,3,685600,2,2,12473,8225,129,63.75968992
2001,3,685700,1,1,10921,7281,282,25.81914894
2001,3,685730,1,1,1095,730,266,2.744360902
2001,3,715630,1,1,20251,15226,116,131.2586207
2001,3,725630,1,1,135303,101732,457,222.6083151
2001,3,735800,1,1,46071,36452,219,166.4474886
2001,3,735830,1,1,126986,100604,491,204.8961303
2001,3,745800,1,1,16170,12839,95,135.1473684
2001,3,745830,1,1,105745,83349,414,201.326087
2001,3,776000,1,1,201,138,50,2.76
2001,3,786000,1,1,13217,9052,155,58.4
2001,4,675530,1,1,859,551,12,45.91666667
2001,4,675600,3,3,162611,105417,879,119.9283276
2001,4,675630,1,1,4804,2860,91,31.42857143
2001,4,685600,3,3,166661,106215,945,112.3968254
2001,4,715630,2,2,44062,30940,228,135.7017544
2001,4,725630,2,2,340983,243108,1210,200.9157025
2001,4,776000,1,1,620,456,50,9.12
2001,4,786000,1,1,80076,58879,398,147.9371859
2001,5,665430,1,1,16663,11902,375,31.73866667
2001,5,665500,2,2,46176,31192,525,59.41333333
2001,5,665530,2,2,27417,18252,691,26.41389291
2001,5,665600,2,2,35872,23819,180,132.3277778
2001,5,665630,1,1,23205,15068,265,56.86037736
2001,5,675430,1,1,51412,31933,802,39.81670823
2001,5,675500,2,3,125711,85395,1371,62.28665208
2001,5,675530,6,12,427270,294650,4822,61.10535048
2001,5,675600,9,17,500907,344113,7196,47.82003891
2001,5,675630,2,3,53079,35676,527,67.69639469
2001,5,685530,2,4,117573,82171,808,101.6967822
2001,5,685600,6,13,637240,429704,7105,60.47909923
2001,5,685630,5,5,81405,57211,979,58.43820225
2001,5,695600,1,1,677,473,75,6.306666667
2001,5,705600,4,4,9188,6252,259,24.13899614
2001,5,705630,3,3,33298,23269,406,57.31280788
2001,5,715600,2,2,36378,27149,535,50.74579439
2001,5,715630,9,12,445530,329049,4074,80.76804124
2001,5,715700,5,6,140903,101275,1220,83.01229508
2001,5,725600,4,4,149489,108297,1565,69.19936102
2001,5,725630,11,17,1590289,1155875,10168,113.6777144
2001,5,725700,9,13,442146,322385,3544,90.96642212
2001,5,725730,2,2,44870,34715,283,122.6678445
2001,5,725800,2,2,33060,26235,140,187.3928571
2001,5,735600,1,1,23920,18260,149,122.5503356
2001,5,735630,2,2,168397,129518,1226,105.6427406
2001,5,735700,5,7,700001,513961,2975,172.76
2001,5,735730,8,10,703546,530975,4469,118.8129335
2001,5,735800,11,20,1433900,1101001,8876,124.0424741
2001,5,735830,6,6,193332,149739,1009,148.4033697
2001,5,745800,8,9,304190,234029,2313,101.179853
2001,5,745830,5,5,172340,137870,1008,136.7757937
2001,5,745900,1,3,399555,341330,1876,181.945629
2001,5,745930,2,3,351533,261918,1429,183.2876137
2001,5,755900,2,3,89069,69610,560,124.3035714
2001,5,755930,3,4,439800,393775,2902,135.6909028
2001,5,765830,1,1,0,0,33,0
2001,5,786000,1,1,14751,11175,280,39.91071429
2001,6,665500,1,1,64150,41928,340,123.3176471
2001,6,665530,3,3,146035,103056,1424,72.37078652
2001,6,665600,1,1,40882,27254,550,49.55272727
2001,6,675500,1,1,911,599,11,54.45454545
2001,6,675530,5,13,586956,401853,5884,68.29588715
2001,6,675600,6,14,388066,266173,5495,48.43912648
2001,6,675630,3,3,85020,57171,1235,46.29230769
2001,6,685530,1,1,71411,43811,720,60.84861111
2001,6,685600,9,20,983595,676987,12108,55.91237199
2001,6,685630,3,3,98277,65057,1277,50.94518403
2001,6,685700,2,2,12962,9544,170,56.14117647
2001,6,695600,1,1,37801,25370,450,56.37777778
2001,6,705630,1,1,46404,32451,246,131.9146341
2001,6,705800,1,1,5247,4164,125,33.312
2001,6,715600,2,4,231155,165707,1893,87.53671421
2001,6,715630,7,10,288301,213109,2925,72.85777778
2001,6,715700,3,3,111907,80495,1223,65.81766149
2001,6,715730,1,1,47824,36497,225,162.2088889
2001,6,715800,1,1,47823,36497,225,162.2088889
2001,6,725600,1,1,76162,54401,515,105.6330097
2001,6,725630,11,21,1588984,1157423,11930,97.01785415
2001,6,725700,5,11,554614,412000,4218,97.67662399
2001,6,725730,3,3,133522,99960,891,112.1885522
2001,6,725830,1,1,68982,49273,300,164.2433333
2001,6,726300,1,1,15023,9948,191,52.08376963
2001,6,735600,1,1,56732,42338,560,75.60357143
2001,6,735630,2,2,59897,44212,594,74.43097643
2001,6,735700,5,7,449185,337172,2750,122.608
2001,6,735730,11,16,875537,663000,5860,113.1399317
2001,6,735800,11,24,2131393,1566154,10212,153.3640815
2001,6,735830,5,6,218239,167624,1258,133.2464229
2001,6,735900,1,1,5367,3779,90,41.98888889
2001,6,745730,1,1,10109,8153,32,254.78125
2001,6,745800,6,8,632244,493009,3691,133.5705771
2001,6,745830,4,5,259085,211950,1359,155.9602649
2001,6,755800,2,2,73538,56940,966,58.94409938
2001,6,755930,3,3,94307,79945,897,89.12486065
2001,6,765930,2,2,3617,2576,78,33.02564103
2001,6,766000,1,1,5457,4331,70,61.87142857
2001,6,766030,1,1,138,110,21,5.238095238
2001,6,776000,1,1,101,72,65,1.107692308
2001,6,776030,1,1,2671,1908,65,29.35384615
2001,6,786000,2,2,34619,27470,123,223.3333333
2001,7,665500,1,1,35698,23332,180,129.6222222
2001,7,665530,1,1,938,670,50,13.4
2001,7,665600,2,2,10615,7219,135,53.47407407
2001,7,675530,3,4,48412,32359,600,53.93166667
2001,7,675600,3,5,120281,79266,1170,67.74871795
2001,7,685530,1,1,5031,3594,60,59.9
2001,7,685600,2,3,76859,52013,740,70.28783784
2001,7,685630,2,2,19202,11555,197,58.65482234
2001,7,715600,1,1,18471,13194,118,111.8135593
2001,7,715630,2,2,61446,43607,520,83.85961538
2001,7,715700,1,1,25076,17294,230,75.19130435
2001,7,725630,1,1,15882,11942,130,91.86153846
2001,7,725700,3,5,137200,96555,1615,59.78637771
2001,7,735700,2,2,57904,42893,501,85.61477046
2001,7,735730,3,3,43077,33499,316,106.0094937
2001,7,735800,6,6,212492,173153,1203,143.9343308
2001,7,735830,1,1,19264,16381,148,110.6824324
2001,7,745800,3,3,105881,85211,573,148.7102967
2001,7,755930,1,1,85291,60064,406,147.9408867
2001,7,766030,1,1,2332,2063,80,25.7875
2001,7,776000,1,1,146,129,5,25.8
2001,7,776030,1,1,2215,1960,76,25.78947368
2001,8,715630,1,2,50318,36922,355,104.0056338
2001,8,725630,1,1,2704,1974,16,123.375
2001,8,725730,1,1,1717,1331,20,66.55
2001,8,725800,1,2,1411,1084,42,25.80952381
2001,8,725830,1,1,1193,911,32,28.46875
2001,8,735730,1,5,216388,159279,1782,89.38215488
2001,8,735800,2,6,137400,105217,1193,88.19530595
2001,8,735830,1,1,91276,69677,508,137.1594488
2001,8,735930,1,1,16,13,0,
2001,8,745800,2,4,62678,46650,503,92.74353877
2001,8,745830,1,1,506,383,8,47.875
2001,8,745900,1,1,30097,23332,252,92.58730159
2001,8,745930,1,1,10560,8186,101,81.04950495
2001,8,755900,1,1,1229,953,8,119.125
2001,8,755930,1,1,1229,953,8,119.125
2001,9,715630,2,2,105851,78433,1000,78.433
2001,9,715700,1,1,4693,3425,53,64.62264151
2001,9,725630,1,1,58695,43803,399,109.7819549
2001,9,735730,1,1,47943,35779,400,89.4475
2001,9,735800,1,3,115420,89719,607,147.8072488
2001,9,745800,1,2,31805,24433,241,101.3817427
2001,9,745830,1,1,690,514,12,42.83333333
2001,9,745900,1,1,10916,9097,57,159.5964912
2001,9,745930,1,1,21998,18332,110,166.6545455
2001,9,755900,1,1,1984,1654,25,66.16
2001,9,755930,1,1,19550,16292,132,123.4242424
2001,10,715630,2,3,34117,24526,265,92.5509434
2001,10,725630,2,3,76802,55063,649,84.84283513
2001,10,735730,2,2,104242,78150,1137,68.73350923
2001,10,735800,1,2,57476,44046,192,229.40625
2001,10,735830,2,5,204142,161145,915,176.1147541
2001,10,745800,2,2,12392,9203,110,83.66363636
2001,10,745830,1,3,5944,4830,160,30.1875
2001,10,745900,1,3,164131,132603,1116,118.8198925
2001,10,755900,1,1,7536,6127,38,161.2368421
2001,10,755930,1,1,4397,3574,30,119.1333333
2001,11,725630,1,1,55784,41321,698,59.1991404
2001,11,735830,1,1,26696,19629,158,124.2341772
2001,12,715630,1,1,40650,30336,465,65.23870968
2001,12,725630,1,1,13541,10105,265,38.13207547
2001,12,725700,1,1,1065,795,26,30.57692308
2001,12,735830,1,1,27207,19859,110,180.5363636
2001,13,715630,1,1,9949,7424,72,103.1111111
2002,3,645501,1,1,2232,1519,90,16.87777778
2002,3,655530,2,2,26743,20572,511,40.25831703
2002,3,655600,1,1,921,626,100,6.26
2002,3,655630,1,1,1371,932,100,9.32
2002,3,665500,4,4,150207,106335,1810,58.74861878
2002,3,665530,3,3,71298,53015,751,70.59254328
2002,3,665600,4,3,49093,36850,662,55.66465257
2002,3,665800,1,1,29303,19934,410,48.6195122
2002,3,675500,2,2,4945,3497,167,20.94011976
2002,3,675530,6,10,438797,316953,4912,64.52626221
2002,3,675600,10,22,956736,691563,11295,61.22735724
2002,3,675630,2,4,124544,86972,1455,59.77457045
2002,3,675800,1,1,58629,42179,656,64.2972561
2002,3,685530,4,5,99750,72442,1404,51.5968661
2002,3,685600,9,17,511243,376323,6976,53.94538417
2002,3,685630,6,9,153999,113488,2486,45.65084473
2002,3,695800,1,1,14348,9827,240,40.94583333
2002,3,705600,2,3,47535,34976,665,52.59548872
2002,3,705630,6,7,268539,214469,4100,52.3095122
2002,3,705800,1,1,0,0,22,0
2002,3,705830,2,2,134838,101936,1659,61.44424352
2002,3,715600,4,5,217524,163104,2523,64.64684899
2002,3,715630,12,32,1615812,1274037,15768,80.7988965
2002,3,715700,5,7,319068,252283,3655,69.02407661
2002,3,715730,1,1,31273,25018,558,44.83512545
2002,3,725630,10,22,673396,531876,6394,83.18360963
2002,3,725700,5,16,667463,515431,8102,63.6177487
2002,3,725730,4,5,78732,64172,694,92.46685879
2002,3,725800,2,5,275383,242528,1940,125.014433
2002,3,725830,2,2,192141,164217,1884,87.16401274
2002,3,735530,2,1,5287,4263,28,152.25
2002,3,735600,1,1,12888,10563,113,93.47787611
2002,3,735630,4,3,101978,81402,1012,80.43675889
2002,3,735700,8,14,690537,541011,6012,89.98852295
2002,3,735730,10,30,2242190,1738848,16174,107.5088414
2002,3,735800,14,45,3287374,2517895,28915,87.07919765
2002,3,735830,9,13,719401,573966,5795,99.04503883
2002,3,745730,1,1,30658,22879,180,127.1055556
2002,3,745800,13,20,1270034,1013297,11794,85.91631338
2002,3,745830,10,15,1110627,876204,8994,97.4209473
2002,3,745900,1,1,64055,52504,277,189.5451264
2002,3,755700,1,1,44426,34174,92,371.4565217
2002,3,755800,2,2,3290,2697,32,84.28125
2002,3,755830,2,2,3257,2585,118,21.90677966
2002,3,755900,3,4,75108,56126,467,120.1841542
2002,3,755930,1,1,776,583,64,9.109375
2002,3,765530,1,1,4755,3835,27,142.037037
2002,3,765800,1,1,151747,122377,1048,116.7719466
2002,3,765830,1,1,276,207,65,3.184615385
2002,3,766000,1,1,227,174,10,17.4
2002,3,775900,1,1,233,175,30,5.833333333
2002,3,775930,2,2,68570,53570,537,99.75791434
2002,3,776000,1,1,1,1,4,0.25
2002,3,786000,1,1,1712,1286,42,30.61904762
2002,3,796000,1,1,200966,164726,500,329.452
2002,4,665500,1,1,59394,44324,600,73.87333333
2002,4,675530,3,3,90323,61649,1516,40.66556728
2002,4,675600,2,2,62173,43137,909,47.45544554
2002,4,675630,1,1,88518,65569,1550,42.30258065
2002,4,675700,1,1,35009,28007,419,66.8424821
2002,4,685530,1,1,34600,27904,1300,21.46461538
2002,4,685600,3,4,101774,72772,1477,49.27014218
2002,4,685630,1,1,9344,7244,200,36.22
2002,4,705630,3,3,106558,82343,1792,45.95033482
2002,4,715630,7,11,570829,436630,4532,96.34377758
2002,4,715700,4,6,372224,297429,5016,59.29605263
2002,4,715800,1,1,43938,35435,659,53.77086495
2002,4,715830,1,1,23444,17113,241,71.00829876
2002,4,725630,6,8,248930,191881,2871,66.83420411
2002,4,725700,8,10,734777,578998,9079,63.77332305
2002,4,725730,2,2,64461,48406,691,70.05209841
2002,4,725800,2,2,72481,54648,405,134.9333333
2002,4,725830,1,1,35166,25668,361,71.10249307
2002,4,735700,3,3,153747,117678,1980,59.43333333
2002,4,735730,10,11,774010,589613,8745,67.42287021
2002,4,735800,12,17,1296957,1109604,12802,86.67426965
2002,4,735830,4,4,91404,72247,968,74.63533058
2002,4,745800,2,2,80783,73800,610,120.9836066
2002,4,745830,2,2,48626,44443,361,123.1108033
2002,4,745900,1,1,27183,21573,407,53.004914
2002,4,755900,1,1,433,346,35,9.885714286
2002,4,765600,1,1,0,1,1,1
2002,4,765830,1,1,7,6,50,0.12
2002,4,765900,1,1,1830,1464,97,15.09278351
2002,4,765930,1,1,710,568,7,81.14285714
2002,4,766000,1,1,18334,14666,202,72.6039604
2002,4,999999,1,1,30919,25765,600,42.94166667
2002,5,665530,1,1,15723,36031,628,57.37420382
2002,5,665630,1,1,10177,7710,180,42.83333333
2002,5,675530,2,3,78424,59063,3450,17.11971014
2002,5,675600,2,4,186587,139805,2661,52.53851935
2002,5,685600,5,6,170300,125594,2558,49.09851446
2002,5,685630,2,2,22715,18872,370,51.00540541
2002,5,705600,1,1,30124,21364,771,27.70946822
2002,5,705630,4,6,193473,150101,3072,48.8610026
2002,5,715630,7,7,315462,228023,3250,70.16092308
2002,5,715700,5,6,93200,71584,1510,47.40662252
2002,5,715730,1,1,3295,2637,54,48.83333333
2002,5,715800,1,1,42615,33034,700,47.19142857
2002,5,725600,2,2,83514,64443,989,65.15975733
2002,5,725630,7,10,424314,334679,5319,62.9214138
2002,5,725700,8,14,349822,266150,3745,71.06809079
2002,5,725730,7,9,275839,214663,2650,81.00490566
2002,5,725800,2,2,40502,31279,394,79.38832487
2002,5,735630,2,2,19805,15612,717,21.77405858
2002,5,735700,3,5,117645,91341,1278,71.47183099
2002,5,735730,9,11,582067,449451,5376,83.60323661
2002,5,735800,10,19,909060,705553,7595,92.89703752
2002,5,735830,5,5,196567,151421,1869,81.01712146
2002,5,745800,7,8,176753,140367,1634,85.90391677
2002,5,745830,5,5,160409,133523,1820,73.36428571
2002,5,755830,1,1,3132,2286,174,13.13793103
2002,5,755900,2,2,10377,8017,204,39.29901961
2002,5,755930,1,1,19056,15243,121,125.9752066
2002,5,765830,1,1,1879,1371,120,11.425
2002,5,775900,1,1,184801,132000,1040,126.9230769
2002,5,775930,1,1,73426,56050,534,104.9625468
2002,6,675530,1,1,7914,6087,267,22.79775281
2002,6,685530,1,1,3758,2826,90,31.4
2002,6,685600,2,2,4124,3380,220,15.36363636
2002,6,705600,1,1,11076,7911,378,20.92857143
2002,6,705630,1,1,10331,8071,140,57.65
2002,6,715630,6,9,171352,132016,2484,53.14653784
2002,6,715700,4,6,203778,154455,1920,80.4453125
2002,6,725600,1,1,24360,18739,170,110.2294118
2002,6,725630,5,6,59949,47287,922,51.28741866
2002,6,725700,2,3,50893,37793,733,51.55934516
2002,6,725730,3,3,91723,68730,515,133.4563107
2002,6,725800,1,1,14423,10527,274,38.41970803
2002,6,735700,2,2,90683,68961,1145,60.2279476
2002,6,735730,4,5,130786.04,103464,1335,77.5011236
2002,6,735800,8,13,583015,459458,5553,82.74050063
2002,6,735830,2,4,100106,77317,993,77.86203424
2002,6,745800,4,4,87571,69233,960,72.11770833
2002,6,745830,2,2,42673,34434,386,89.20725389
2002,6,755900,1,1,2120,1695,108,15.69444444
2002,6,775930,1,1,333839,37072,755,49.10198675
2002,7,675500,1,1,56071,38405,0,
2002,7,675530,1,1,5041,3762,77,48.85714286
2002,7,675600,2,2,50264,36435,1006,36.21769384
2002,7,685630,1,1,11053,8248,154,53.55844156
2002,7,715630,3,5,351845,265850,4444,59.82223222
2002,7,715700,1,1,19291,15071,160,94.19375
2002,7,725630,1,1,22656,16418,232,70.76724138
2002,7,725700,1,1,52240,40186,500,80.372
2002,7,725730,1,1,26003,19699,135,145.9185185
2002,7,735730,1,1,55478,42029,300,140.0966667
2002,7,735800,1,2,142216,105324,1440,73.14166667
2002,7,745800,2,2,27835,20216,391,51.70332481
2002,7,745830,1,1,12842,9722,360,27.00555556
2002,8,715600,1,1,1137,881,72,12.23611111
2002,8,715630,1,1,4550,3527,144,24.49305556
2002,8,715700,1,3,13370,9796,397,24.67506297
2002,8,725630,1,2,2045,1580,92,17.17391304
2002,8,725700,1,2,3803,2923,146,20.02054795
2002,8,725730,1,1,8908,6800,127,53.54330709
2002,8,735630,1,1,1245,950,129,7.364341085
2002,8,735700,1,1,859,656,67,9.791044776
2002,9,715630,1,1,99855,76225,817,93.29865361
2002,9,715700,1,1,2008,1557,49,31.7755102
2002,9,735830,1,1,16231,12582,191,65.87434555
2002,9,775930,1,1,92985,72081,274,263.0693431
2002,9,785930,1,1,88115,68306,217,314.7741935
2002,10,715630,1,1,100383,85070,984,86.45325203
2002,10,725700,1,1,3510,2639,80,32.9875
2002,10,725730,1,2,9189,6992,214,32.6728972
2002,10,725800,1,2,30523,22103,675,32.74518519
2002,10,725830,1,1,657,494,60,8.233333333
2002,10,735730,1,1,587,459,24,19.125
2002,10,735800,1,3,36456,26578,709,37.48660085
2002,10,735830,1,1,3418,2570,130,19.76923077
2002,10,745800,1,1,5985,4676,107,43.70093458
2002,10,775930,1,1,80861,63173,215,293.827907
2002,10,785930,1,1,1972,1483,5,296.6
2002,11,715700,1,1,74,59,4,14.75
2002,11,735830,1,1,696,545,22,24.77272727
2002,11,735900,1,1,637,498,28,17.78571429
2002,11,745830,1,1,4446,3474,75,46.32
2002,11,745900,1,1,1037,810,13,62.30769231
2002,11,755830,1,1,0,0,16,0
2002,11,755900,1,1,20,16,43,0.372093023
2002,11,755930,1,1,889,695,16,43.4375
2002,11,765930,1,1,140,109,11,9.909090909
2002,11,775900,1,1,0,0,20,0
2002,11,775930,1,1,40620,31735,205,154.804878
2002,11,785900,1,1,0,0,20,0
2002,11,786000,1,1,46596,36402,206,176.7087379
2002,11,786030,1,1,45234,35339,254,139.1299213
2002,12,735800,1,1,73858,58156,523,111.1969407
2002,12,735830,1,1,23347,18387,115,159.8869565
2002,12,755830,1,1,82951,65834,405,162.5530864
2002,12,775830,1,1,2465,1881,34,55.32352941
2002,12,775930,1,2,156144,118576,686,172.851312
2002,13,705701,1,1,0,0,5,0
2002,13,735800,2,3,68083,55220,513,107.6413255
2002,13,735830,2,3,37382,29762,232,128.2844828
2002,13,735900,1,1,2159,1520,60,25.33333333
2002,13,745900,1,2,5714,4292,84,51.0952381
2002,13,745930,1,2,122938,96271,774,124.381137
2002,13,746000,1,1,0,0,6,0
2002,13,755900,1,1,116,82,3,27.33333333
2002,13,755930,1,2,66755,48120,348,138.2758621
2002,13,756000,1,1,0,0,14,0
2002,13,775930,1,3,59556,45852,393,116.6717557
2002,13,785930,1,2,183411,139765,769,181.7490247
2002,14,735800,1,1,21976,17441,98,177.9693878
2002,14,735830,1,1,6001,4763,35,136.0857143
2002,14,755900,1,1,11637,9162,65,140.9538462
2002,14,755930,1,1,17507,13785,100,137.85
2002,14,765930,1,1,595,468,20,23.4
2002,14,775930,1,1,73863,58160,491,118.4521385
2002,15,705630,1,1,2118,1557,127,12.25984252
2002,15,725700,1,1,1660,1221,125,9.768
2002,15,735800,1,1,3043,2360,76,31.05263158
2002,15,745930,1,1,12467,9373,121,77.46280992
2002,15,755930,2,2,89673,69968,798,87.67919799
2002,15,775930,2,3,29457,23130,362,63.89502762
2002,15,776000,1,1,1042,808,27,29.92592593
2002,15,776030,1,1,449,348,18,19.33333333
2002,15,785930,2,2,53311,39475,306,129.003268
2002,15,786000,1,1,7364,5708,91,62.72527473
2002,15,786030,1,1,5088,3946,61,64.68852459
2002,16,705600,1,1,15836,11997,154,77.9025974
2002,16,705630,1,1,1757,1331,75,17.74666667
2002,16,715700,1,1,602,456,50,9.12
2002,16,775930,1,1,0,0,5,0
2002,16,786000,1,1,1194,933,46,20.2826087
2002,16,786030,1,1,48907,38208,420,90.97142857
2002,17,695700,1,1,289,235,13,18.07692308
2002,17,695730,1,1,44,36,2,18
2002,17,715800,1,1,229,186,11,16.90909091
2002,17,725800,1,1,413,335,11,30.45454545
2002,17,725830,1,1,444,361,7,51.57142857
2002,17,735800,1,2,1631,1261,49,25.73469388
2002,17,735830,1,2,1356,1072,72,14.88888889
2002,17,745800,1,1,,0,20,0
2002,17,745830,1,1,,0,10,0
2002,17,745900,1,1,3,3,5,0.6
2002,17,745930,2,2,175,143,27,5.296296296
2002,17,755900,1,1,4054,3026,59,51.28813559
2002,17,755930,2,2,26969,19939,440,45.31590909
2002,17,756000,1,1,710,577,14,41.21428571
2002,17,756030,1,1,31,25,13,1.923076923
2002,17,766000,1,1,4570,3714,162,22.92592593
2002,17,766030,1,1,122,99,12,8.25
2002,17,775930,1,1,,0,32,0
2002,17,776000,1,1,27,21,15,1.4
2002,17,776030,1,1,365,296,12,24.66666667
2002,17,786000,1,1,118,95,21,4.523809524
2002,17,786030,1,1,114,92,45,2.044444444
2002,18,675530,1,1,71,56,7,8
2002,18,675600,1,1,356,281,43,6.534883721
2002,18,725730,1,1,179,140,58,2.413793103
2002,18,735700,1,1,107,85,83,1.024096386
2002,18,735730,1,1,65,51,78,0.653846154
2002,18,745930,1,1,13,11,16,0.6875
2002,18,746000,1,1,151,119,114,1.043859649
2002,18,746030,1,1,0,0,15,0
2002,18,746100,1,1,0,0,15,0
2002,18,755900,1,1,129,101,9,11.22222222
2002,18,755930,1,1,92861,73118,395,185.1088608
2002,18,756000,1,1,62633,49317,399,123.6015038
2002,18,765830,1,1,4,3,17,0.176470588
2002,18,765900,1,1,143,112,16,7
2002,18,765930,1,1,0,0,1,0
2002,18,766000,1,1,6281,4946,220,22.48181818
2002,18,775900,1,1,7,5,11,0.454545455
2002,18,775930,1,1,71,56,22,2.545454545
2002,18,786030,1,1,213,168,19,8.842105263
2002,18,796030,1,1,286,225,8,28.125
2002,20,665430,1,1,0,0,4,0
2002,20,675430,1,1,0,0,2,0
2002,20,675500,1,1,0,0,3,0
2002,20,685700,1,1,0,0,8,0
2002,20,685830,1,1,0,0,8,0
2002,20,715830,1,1,0,0,7,0
2002,20,715930,1,1,23,20,4,5
2002,20,725830,1,1,0,0,6,0
2002,20,725930,1,1,29,24,8,3
2002,20,755930,1,1,52822,44766,188,238.1170213
2002,20,756000,1,1,62215,52725,263,200.4752852
2002,20,766000,1,1,39926,33836,253,133.7391304
2003,3,675530,1,1,18356,15425,100,154.25
2003,3,675630,1,1,15350,11629,277,41.98194946
2003,3,685600,1,1,78640,63419,900,70.46555556
2003,3,685630,1,1,19192,14539,281,51.74021352
2003,3,705600,1,1,10858,8900,352,25.28409091
2003,3,705630,1,1,296,246,50,4.92
2003,3,705900,1,1,112,93,120,0.775
2003,3,715600,2,2,2212,1714,115,14.90434783
2003,3,715630,10,17,637925,501198,6453,77.66899117
2003,3,715700,3,3,67231,54305,520,104.4326923
2003,3,715800,2,1,250681,190169,800,237.71125
2003,3,715830,1,1,0,0,85,0
2003,3,715900,1,1,0,0,30,0
2003,3,725600,1,1,1968,1513,15,100.8666667
2003,3,725630,11,17,1648025,1326985,7860,168.8276081
2003,3,725700,9,16,1302247,1072010,6317,169.7023904
2003,3,725730,6,8,299903,251920,1546,162.9495472
2003,3,725800,4,5,235922,191789,2117,90.59470949
2003,3,725930,1,1,458,369,50,7.38
2003,3,735630,2,2,47480,37853,500,75.706
2003,3,735700,9,14,1329873,1100355,5019,219.237896
2003,3,735730,13,32,3070314,2532695,14412,175.7351513
2003,3,735800,16,59,5139566,4156747,25858,160.7528424
2003,3,735830,11,22,1609513,1343353,9169,146.5103065
2003,3,735900,3,3,184061,153008,766,199.7493473
2003,3,745730,1,1,61072,51756,180,287.5333333
2003,3,745800,14,19,865983,718745,5680,126.5396127
2003,3,745830,10,14,894956,763068,5661,134.7938527
2003,3,745900,7,10,123293,97636,1044,93.5210728
2003,3,745930,9,10,145520,116299,886,131.2629797
2003,3,755800,1,1,1219,991,40,24.775
2003,3,755900,8,12,799870,663271,3689,179.7969639
2003,3,755930,11,13,644952,560327,3736,149.9804604
2003,3,756000,2,2,2989,2919,140,20.85
2003,3,765900,2,2,11651,9567,82,116.6707317
2003,3,765930,2,2,4127,3405,78,43.65384615
2003,3,766000,4,4,48898,40421,491,82.32382892
2003,3,766100,2,2,227,202,40,5.05
2003,3,775830,1,1,227005,184557,820,225.0695122
2003,3,775900,6,6,329861,277803,2278,121.9503951
2003,3,775930,13,24,2103897,1752751,12619,138.8977732
2003,3,776000,4,3,91281,72215,707,102.1428571
2003,3,776030,2,3,23316.41,27295,110,248.1363636
2003,3,776100,1,1,30,24,60,0.4
2003,3,785900,1,1,158222,132960,867,153.3564014
2003,3,785930,4,3,177967,143593,754,190.4416446
2003,3,786000,6,7,580622.9,479548,2457,195.1762312
2003,3,786030,7,12,1291121.77,973778,5333,182.5947872
2003,3,786100,1,1,1986,1601,114,14.04385965
2003,3,795900,1,1,6221.92,5058,61,82.91803279
2003,3,796000,1,1,39700,30539,160,190.86875
2003,4,715600,1,1,4579,3633,70,51.9
2003,4,725630,2,2,129198,112054,579,193.5302245
2003,4,725700,1,1,5466,4671,25,186.84
2003,4,725730,3,3,116888,95712,598,160.0535117
2003,4,725800,2,2,11100,9031,45,200.6888889
2003,4,735700,1,1,39785,33716,92,366.4782609
2003,4,735730,5,7,557857,488750,2024,241.4772727
2003,4,735800,11,12,506900,424352,2497,169.9447337
2003,4,745800,4,3,24918,22165,601,36.88019967
2003,4,745900,1,1,7587,6960,24,290
2003,4,745930,2,2,61992,55254,185,298.6702703
2003,4,755930,2,2,73984,65006,263,247.1711027
2003,4,756000,1,1,205,171,11,15.54545455
2003,4,765800,1,1,288,272,60,4.533333333
2003,4,765900,1,1,653,615,160,3.84375
2003,4,766000,1,1,1251,1043,41,25.43902439
2003,4,786000,1,1,49201,41001,205,200.004878
2003,5,725700,2,3,83273,69023,689,100.1785196
2003,5,725730,2,3,37469,31079,260,119.5346154
2003,5,735700,1,2,76087,64006,569,112.4885764
2003,5,735730,2,3,63560,52001,479,108.5615866
2003,5,735800,1,1,3844,3204,50,64.08
2003,5,745800,1,1,872,727,35,20.77142857
2003,5,745830,1,1,927,773,10,77.3
2003,5,786000,1,1,5704,4754,47,101.1489362
2003,5,786030,1,1,6857,5715,36,158.75
2003,6,715700,1,1,262,202,28,7.214285714
2003,6,725630,1,2,284028,231740,1893,122.41944
2003,6,725700,3,4,121409,96591,825,117.08
2003,6,725730,3,3,58773,45861,580,79.07068966
2003,6,735700,3,3,38083,30352,253,119.9683794
2003,6,735730,3,3,29184,22974,357,64.35294118
2003,7,715630,2,2,64324,53393,639,83.5571205
2003,7,715700,1,1,2322,2019,58,34.81034483
2003,7,725630,2,2,121701,101283,804,125.9738806
2003,7,725700,2,2,81074,69815,820,85.1402439
2003,7,725730,2,2,101485,88248,571,154.5499124
2003,7,735700,2,2,11370,9131,50,182.62
2003,8,715630,1,2,27717,22829,160,142.68125
2003,8,725630,1,3,261267,217038,1401,154.9164882
2003,8,725700,1,1,52745,46676,250,186.704
2003,9,715630,2,4,22522,17978,273,65.85347985
2003,9,725600,1,1,498,402,15,26.8
2003,9,725630,2,4,161417,131716,1014,129.8974359
2003,9,725700,2,3,85267,70079,525,133.4838095
2003,9,735700,1,2,66901,54727,465,117.6924731
2003,10,725630,1,1,59688,49329,276,178.7282609
2003,10,725700,1,1,83260,68810,349,197.1633238
2003,10,725730,1,1,41788,34535,202,170.9653465
2003,10,735700,1,1,16445,13591,76,178.8289474
2003,10,735730,1,1,11554,9549,52,183.6346154
2003,11,725630,1,1,30515,24219,361,67.08864266
2003,12,725630,1,1,4707,3566,111,32.12612613
2004,2,735800,1,1,118385,82787,650,127.3646154
2004,3,715600,2,1,97216,76363,338,225.9260355
2004,3,715630,7,7,348797,273538,1633,167.5064299
2004,3,715700,1,1,1270,907,24,37.79166667
2004,3,715830,1,2,78473,59479,498,119.435743
2004,3,725600,1,1,2296,1752,90,19.46666667
2004,3,725630,9,13,566695,444256,3978,111.6782303
2004,3,725700,12,19,648735,486732,4206,115.7232525
2004,3,725730,11,17,632444,484388,3604,134.4028857
2004,3,725800,8,9,296959,230383,1745,132.0246418
2004,3,735630,4,4,166290,130404,1040,125.3884615
2004,3,735700,13,33,1784462,1406474,10037,140.128923
2004,3,735730,17,47,2653633,2092524,13816,151.4565721
2004,3,735800,19,92,8619380,6839122,42970,159.160391
2004,3,735830,14,19,1220218,962461,5998,160.4636546
2004,3,745730,1,1,147859,113738,576,197.4618056
2004,3,745800,10,13,659907,538959,3035,177.5812191
2004,3,745830,7,8,357402,292033,1569,186.1268324
2004,3,745900,1,1,14793,12535,195,64.28205128
2004,3,745930,1,1,162907,123415,401,307.7680798
2004,3,755800,1,1,5789,4385,38,115.3947368
2004,3,755830,3,3,226269,167559,765,219.0313725
2004,3,755930,1,1,144124,116230,311,373.7299035
2004,3,766100,3,2,10888,7661,92,83.27173913
2004,3,766130,2,1,85284,60060,296,202.9054054
2004,3,775830,1,1,115383,92306,628,146.9840764
2004,3,775930,3,3,746903,616908,1646,374.7922236
2004,3,776000,3,2,112765,80545,827,97.39419589
2004,3,776030,3,3,328640,232353,1098,211.6147541
2004,3,776100,4,3,24382,16824,128,131.4375
2004,3,786000,4,4,275598,194601,1272,152.9882075
2004,3,786030,8,10,1002900,692633,4062,170.5152634
2004,3,796000,1,1,45603,30812,199,154.8341709
2004,4,715630,1,1,52704,39040,177,220.5649718
2004,4,725630,1,1,10246,8263,136,60.75735294
2004,4,725730,1,1,710,538,3,179.3333333
2004,4,725800,1,1,28150,21992,107,205.5327103
2004,4,735700,1,1,14494,11412,94,121.4042553
2004,4,735730,2,2,33534,25495,180,141.6388889
2004,4,735800,4,5,327663,259647,1625,159.7827692
2004,6,715630,1,1,43308,30714,279,110.0860215
2004,6,715700,1,2,20464,14553,198,73.5
2004,6,725630,1,2,4582,3260,51,63.92156863
2004,6,725700,2,3,74317,56277,556,101.2176259
2004,6,725730,2,2,54126,40267,413,97.49878935
2004,6,725800,1,1,2098,1626,13,125.0769231
2004,6,735700,1,1,33516,25585,483,52.97101449
2004,6,735730,2,2,3844,2959,60,49.31666667
2004,6,735800,1,1,75298,58370,555,105.1711712
2004,6,735830,1,1,5835,4524,76,59.52631579
2004,6,745800,1,1,6931,5373,58,92.63793103
2004,6,745830,1,1,1419,1100,43,25.58139535
2004,6,775930,1,1,84363,61132,203,301.1428571
2004,7,705600,1,1,65,51,21,2.428571429
2004,7,715630,1,1,116468,91903,688,133.5799419
2004,7,715700,1,1,1188,921,19,48.47368421
2004,7,725630,1,1,3831,2970,20,148.5
2004,7,725700,2,2,38106,29014,388,74.77835052
2004,7,725730,1,1,3818,2893,96,30.13541667
2004,7,735700,1,1,2688,2036,62,32.83870968
2004,7,735730,1,1,10876,8239,161,51.17391304
2004,7,735800,1,1,68303,52948,438,120.8858447
2004,7,735830,1,1,28999,22480,226,99.46902655
2004,7,745800,1,1,0,0,30,0
2004,7,775930,1,1,172276,124838,376,332.0159574
2004,8,705630,1,1,1201,952,7,136
2004,8,715630,2,3,156377,121104,1019,118.8459274
2004,8,725630,1,1,1689,1215,15,81
2004,8,725700,1,1,7790,6039,154,39.21428571
2004,8,725730,1,1,15653,12134,264,45.96212121
2004,8,725800,1,1,34622,26839,200,134.195
2004,8,735800,2,3,176331,134716,1269,106.1591805
2004,9,705630,1,1,48122,37891,400,94.7275
2004,9,715630,2,2,54695,43067,665,64.76240602
2004,9,725630,1,1,679,495,17,29.11764706
2004,9,725700,1,1,679,495,15,33
2004,9,725730,1,1,6786,4954,61,81.21311475
2004,9,735700,1,1,127,92,16,5.75
2004,9,735800,1,1,45955,33544,329,101.9574468
2004,9,745830,1,1,0,0,13,0
2004,9,755830,1,1,0,0,88,0
2004,9,775930,2,2,93746,68427,468,146.2115385
2004,9,785930,1,1,0,0,28,0
2004,9,786000,1,1,4495,3281,66,49.71212121
2004,10,705630,1,1,6727,5215,67,77.8358209
2004,10,715630,1,1,19871,14940,186,80.32258065
2004,10,715700,1,1,3518,2460,49,50.20408163
2004,10,725700,1,1,641,482,15,32.13333333
2004,10,725730,1,1,2599,1954,28,69.78571429
2004,10,725800,1,1,4080,3103,41,75.68292683
2004,10,735800,3,3,102170,75827,926,81.88660907
2004,10,735830,1,1,10704,8048,80,100.6
2004,10,745830,1,1,0,0,75,0
2004,10,745900,1,1,0,0,28,0
2004,10,755830,1,1,0,0,16,0
2004,11,735800,1,1,31261,23504,368,63.86956522
2004,11,735830,1,1,33191,24956,270,92.42962963
2004,12,725830,1,1,3646,2644,30,88.13333333
2004,12,735830,1,1,48149,35666,836,42.66267943
2005,3,695600,1,1,0,0,4,0
2005,3,705600,1,1,16297,12531,95,131.9052632
2005,3,705630,1,1,92598,64304,210,306.2095238
2005,3,715600,6,5,781184,542429,1797,301.852532
2005,3,715630,8,12,1710148,1191465,3126,381.146833
2005,3,715700,1,1,280259,203086,586,346.5631399
2005,3,715730,1,2,263688,198302,665,298.1984962
2005,3,715800,1,1,89640,71712,280,256.1142857
2005,3,715830,1,1,76590,58023,210,276.3
2005,3,725600,2,2,71729,47189,288,163.8506944
2005,3,725630,4,6,762779,534618,1618,330.4190358
2005,3,725700,10,16,1993628,1378335,5389,255.7682316
2005,3,725730,7,9,1024657,740921,2739,270.5078496
2005,3,725800,4,7,259175,192867,877,219.9167617
2005,3,725830,1,1,56611,43885,225,195.0444444
2005,3,735700,7,12,1060973,768117,2766,277.6995662
2005,3,735730,12,26,2024137,1465039,7933,184.676541
2005,3,735800,16,64,6467287,4889797,21723,225.0976845
2005,3,735830,13,23,1839708,1391509,6700,207.6879104
2005,3,745630,1,1,58378,42612,138,308.7826087
2005,3,745730,1,1,20638,15287,15,1019.133333
2005,3,745800,5,5,201772,143754,545,263.7688073
2005,3,745830,9,15,1546061,1133093,4462,253.9428507
2005,3,745900,1,1,29309,20640,85,242.8235294
2005,3,755830,1,1,69258,47115,170,277.1470588
2005,3,755900,2,2,1503,1105,158,6.993670886
2005,3,765900,1,1,9383,6655,88,75.625
2005,3,766000,1,1,75,61,3,20.33333333
2005,3,766030,3,3,43840,31177,224,139.1830357
2005,3,766130,1,1,67034,48575,225,215.8888889
2005,3,775830,2,1,117105,73360,420,174.6666667
2005,3,775900,1,1,4775,3590,70,51.28571429
2005,3,775930,5,6,966049,583976,2328,250.8487973
2005,3,776000,3,3,576,407,38,10.71052632
2005,3,776030,4,5,18031,12916,482,26.7966805
2005,3,776100,2,2,76418,55230,314,175.8917197
2005,3,786000,2,2,203442,144710,532,272.0112782
2005,3,786030,2,2,666,438,51,8.588235294
2005,3,796000,1,1,0,0,70,0
2005,4,715630,1,1,127816,91954,181,508.0331492
2005,4,725700,1,1,105895,75639,250,302.556
2005,4,725800,1,1,22966,16522,64,258.15625
2005,4,735800,3,3,172001,124630,628,198.455414
2005,4,766030,1,1,390,258,20,12.9
2005,4,775930,1,1,159200,112113,579,193.6321244
2005,4,786030,1,1,1168,768,58,13.24137931
2005,5,705630,1,1,62595,41454,210,197.4
2005,5,715630,2,2,96787,70309,181,388.4475138
2005,5,725630,2,3,340617,247001,591,417.9373942
2005,5,725830,1,1,374,296,8,37
2005,5,735800,1,1,56981,45224,142,318.4788732
2005,5,735830,1,1,21500,17063,74,230.5810811
2005,6,715630,2,2,301981,206726,549,376.5500911
2005,6,725630,2,4,243634,171536,392,437.5918367
2005,7,715630,2,3,84567,60428,128,472.09375
2005,7,715700,1,1,10347,7185,17,422.6470588
2005,7,725630,2,5,492174,343867,827,415.8004837
2005,7,725700,1,1,13329,9256,43,215.255814
2005,7,735630,1,1,559,388,8,48.5
2005,7,775930,1,1,22340,14993,133,112.7293233
2005,8,715630,2,3,155179,105198,327,321.706422
2005,8,725630,2,3,92411,62804,146,430.1643836
2005,9,715630,1,1,1916,1303,3,434.3333333
2005/06,1,705600,1,1,62,38,30,1.266666667
2005/06,1,705630,1,1,420,253,110,2.3
2005/06,1,715600,1,1,1352,814,30,27.13333333
2005/06,1,715630,4,6,768602.65,498499,1966,253.5600203
2005/06,1,715700,1,1,19564.02,10991,74,148.527027
2005/06,1,725630,5,5,85758.67,52278,252,207.452381
2005/06,1,725700,3,3,89400.5,50984,277,184.0577617
2005/06,1,725730,1,1,9793,5899,35,168.5428571
2005/06,1,735700,1,1,22358.88,12562,86,146.0697674
2005/06,1,735730,1,1,3725.76,2258,33,68.42424242
2005/06,1,735800,1,1,8693.44,5269,31,169.9677419
2005/06,1,745830,1,1,81966.72,49677,117,424.5897436
2005/06,1,745900,1,1,1241.92,753,3,251
2005/06,1,755830,1,1,8693.44,5269,20,263.45
2005/06,2,675530,2,1,2486,1471,114,12.90350877
2005/06,2,675600,3,2,752,456,83,5.493975904
2005/06,2,685630,1,1,32759,21272,270,78.78518519
2005/06,2,705630,2,2,350,230,63,3.650793651
2005/06,2,705701,1,2,60255.26,35779,241,148.4605809
2005/06,2,705703,1,1,0,,3,
2005/06,2,715630,4,11,1032915.66,674096,3248,207.5418719
2005/06,2,715700,3,6,207423.42,131306,635,206.7811024
2005/06,2,715730,1,1,3709.08,2594,16,162.125
2005/06,2,725630,4,8,366745.54,243020,1340,181.358209
2005/06,2,725700,4,7,341318.4,225050,1467,153.4083163
2005/06,2,725730,5,7,304700.24,201823,1088,185.4990809
2005/06,2,725800,2,2,58666.62,40161,233,172.3648069
2005/06,2,735730,2,3,100083.92,65934,489,134.8343558
2005/06,2,735800,4,4,484846.14,334031,1365,244.7113553
2005/06,2,735830,1,1,26662.72,18262,77,237.1688312
2005/06,2,745800,1,1,0,,28,
2005/06,3,695631,1,1,7611,5074,609,8.331691297
2005/06,3,705600,1,1,2477.7,1619,16,101.1875
2005/06,3,705630,1,1,634,423,261,1.620689655
2005/06,3,705701,1,2,10200.45,6703,144,46.54861111
2005/06,3,715630,8,14,999011.1,646511,3580,180.5896648
2005/06,3,715700,5,6,272555.37,175857,982,179.0804481
2005/06,3,715730,1,1,19526,12204,47,259.6595745
2005/06,3,725600,1,1,13,8,60,0.133333333
2005/06,3,725630,8,12,702980.26,460320,3064,150.2349869
2005/06,3,725700,4,6,69365.23,42980,329,130.6382979
2005/06,3,725730,4,4,84016.71,52641,339,155.2831858
2005/06,3,735630,1,1,0,,18,
2005/06,3,735700,2,3,13355.04,8039,94,85.5212766
2005/06,3,735730,3,3,41637.72,25507,246,103.6869919
2005/06,3,745830,2,2,296104.42,202631,544,372.4834559
2005/06,4,685600,1,1,2095.3,1366,85,16.07058824
2005/06,4,685630,2,2,66322.2,43466,456,95.32017544
2005/06,4,705600,1,1,109285,74343,533,139.4803002
2005/06,4,705630,1,1,745,491,40,12.275
2005/06,4,705701,1,1,102622,62992,312,201.8974359
2005/06,4,715600,2,2,59173.2,39509,176,224.4829545
2005/06,4,715630,7,15,1150554.26,758355,3699,205.0162206
2005/06,4,715700,5,11,547930.55,342698,1738,197.1795167
2005/06,4,715730,1,1,26279,15643,71,220.3239437
2005/06,4,725630,8,15,898251.6,599312,3979,150.6187484
2005/06,4,725700,6,12,404936.11,258629,1820,142.1038462
2005/06,4,725730,2,2,11231.19,6815,38,179.3421053
2005/06,4,735800,1,1,32785,22303,160,139.39375
2005/06,4,745630,1,1,52774.59,33830,127,266.3779528
2005/06,5,675530,1,1,0,,18,
2005/06,5,685600,2,3,0,,99,
2005/06,5,685630,2,2,4416.04,2730,44,62.04545455
2005/06,5,705630,1,1,4703,2734,96,28.47916667
2005/06,5,705701,2,2,62711.24,39003,201,194.0447761
2005/06,5,715600,1,1,2236,1442,20,72.1
2005/06,5,715630,5,8,246418.84,156423,1011,154.7210682
2005/06,5,715700,6,10,508486.05,326774,1667,196.025195
2005/06,5,715730,4,5,244712.32,160482,551,291.2558984
2005/06,5,725630,5,8,317262.73,211879,1244,170.3207395
2005/06,5,725700,5,7,301070.08,196433,1020,192.5813725
2005/06,5,725730,1,2,40596.06,27421,142,193.1056338
2005/06,5,735630,1,1,161,102,5,20.4
2005/06,5,745830,1,1,27664.64,18692,66,283.2121212
2005/06,6,675530,1,1,0,,25,
2005/06,6,695631,2,2,9580,5486,736,7.453804348
2005/06,6,705600,3,3,15175,9924,198,50.12121212
2005/06,6,705630,4,4,25621,16382,410,39.95609756
2005/06,6,715600,3,3,27867.64,18674,89,209.8202247
2005/06,6,715630,7,13,405151.41,255004,1678,151.9690107
2005/06,6,715700,4,4,158021.35,95737,648,147.742284
2005/06,6,715730,3,3,224235.64,148918,533,279.3958724
2005/06,6,725600,1,1,35242.56,23495,165,142.3939394
2005/06,6,725630,5,7,212492.5,140098,1038,134.9691715
2005/06,6,725700,2,2,54619.26,33582,337,99.64985163
2005/06,6,725730,1,1,150584.7,100389,206,487.3252427
2005/06,6,735730,1,1,17209.68,11473,105,109.2666667
2005/06,6,735800,2,2,30606.26,20173,130,155.1769231
2005/06,7,685530,1,1,1661.84,1138,171,6.65497076
2005/06,7,705600,3,3,66606.51,46153,236,195.5635593
2005/06,7,715600,2,1,81341.96,56487,170,332.2764706
2005/06,7,715630,2,2,36770,23545,172,136.8895349
2005/06,7,715700,6,8,389977.11,253307,1160,218.3681034
2005/06,7,715730,6,7,603742.05,397851,1302,305.5691244
2005/06,7,725630,2,2,47085.78,30386,250,121.544
2005/06,7,725700,2,2,25355.51,15046,258,58.31782946
2005/06,7,725730,4,5,192942.1,126728,628,201.7961783
2005/06,7,725800,1,1,9203.84,6347,31,204.7419355
2005/06,7,735700,1,1,2583.72,1635,27,60.55555556
2005/06,7,735730,2,2,23778.92,14388,203,70.87684729
2005/06,7,735800,5,5,535454.48,351798,1349,260.7842847
2005/06,7,735830,2,2,79086.68,54542,168,324.6547619
2005/06,7,745830,1,1,48673.5,33568,73,459.8356164
2005/06,8,695631,1,1,51704,34701,208,166.8317308
2005/06,8,705630,1,1,7404,4840,300,16.13333333
2005/06,8,715700,2,2,55447.59,38334,146,262.5616438
2005/06,8,715730,6,8,381898.53,256924,903,284.5227021
2005/06,8,725700,1,1,3915.51,2664,21,126.8571429
2005/06,8,725730,7,10,1002471.44,663471,2686,247.0107967
2005/06,8,725800,3,3,12035.97,7719,33,233.9090909
2005/06,8,735730,2,2,39057.34,26237,107,245.2056075
2005/06,8,735800,3,3,207783.5,146131,412,354.6868932
2005/06,8,735830,2,3,176313.52,125448,409,306.7188264
2005/06,8,745830,2,3,362681.6,246365,546,451.2179487
2005/06,9,715630,2,2,7163.66,4787,104,46.02884615
2005/06,9,715700,1,1,30245.67,19023,70,271.7571429
2005/06,9,715730,3,4,228294.1,152142,481,316.3035343
2005/06,9,725700,1,1,33606.3,21136,64,330.25
2005/06,9,725730,6,10,1107842.94,747560,2880,259.5694444
2005/06,9,725800,5,5,108151.12,73093,218,335.2889908
2005/06,9,735730,3,3,36853.79,23625,121,195.2479339
2005/06,9,735800,4,5,606670.96,399058,1180,338.1847458
2005/06,9,735830,2,3,132844.96,89760,275,326.4
2005/06,9,745830,3,5,459084.5,308171,864,356.6793981
2005/06,10,695631,5,5,29254.07,18231,1074,16.97486034
2005/06,10,705600,1,1,1074,757,27,28.03703704
2005/06,10,705630,3,3,5012.52,3123,284,10.99647887
2005/06,10,705701,2,2,1620.84,1007,29,34.72413793
2005/06,10,715600,1,2,270,189,32,5.90625
2005/06,10,715630,1,1,810.42,503,9,55.88888889
2005/06,10,715730,2,2,272761,184594,437,422.4118993
2005/06,10,725730,6,10,249693.65,167847,853,196.7725674
2005/06,10,725800,5,6,280698.61,183133,802,228.3453865
2005/06,10,725830,1,1,6090,3830,13,294.6153846
2005/06,10,735730,3,3,46408.26,32579,144,226.2430556
2005/06,10,735800,3,6,586725.13,405629,1635,248.0911315
2005/06,10,735830,5,6,475198.92,327908,914,358.761488
2005/06,10,745830,6,9,996455.23,685443,2280,300.6328947
2005/06,10,745900,1,1,98058.35,67627,170,397.8058824
2005/06,11,665500,1,1,2321,1623,66,24.59090909
2005/06,11,665530,1,1,11604,8116,78,104.0512821
2005/06,11,665600,1,1,22049,15419,208,74.12980769
2005/06,11,665630,1,1,5803,4057,39,104.025641
2005/06,11,695631,3,4,4367,2878,717,4.013947001
2005/06,11,705600,1,2,8882.18,5911,61,96.90163934
2005/06,11,705630,2,2,34,22,20,1.1
2005/06,11,715630,1,1,5051,3412,25,136.48
2005/06,11,715700,3,3,47157,29831,107,278.7943925
2005/06,11,715730,3,3,301511,193678,673,287.7830609
2005/06,11,725730,8,13,631462.02,417064,1798,231.9599555
2005/06,11,725800,6,7,353088.04,239401,1002,238.9231537
2005/06,11,725830,1,1,25,16,39,0.41025641
2005/06,11,735730,3,3,16616.96,11494,240,47.89166667
2005/06,11,735800,6,8,348245.73,242575,1197,202.6524645
2005/06,11,735830,8,14,1214645.41,845125,3501,241.3953156
2005/06,11,735900,2,1,14543.1,9568,27,354.3703704
2005/06,11,745800,1,1,20703.76,14478,40,361.95
2005/06,11,745830,5,12,610774.67,434704,1316,330.3221884
2005/06,11,745900,3,7,676465.48,471352,1425,330.7733333
2005/06,11,755830,1,1,4561.1,3235,14,231.0714286
2005/06,11,755900,1,1,2280.55,1618,23,70.34782609
2005/06,12,695631,2,2,518,324,280,1.157142857
2005/06,12,705600,1,1,318,200,33,6.060606061
2005/06,12,705630,2,2,1135,713,144,4.951388889
2005/06,12,715600,1,1,5288,3326,20,166.3
2005/06,12,715630,2,2,101085,63553,386,164.6450777
2005/06,12,715700,1,1,50890.84,35341,161,219.5093168
2005/06,12,715730,2,2,212303.24,143293,444,322.731982
2005/06,12,715800,1,1,53200,35466,277,128.0361011
2005/06,12,725700,1,1,9929.92,6896,101,68.27722772
2005/06,12,725730,1,1,5061.56,3444,22,156.5454545
2005/06,12,725800,1,1,75348,52691,116,454.2327586
2005/06,12,735800,3,1,6751.92,4672,40,116.8
2005/06,12,735830,7,7,633618.61,439220,1606,273.486924
2005/06,12,735900,5,5,201090.89,138218,502,275.3346614
2005/06,12,745830,5,6,200677.33,134809,488,276.2479508
2005/06,12,745900,5,5,231701.45,157142,545,288.333945
2005/06,12,745930,1,1,20246.24,13773,48,286.9375
2005/06,13,695631,2,2,2971.4,1837,144,12.75694444
2005/06,13,715630,2,1,31694.6,19439,68,285.8676471
2005/06,13,715730,2,3,501380.66,340267,1118,304.3533095
2005/06,13,715800,1,1,161,106,5,21.2
2005/06,13,725730,2,2,43922.34,29843,120,248.6916667
2005/06,13,725800,3,3,321063,213789,955,223.8628272
2005/06,13,735800,2,2,83315.6,55902,329,169.9148936
2005/06,13,735830,7,6,258169.2,178186,694,256.7521614
2005/06,13,735900,5,4,302939.54,212800,903,235.6589147
2005/06,13,745800,1,1,1812.94,1276,7,182.2857143
2005/06,13,745830,5,6,291167,203118,787,258.0914867
2005/06,13,745900,5,6,338545.72,227426,749,303.6395194
2005/06,14,715630,4,3,233254.18,145127,1093,132.778591
2005/06,14,715700,1,1,2586.18,1747,16,109.1875
2005/06,14,715730,2,2,273183,180906,846,213.8368794
2005/06,14,735800,1,1,12697,8192,97,84.45360825
2005/06,14,735830,5,5,340120.67,225757,1347,167.5998515
2005/06,14,735900,1,1,36420,24945,63,395.952381
2005/06,14,745800,1,1,16692.69,11592,48,241.5
2005/06,14,745830,4,5,59065.82,40929,192,213.171875
2005/06,14,745900,6,9,1073389.52,735156,2750,267.3294545
2005/06,14,745930,2,2,17297.22,11865,73,162.5342466
2005/06,14,755800,1,1,2384.67,1656,6,276
2005/06,14,755900,1,1,42924.06,29808,200,149.04
2005/06,14,755930,2,2,25873.99,17642,172,102.5697674
2005/06,15,675600,1,1,450.58,301,17,17.70588235
2005/06,15,675630,1,1,450.58,301,23,13.08695652
2005/06,15,685600,2,1,959.76,521,18,28.94444444
2005/06,15,685630,2,1,959.76,521,18,28.94444444
2005/06,15,715700,1,1,7659.86,5107,82,62.2804878
2005/06,15,715730,1,1,20726.68,13818,227,60.8722467
2005/06,15,725700,2,2,2991.08,1929,94,20.5212766
2005/06,15,725730,2,2,639.77,416,22,18.90909091
2005/06,15,725800,1,1,1221,749,50,14.98
2005/06,15,735800,2,2,27232,16707,250,66.828
2005/06,15,735830,2,2,116685,79822,600,133.0366667
2005/06,15,745830,1,1,1356,875,23,38.04347826
2005/06,15,745900,4,4,278581.52,173972,902,192.8736142
2005/06,15,745930,2,1,4798.8,2609,32,81.53125
2005/06,15,755900,2,2,1514.89,1025,26,39.42307692
2005/06,15,755930,1,1,15319.72,10211,106,96.33018868
2005/06,16,705701,1,1,876,601,20,30.05
2005/06,16,705800,1,1,278,171,19,9
2005/06,16,705830,1,1,178,109,7,15.57142857
2005/06,16,715600,2,1,267792.82,162923,320,509.134375
2005/06,16,715630,1,1,153745,105304,285,369.4877193
2005/06,16,715700,3,3,35884.48,23153,315,73.5015873
2005/06,16,715730,4,3,111219.83,70446,586,120.2150171
2005/06,16,715830,1,1,278,171,58,2.948275862
2005/06,16,725630,1,1,1856,1139,73,15.60273973
2005/06,16,725730,2,2,6040,3976,177,22.46327684
2005/06,16,725800,1,1,7189,4729,86,54.98837209
2005/06,16,725830,1,1,2325,1530,54,28.33333333
2005/06,16,735730,1,1,176,120,82,1.463414634
2005/06,16,735800,2,1,3113.87,1894,100,18.94
2005/06,16,735830,3,3,47960,32201,332,96.99096386
2005/06,16,735900,3,3,60258,41064,206,199.3398058
2005/06,16,745830,2,2,0,,69,
2005/06,16,745900,3,3,77178,50905,407,125.0737101
2005/06,16,745930,1,1,6559,4344,49,88.65306122
2005/06,16,755830,1,1,228,150,15,10
2005/06,16,755900,1,1,0,,14,
2005/06,17,655500,1,1,0,,10,
2005/06,17,665500,1,1,0,,15,
2005/06,17,665600,1,1,0,,60,
2005/06,17,675530,1,1,0,,20,
2005/06,17,675600,1,1,0,,20,
2005/06,17,705630,1,1,40717,25935,314,82.5955414
2005/06,17,715630,1,1,9825,6258,35,178.8
2005/06,17,715730,1,1,8419,5467,116,47.12931034
2005/06,17,725800,1,1,1345,873,35,24.94285714
2005/06,17,725830,1,1,642,417,34,12.26470588
2005/06,17,735800,1,1,2473,1575,31,50.80645161
2005/06,17,735830,2,2,4357,2809,111,25.30630631
2005/06,17,735900,1,1,26,17,1,17
2005/06,17,745900,2,2,1129,739,89,8.303370787
2005/06,17,755900,1,1,1675,1088,142,7.661971831
2005/06,17,765830,1,1,0,,23,
2005/06,18,685630,1,1,706,418,89,4.696629213
2005/06,18,705600,1,1,9238,5466,35,156.1714286
2005/06,18,705630,1,1,78362,46368,298,155.5973154
2005/06,18,715630,2,2,126562,76172,396,192.3535354
2005/06,18,715700,1,1,15927,9653,112,86.1875
2005/06,18,715730,1,1,17152,10395,58,179.2241379
2005/06,19,705630,1,1,79171,50750,333,152.4024024
2005/06,19,715630,4,4,450246,272836,1093,249.621226
2005/06,19,715700,2,2,112981.8,68786,454,151.5110132
2005/06,19,715730,1,1,460.2,289,14,20.64285714
2005/06,20,705630,1,1,10304,5956,84,70.9047619
2005/06,20,715630,1,1,16066,9287,94,98.79787234
2005/06,20,735830,1,1,32051,18527,197,94.04568528
2005/06,20,735900,1,1,20255,11708,153,76.52287582
2005/06,21,735800,1,1,2900,1883,27,69.74074074
2005/06,21,735900,1,1,102627,66641,409,162.9364303
2005/06,43,695631,1,1,82,47,621,0.07568438
2005/06,43,705630,1,1,3,2,68,0.029411765
2005/06,48,715630,1,1,44863.88,27837,224,124.2723214
2005/06,48,715700,1,1,9718.64,6036,25,241.44
2005/06,48,725630,1,1,40089.39,24900,158,157.5949367
2005/06,48,725700,1,1,27941.09,17355,101,171.8316832
2005/06,50,715630,1,1,7480,4857,11,441.5454545
2005/06,50,725630,1,1,16576,10764,40,269.1
2005/06,50,725700,1,1,55790,36227,94,385.393617
2005/06,51,715630,1,1,3101,1963,18,109.0555556
2005/06,51,715700,1,1,6661,4216,20,210.8
2005/06,51,725630,1,1,5523,3496,46,76
2005/06,51,725700,1,1,112801,71393,334,213.751497
2005/06,52,715630,1,1,8472,5363,31,173
2005/06,52,715700,1,1,13702,8672,35,247.7714286
2005/06,52,725630,1,1,2337,1479,13,113.7692308
2005/06,52,725700,1,1,11892,7526,48,156.7916667
2005/06,53,695631,1,1,797.51,528,5,105.6
2005/06,53,705630,1,1,3190.04,2113,198,10.67171717
2005/06,53,715630,1,1,1595.02,1056,30,35.2
2005/06,53,725700,1,2,53644.2,35619,188,189.462766
2005/06,53,725730,1,1,205730.42,140812,555,253.7153153
2005/06,53,735800,1,1,12760.16,8450,67,126.119403
2005/06,53,745830,1,1,11962.65,7923,20,396.15
2006/07,2,715600,1,1,44698,33608,54,622.3703704
2006/07,2,715630,2,6,638974.94,507382,1309,387.6103896
2006/07,2,715700,2,3,170423.8,139967,337,415.3323442
2006/07,2,715730,1,1,5583,4576,20,228.8
2006/07,2,725630,2,4,169574.9,137195,369,371.802168
2006/07,2,725700,3,8,782027.76,625729,1608,389.1349502
2006/07,2,725730,3,4,236699,187528,494,379.611336
2006/07,2,735730,1,1,27814.6,22613,40,565.325
2006/07,2,735800,1,1,3744.9,2600,15,173.3333333
2006/07,2,745800,1,1,3744.9,2600,9,288.8888889
2006/07,2,745830,1,1,367000.2,254861,668,381.5284431
2006/07,3,715600,1,1,29221,23008,61,377.1803279
2006/07,3,715630,4,5,407314.34,326628,975,335.0030769
2006/07,3,715700,3,3,394660,309305,829,373.106152
2006/07,3,715730,1,1,48913,37918,86,440.9069767
2006/07,3,725630,1,1,5512.26,4519,14,322.7857143
2006/07,3,725700,5,5,381260.15,313724,925,339.1610811
2006/07,3,725730,5,4,304480.53,248542,747,332.7202142
2006/07,3,735730,3,1,42161.9,32185,110,292.5909091
2006/07,3,745830,3,1,328862.82,251040,867,289.550173
2006/07,4,685630,1,1,0,,11,
2006/07,4,695631,2,2,0,,623,
2006/07,4,705600,1,1,20142.92,16114,76,212.0263158
2006/07,4,705630,1,1,0,,41,
2006/07,4,705701,3,2,23192,18554,75,247.3866667
2006/07,4,715630,6,8,734200.13,596762,1627,366.786724
2006/07,4,715700,5,4,511958.32,413867,1146,361.1404887
2006/07,4,715730,1,1,6693.39,5354,30,178.4666667
2006/07,4,725630,4,3,74493.14,59175,177,334.3220339
2006/07,4,725700,7,8,1131998.02,928183,2556,363.1388889
2006/07,4,725730,2,2,51702,43335,123,352.3170732
2006/07,4,745830,1,1,157727.79,111076,301,369.0232558
2006/07,4,755830,1,1,1593.21,1122,4,280.5
2006/07,5,665500,1,1,871,551,110,5.009090909
2006/07,5,665530,1,1,257,163,155,1.051612903
2006/07,5,675530,1,1,0,,12,
2006/07,5,695631,1,1,0,,410,
2006/07,5,715630,5,7,841669.02,687155,1873,366.8739989
2006/07,5,715700,4,5,535098.56,446620,966,462.3395445
2006/07,5,715730,1,1,7973.44,6758,14,482.7142857
2006/07,5,725630,5,5,153800.06,124137,538,230.7379182
2006/07,5,725700,5,9,835070.56,683967,1780,384.2511236
2006/07,5,725730,3,3,144194.36,118004,329,358.674772
2006/07,5,735630,1,1,770,694,9,77.11111111
2006/07,5,735800,1,1,0,,2,
2006/07,5,735830,1,1,33506,23430,84,278.9285714
2006/07,5,745800,1,1,0,,13,
2006/07,5,745830,1,1,115695,80906,330,245.169697
2006/07,5,745900,1,1,5470,3826,29,131.9310345
2006/07,6,715630,4,4,576610.8,477071,1251,381.3517186
2006/07,6,715700,6,5,263293.14,231602,664,348.7981928
2006/07,6,715730,3,2,77928.51,61142,203,301.1921182
2006/07,6,725630,6,9,1129635,951693,2381,399.7030659
2006/07,6,725700,6,9,1105839.34,902965,2487,363.0739847
2006/07,6,725730,6,5,344450.21,276243,823,335.653706
2006/07,6,735700,2,3,181179,146643,514,285.2976654
2006/07,6,735730,2,2,23699,19587,49,399.7346939
2006/07,6,735800,1,1,20883,14303,40,357.575
2006/07,6,735830,1,1,27453,18803,73,257.5753425
2006/07,6,745800,1,1,23160,15863,57,278.2982456
2006/07,6,745830,1,1,171368,117375,390,300.9615385
2006/07,7,665530,2,1,746,557,79,7.050632911
2006/07,7,695631,5,4,4326,3461,1327,2.608138659
2006/07,7,705630,4,3,839,671,339,1.979351032
2006/07,7,705701,5,4,149045,115725,378,306.1507937
2006/07,7,715630,3,4,209272.16,176077,343,513.3440233
2006/07,7,715700,4,6,439892.6,360466,794,453.9874055
2006/07,7,715730,1,1,6618.24,5424,10,542.4
2006/07,7,725630,3,4,393908.96,315691,842,374.9299287
2006/07,7,725700,5,4,666467.04,541056,1373,394.0684632
2006/07,7,725730,4,4,288885.52,230750,633,364.5339652
2006/07,7,735700,1,1,8452,6872,22,312.3636364
2006/07,7,735730,2,2,153941.8,123411,384,321.3828125
2006/07,7,735800,1,1,114019.68,91216,299,305.0702341
2006/07,7,745830,2,1,271752,191662,494,387.9797571
2006/07,8,665500,1,1,0,,66,
2006/07,8,665530,1,1,0,,886,
2006/07,8,695631,1,2,0,,573,
2006/07,8,705701,2,2,216925,175434,479,366.2505219
2006/07,8,715630,4,4,281707.64,226303,587,385.5247019
2006/07,8,715700,4,6,370365.8,304513,556,547.6852518
2006/07,8,715730,3,2,71566.96,59927,158,379.2848101
2006/07,8,725630,3,3,225550.32,185646,517,359.0831721
2006/07,8,725700,4,6,252976.46,209448,552,379.4347826
2006/07,8,725730,4,3,275529.22,230033,600,383.3883333
2006/07,8,735700,1,2,127853.8,104955,332,316.1295181
2006/07,8,735730,1,1,91904.8,76587,206,371.7815534
2006/07,8,735830,1,1,55711,44216,208,212.5769231
2006/07,8,745800,1,1,77140,61221,263,232.7794677
2006/07,8,745830,1,1,9999,7936,41,193.5609756
2006/07,9,665530,1,1,458,356,354,1.005649718
2006/07,9,665600,1,1,100,77,47,1.638297872
2006/07,9,695631,2,3,2498,1953,803,2.432129514
2006/07,9,705630,1,1,1182,916,90,10.17777778
2006/07,9,705701,1,1,13370.5,10446,34,307.2352941
2006/07,9,715630,2,2,129673.7,109332,271,403.4391144
2006/07,9,715700,4,4,472006.5,384360,964,398.7136929
2006/07,9,725630,3,3,106069,86250,202,426.980198
2006/07,9,725700,5,6,335402.6,277268,928,298.7801724
2006/07,9,725730,4,7,597888.4,485382,1195,406.1774059
2006/07,9,735700,2,2,87462.3,71311,184,387.5597826
2006/07,9,735730,5,5,282103,229513,703,326.4765292
2006/07,10,695631,2,2,427,336,247,1.360323887
2006/07,10,705701,1,2,53210,42152,104,405.3076923
2006/07,10,715630,1,1,83017,68609,180,381.1611111
2006/07,10,715700,1,1,237398,186928,361,517.8060942
2006/07,10,725630,2,2,89192.76,73689,242,304.5
2006/07,10,725700,5,4,295032.66,236722,637,371.6200942
2006/07,10,725730,4,2,134937.08,110496,291,379.7113402
2006/07,10,735700,4,2,74856.7,61402,144,426.4027778
2006/07,10,735730,4,3,67587.8,56090,144,389.5138889
2006/07,10,735800,2,1,76662.52,59464,242,245.7190083
2006/07,10,735830,2,1,18038.24,13992,75,186.56
2006/07,10,745800,2,1,22547.8,17489,62,282.0806452
2006/07,10,745830,2,1,108229.44,83948,487,172.3778234
2006/07,11,685630,1,1,5315,4252,59,72.06779661
2006/07,11,695631,1,1,173,138,186,0.741935484
2006/07,11,705630,1,1,0,,8,
2006/07,11,705701,1,1,1238,1023,4,255.75
2006/07,11,715630,3,4,269048,218311,597,365.680067
2006/07,11,715700,4,4,181388,146464,407,359.8624079
2006/07,11,725630,3,3,158883.96,131387,388,338.6262887
2006/07,11,725700,8,11,1588067.97,1336667,3329,401.5220787
2006/07,11,725730,5,4,139271.08,118335,316,374.4778481
2006/07,11,735700,6,6,204461.49,174078,388,448.6546392
2006/07,11,735730,3,2,146813.5,127717,294,434.4115646
2006/07,12,715600,1,1,19464.3,16220,38,426.8421053
2006/07,12,715630,6,8,886187.6,742231,1998,371.486987
2006/07,12,715700,4,4,221666.7,183283,359,510.5376045
2006/07,12,725630,3,3,169496.4,142575,575,247.9565217
2006/07,12,725700,8,10,1392560.4,1169120,3825,305.6522876
2006/07,12,735700,5,4,105580.6,86943,233,373.1459227
2006/07,12,735730,1,1,61743,52772,164,321.7804878
2006/07,12,735800,1,1,50517,43177,198,218.0656566
2006/07,13,715630,8,11,882991.38,727781,1860,391.2801075
2006/07,13,715700,9,8,894866.64,733639,1765,415.6594901
2006/07,13,725630,1,1,7150.74,5720,143,40
2006/07,13,725700,9,12,1356010.62,1147088,3575,320.8637762
2006/07,13,725730,4,1,49764.96,42627,81,526.2592593
2006/07,13,735630,1,1,111665,93837,342,274.377193
2006/07,13,735700,5,4,315755.62,268185,819,327.4542125
2006/07,13,735730,4,1,9479.04,8120,16,507.5
2006/07,14,715630,3,4,365730.36,303338,663,457.5233786
2006/07,14,715700,9,8,808778.48,672469,1391,483.4428469
2006/07,14,715730,1,1,11345.2,9534,15,635.6
2006/07,14,725700,4,5,398755.56,330460,946,349.3234672
2006/07,14,725730,3,3,55749.05,48349,106,456.1226415
2006/07,14,735730,3,2,69420.43,60787,145,419.2206897
2006/07,14,735800,1,1,41016.92,36953,76,486.2236842
2006/07,15,715630,1,1,94368,78639,186,422.7903226
2006/07,15,715700,7,8,932647.68,774313,1674,462.5525687
2006/07,15,725700,4,5,223698.32,191589,528,362.8579545
2006/07,15,725730,3,1,202298,175914,444,396.2027027
2006/07,15,735730,1,1,172970,144141,328,439.4542683
2006/07,16,715700,1,1,39471,32621,53,615.490566
2006/07,17,715630,1,1,96203.64,75751,229,330.790393
2006/07,17,735700,1,1,19704.36,15516,36,431
2006/07,18,715630,1,1,29017,23980,77,311.4285714
2006/07,45,695631,1,1,0,,383,
2006/07,45,705600,1,1,195,125,2,62.5
2006/07,45,705630,1,1,1468,941,18,52.27777778
2006/07,45,715600,1,1,82,52,2,26
2006/07,45,715630,1,1,23716,15202,122,124.6065574
2006/07,45,715700,2,2,11775,7570,56,135.1785714
2006/07,45,715730,2,2,92952.9,76001,205,370.7365854
2006/07,45,715800,2,2,246281.74,199692,667,299.3883058
2006/07,45,725730,3,2,56444.36,45418,162,280.3580247
2006/07,45,725800,1,1,33670,26722,117,228.3931624
2006/07,45,725830,1,1,15362,12192,55,221.6727273
2006/07,46,715630,1,1,184065,121096,546,221.7875458
2006/07,46,715700,1,1,6578,4327,15,288.4666667
2006/07,47,665600,1,1,50,34,21,1.619047619
2006/07,47,715630,1,1,190657,123005,682,180.3592375
2006/07,47,715800,1,1,42195,33756,143,236.0559441
2006/07,47,725800,1,1,54317,43454,168,258.6547619
2006/07,47,725830,1,1,4177,3341,13,257
2006/07,48,655530,1,1,0,,40,
2006/07,48,665500,1,1,0,,24,
2006/07,48,665530,1,1,0,,21,
2006/07,48,675530,1,1,0,,18,
2006/07,48,715630,3,3,52409,33976,261,130.1762452
2006/07,48,715700,1,1,36155,26981,118,228.6525424
2006/07,48,715800,1,1,6588,5147,50,102.94
2006/07,48,725700,1,1,22332,16666,147,113.3741497
2006/07,48,725800,1,1,14563,9484,48,197.5833333
2006/07,49,715700,1,1,132935,104673,465,225.1032258
2006/07,49,715800,1,1,72539,54132,253,213.9604743
2006/07,49,725800,1,1,34101,25452,95,267.9157895
2006/07,49,725830,1,1,17501,13059,157,83.17834395
2006/07,50,715700,1,1,45974,39633,186,213.0806452
2006/07,50,715800,1,1,86695,65184,283,230.3321555
2006/07,50,725700,1,1,51695,44564,154,289.3766234
2006/07,50,725800,1,1,7335,5515,38,145.1315789
2006/07,51,715800,1,1,119625,89116,206,432.6019417
2006/07,51,725800,1,1,19024,15131,60,252.1833333
2006/07,52,715800,1,1,60270,46008,172,267.4883721
2006/07,52,725800,1,1,40194,30682,137,223.9562044
2007/08,1,705701,1,1,19813.2,16511,20,825.55
2007/08,1,715630,1,2,325930.42,259494,516,502.8953488
2007/08,1,715700,1,2,156108.3,126359,362,349.058011
2007/08,1,725630,1,1,26302.08,21211,50,424.22
2007/08,1,725700,1,1,6929.94,5544,17,326.1176471
2007/08,1,725730,1,1,196348.3,157079,340,461.9970588
2007/08,1,735630,1,1,19,15,1,15
2007/08,1,735700,2,2,7032.94,5624,18,312.4444444
2007/08,1,735730,2,2,20789.82,16632,40,415.8
2007/08,1,745830,1,1,2067,1615,8,201.875
2007/08,1,755830,1,1,11779,9202,32,287.5625
2007/08,2,665430,1,1,590.08,407,93,4.376344086
2007/08,2,665500,1,1,193.62,134,38,3.526315789
2007/08,2,665530,1,1,138.3,95,29,3.275862069
2007/08,2,705630,1,1,23820.2,18184,61,298.0983607
2007/08,2,705701,2,3,195068.94,144558,405,356.9333333
2007/08,2,705730,1,1,14830,11770,45,261.5555556
2007/08,2,715630,6,8,870486.62,682778,1924,354.8742204
2007/08,2,715700,8,9,1724179.39,1356798,3083,440.0901719
2007/08,2,715730,1,1,9300,7381,24,307.5416667
2007/08,2,725630,3,3,248260.56,195239,421,463.7505938
2007/08,2,725700,7,8,556513.56,443926,1177,377.1673747
2007/08,2,725730,4,4,382405.44,308738,605,510.3107438
2007/08,2,735700,1,1,54448.8,42873,120,357.275
2007/08,2,735730,1,1,226208.49,176725,323,547.1362229
2007/08,2,745830,1,1,4888,3760,22,170.9090909
2007/08,2,755830,1,1,90789,69837,354,197.279661
2007/08,3,665500,1,1,0,,136,
2007/08,3,665530,1,1,0,,274,
2007/08,3,665600,1,1,20954,15874,40,396.85
2007/08,3,675530,1,1,4228,3383,22,153.7727273
2007/08,3,675600,2,2,22327,16962,48,353.375
2007/08,3,685630,1,1,9611,7508,36,208.5555556
2007/08,3,695631,1,1,0,,58,
2007/08,3,705630,1,1,0,,57,
2007/08,3,705701,6,7,442492.01,339419,823,412.4167679
2007/08,3,705703,2,2,27291,22188,60,369.8
2007/08,3,715630,7,12,1043134.89,824047,1913,430.7616309
2007/08,3,715700,8,13,1310999.98,1042586,2493,418.2053751
2007/08,3,725630,4,4,357386.86,290371,717,404.9804742
2007/08,3,725700,5,7,320519.73,246803,621,397.4283414
2007/08,3,725730,2,3,377927.53,298216,751,397.0918775
2007/08,3,735730,1,1,8106,6591,15,439.4
2007/08,3,735800,1,1,4773,3758,12,313.1666667
2007/08,3,745830,1,1,34311,27017,85,317.8470588
2007/08,3,755830,1,1,44704,35200,164,214.6341463
2007/08,4,705630,3,3,66568.23,51997,143,363.6153846
2007/08,4,705701,6,9,552338.17,413098,1044,395.6877395
2007/08,4,715630,7,14,1762007.21,1406025,3825,367.5882353
2007/08,4,715700,8,16,1798611.79,1413154,3659,386.213173
2007/08,4,725630,4,5,471275.6,395742,753,525.5537849
2007/08,4,725700,5,5,298895.35,237629,853,278.5803048
2007/08,4,725730,4,4,431862.63,348663,798,436.9210526
2007/08,4,735700,1,1,53031.44,41757,150,278.38
2007/08,4,735730,3,2,498308.58,400637,849,471.8928151
2007/08,4,745830,1,1,111203,86204,289,298.283737
2007/08,4,755830,1,1,2234,1732,8,216.5
2007/08,5,695631,2,3,386,299,763,0.391874181
2007/08,5,705600,2,2,4277.24,3396,72,47.16666667
2007/08,5,705630,4,7,129452.78,99141,674,147.0934718
2007/08,5,705701,6,7,370206.07,275480,739,372.7740189
2007/08,5,715600,2,2,46209.8,37506,140,267.9
2007/08,5,715630,11,23,2471779.49,1937403,5253,368.8183895
2007/08,5,715700,9,19,1464403.65,1151077,3625,317.5384828
2007/08,5,725630,8,10,876986.41,697492,1865,373.9903485
2007/08,5,725700,9,8,341326.76,269965,783,344.7828863
2007/08,5,725730,6,5,725687.25,573451,1347,425.7245731
2007/08,5,735730,4,2,416908.55,330386,623,530.3146067
2007/08,6,695632,1,1,0,,14,
2007/08,6,705630,6,5,89775.26,70735,301,235
2007/08,6,705701,4,6,586303.81,445840,1048,425.4198473
2007/08,6,715530,1,1,10904.3,8794,24,366.4166667
2007/08,6,715600,2,2,67642.68,55889,153,365.2875817
2007/08,6,715630,12,21,2419624.14,1934840,5167,374.4610025
2007/08,6,715700,10,19,1124555.02,890242,2484,358.3904992
2007/08,6,725630,6,5,367749.95,298287,770,387.3857143
2007/08,6,725700,5,4,262341.52,210653,644,327.1009317
2007/08,6,725730,3,2,312981.84,255337,676,377.7174556
2007/08,6,735700,2,2,89344.76,71123,229,310.580786
2007/08,6,735730,3,3,852564.72,695946,1724,403.6809745
2007/08,7,665530,1,1,0,,55,
2007/08,7,705600,2,2,6288.4,5154,43,119.8604651
2007/08,7,705630,7,6,156669.51,124969,455,274.6571429
2007/08,7,705701,6,5,221049.38,169744,357,475.4733894
2007/08,7,715600,1,1,87237,68154,134,508.6119403
2007/08,7,715630,13,18,1845921.51,1488811,3676,405.0084331
2007/08,7,715700,7,9,641160.07,514319,1152,446.4574653
2007/08,7,725630,11,21,1720680.22,1415219,3430,412.6002915
2007/08,7,725700,7,12,652384.72,524730,1332,393.9414414
2007/08,7,725730,3,3,132632.99,108836,308,353.3636364
2007/08,7,735630,2,2,764,642,24,26.75
2007/08,7,735700,2,2,123314.64,100420,297,338.1144781
2007/08,7,735730,2,3,200811.56,160675,476,337.552521
2007/08,8,665500,1,1,0,,322,
2007/08,8,665530,1,1,0,,77,
2007/08,8,675630,1,1,0,,5,
2007/08,8,685600,1,1,293,229,20,11.45
2007/08,8,685630,1,1,0,,7,
2007/08,8,695631,1,1,49,38,60,0.633333333
2007/08,8,705600,5,4,78476.55,62602,176,355.6931818
2007/08,8,705630,4,3,80920.14,64605,198,326.2878788
2007/08,8,705701,3,3,157582.32,119180,342,348.4795322
2007/08,8,715600,5,5,240733.94,189960,448,424.0178571
2007/08,8,715630,12,24,2617548.65,2105801,5776,364.5777355
2007/08,8,715700,3,3,78185.26,59560,253,235.4150198
2007/08,8,725600,1,1,39850,32137,95,338.2842105
2007/08,8,725630,11,19,1765021.64,1428149,3756,380.2313632
2007/08,8,725700,7,8,668316.72,535807,1568,341.713648
2007/08,8,735700,4,3,196317.68,159021,474,335.4873418
2007/08,8,735730,2,2,112308.1,91435,312,293.0608974
2007/08,9,665500,1,1,100,80,100,0.8
2007/08,9,675500,1,1,0,0,5,0
2007/08,9,675530,2,2,16525.25,12810,101,126.8316832
2007/08,9,675600,1,1,24457.37,18960,153,123.9215686
2007/08,9,705600,4,4,53985.77,42131,255,165.2196078
2007/08,9,705701,1,1,15203.23,11785,25,471.4
2007/08,9,715600,8,8,242425.32,190112,534,356.0149813
2007/08,9,715630,12,24,2387002,1943293,5614,346.1512291
2007/08,9,715730,1,1,10180.32,8413,39,215.7179487
2007/08,9,725630,12,21,2099691.16,1716981,5226,328.5459242
2007/08,9,725700,3,3,196121.12,156782,510,307.4156863
2007/08,9,725730,2,2,19642.46,15292,46,332.4347826
2007/08,9,735630,4,2,3189,2572,74,34.75675676
2007/08,9,735700,1,1,2516,2029,13,156.0769231
2007/08,10,665430,1,1,14,11,28,0.392857143
2007/08,10,665500,2,3,179.54,146,569,0.25659051
2007/08,10,665530,2,3,740.46,600,658,0.911854103
2007/08,10,675530,1,1,1930.18,1462,6,243.6666667
2007/08,10,675600,1,1,38603.6,29245,66,443.1060606
2007/08,10,685600,1,1,15441.44,11698,24,487.4166667
2007/08,10,695600,2,2,0,,119,
2007/08,10,695631,1,1,0,,45,
2007/08,10,705600,10,10,278589.05,220095,943,233.3987275
2007/08,10,705630,6,9,317346.06,251944,578,435.8892734
2007/08,10,705701,1,1,31978.44,24226,35,692.1714286
2007/08,10,715600,10,13,543424.7,429276,1507,284.8546782
2007/08,10,715630,12,22,2243910.21,1783995,5859,304.4879672
2007/08,10,715700,1,1,46737.72,35408,45,786.8444444
2007/08,10,725630,7,13,524362.2,434808,1614,269.3977695
2007/08,10,725700,2,2,110675.4,91295,189,483.042328
2007/08,11,675500,1,1,51,41,13,3.153846154
2007/08,11,675530,2,3,4553.58,3624,162,22.37037037
2007/08,11,675600,1,1,1330,1073,12,89.41666667
2007/08,11,695600,1,1,279,226,58,3.896551724
2007/08,11,695631,1,1,279,226,42,5.380952381
2007/08,11,705600,10,18,438261.2,346724,1737,199.6108233
2007/08,11,705630,9,15,1019052.65,810231,3127,259.1080908
2007/08,11,715600,9,16,517822.64,414948,2099,197.6884231
2007/08,11,715630,11,19,721578.93,583584,2083,280.1651464
2007/08,11,725630,4,4,83168,67100,349,192.2636103
2007/08,11,725700,2,2,10445,8388,108,77.66666667
2007/08,12,665430,1,1,936,710,122,5.819672131
2007/08,12,665500,1,1,7184,5443,604,9.011589404
2007/08,12,675500,1,1,28,22,10,2.2
2007/08,12,685530,1,1,0,,88,
2007/08,12,685600,1,1,28261,22791,45,506.4666667
2007/08,12,705600,7,7,259812.86,200039,720,277.8319444
2007/08,12,705630,5,5,256736.72,210806,554,380.5162455
2007/08,12,715600,8,8,255628.3,204381,839,243.6007151
2007/08,12,715630,5,6,211923.12,174764,483,361.8302277
2007/08,13,665430,1,1,76,60,10,6
2007/08,13,665500,1,1,4176,3315,394,8.413705584
2007/08,13,665530,1,1,129,102,8,12.75
2007/08,13,715630,1,1,6012,5010,54,92.77777778
2007/08,14,675500,2,1,103,81,17,4.764705882
2007/08,14,675530,3,2,646,524,77,6.805194805
2007/08,14,675600,1,1,28771,22654,75,302.0533333
2007/08,14,675630,1,1,359,283,4,70.75
2007/08,14,685530,1,1,335,273,58,4.706896552
2007/08,14,685600,1,1,42870,33756,99,340.969697
2007/08,14,705600,1,1,2630,2174,17,127.8823529
2007/08,14,705630,3,2,67351,56521,127,445.0472441
2007/08,14,715630,6,6,974541.95,805430,1988,405.1458753
2007/08,14,715700,3,3,94222.05,75915,146,519.9657534
2007/08,14,725700,1,1,6403,5205,34,153.0882353
2007/08,15,685600,1,1,72024,57161,195,293.1333333
2007/08,15,705630,2,2,13912,11403,29,393.2068966
2007/08,15,715630,8,10,1517156.79,1199221,2421,495.3411813
2007/08,15,715700,5,8,488507.23,386645,682,566.9281525
2007/08,15,725630,1,1,24723.2,19621,47,417.4680851
2007/08,15,725700,2,3,204747.78,167695,223,751.9955157
2007/08,15,725730,1,1,173680,135688,198,685.2929293
2007/08,16,705630,1,1,4682.84,3521,14,251.5
2007/08,16,715630,9,10,1414627.53,1138726,3323,342.6801083
2007/08,16,715700,6,5,399279.13,325708,767,424.6518905
2007/08,16,725630,3,4,234589.5,193637,640,302.5578125
2007/08,16,725700,4,7,1031619,837527,1622,516.3545006
2007/08,17,705630,1,1,0,0,12,0
2007/08,17,715630,6,8,802251.59,643156,1873,343.3828083
2007/08,17,715700,4,4,242966.18,195601,567,344.9753086
2007/08,17,725630,3,5,107646.28,86343,380,227.2184211
2007/08,17,725700,4,3,231594.95,186353,399,467.0501253
2007/08,18,675500,1,1,1447.42,1167,95,12.28421053
2007/08,18,705701,1,1,228.54,184,3,61.33333333
2007/08,18,715630,6,6,262709.29,206892,521,397.1055662
2007/08,18,715700,6,4,222697.93,185893,481,386.4719335
2007/08,18,725630,3,3,148776.82,117042,250,468.168
2007/08,18,725700,3,3,184939,141687,325,435.96
2007/08,19,715700,1,1,112925,92561,274,337.8138686
2007/08,19,725700,1,1,33584,26237,87,301.5747126
2007/08,46,745830,1,1,46816,37156,125,297.248
2007/08,47,745830,1,1,111623,87205,268,325.391791
2007/08,48,745830,1,1,116150,92183,248,371.7056452
2007/08,49,745830,1,1,38885,30861,71,434.6619718
2007/08,50,745830,1,1,128545,101217,324,312.3981481
2007/08,51,745830,1,1,115248,87934,297,296.0740741
2007/08,51,755830,1,1,16323,14856,48,309.5
2007/08,52,745830,1,1,30783,23279,83,280.4698795
2007/08,52,755830,1,1,33936,25382,60,423.0333333
2007/08,53,735630,1,1,110,86,7,12.28571429
2007/08,53,735700,1,1,596,466,4,116.5
2007/08,53,735730,1,1,0,0,5,0
2007/08,53,745830,1,1,12020,9391,46,204.1521739
2007/08,53,755830,1,1,68485,53504,183,292.3715847
2008/09,2,675500,1,1,5920.17,4418,14,315.5714286
2008/09,2,675530,2,2,148729.56,113295,357,317.3529412
2008/09,2,675600,3,3,190489.69,141374,682,207.2932551
2008/09,2,675630,1,1,21707.29,16199,56,289.2678571
2008/09,2,685530,2,2,10665.88,8196,53,154.6415094
2008/09,2,685600,2,2,13898.41,10513,44,238.9318182
2008/09,2,705630,1,1,1451.2,1067,20,53.35
2008/09,2,705701,1,1,3782.72,2781,8,347.625
2008/09,2,715630,6,11,882689.67,667643,2910,229.4305842
2008/09,2,715700,4,4,68356.26,52696,202,260.8712871
2008/09,2,725630,6,9,695417.28,520819,1721,302.625799
2008/09,2,725700,4,9,974991.02,786328,2014,390.4309831
2008/09,2,725730,3,3,73390.02,58553,135,433.7259259
2008/09,2,735700,2,3,131604.35,104127,427,243.8571429
2008/09,2,735730,2,2,595934.53,475605,901,527.863485
2008/09,2,735800,1,1,46973.75,38503,135,285.2074074
2008/09,2,745800,1,1,67642.2,55445,218,254.3348624
2008/09,2,755830,1,1,63111,49694,219,226.913242
2008/09,3,675530,2,2,269035,208913,519,402.5298651
2008/09,3,675600,1,1,28504,21925,49,447.4489796
2008/09,3,685530,1,1,1358,1044,2,522
2008/09,3,705600,2,2,6196.56,4918,20,245.9
2008/09,3,705630,2,2,22520.98,17255,85,203
2008/09,3,715600,2,2,6196.56,4918,40,122.95
2008/09,3,715630,5,8,552414.09,427206,1926,221.8099688
2008/09,3,725630,5,7,732039.26,542208,1642,330.2119367
2008/09,3,725700,3,5,433651.74,339205,1432,236.875
2008/09,3,735700,3,4,410040.05,312484,1012,308.7786561
2008/09,3,735730,2,1,114785.76,89480,214,418.1308411
2008/09,3,755830,1,1,1160,892,6,148.6666667
2008/09,4,675530,3,4,501567.06,383471,1044,367.309387
2008/09,4,675600,3,3,63187.94,47654,182,261.8351648
2008/09,4,685530,1,1,8283.14,6573,46,142.8913043
2008/09,4,705701,1,1,1374,1073,9,119.2222222
2008/09,4,715630,6,8,293368.43,220291,972,226.6368313
2008/09,4,715700,2,2,5200,4014,128,31.359375
2008/09,4,715730,1,1,148,108,1,108
2008/09,4,725630,9,20,2542320.92,1962465,6900,284.4152174
2008/09,4,725700,7,12,1348843.55,1065740,3248,328.1219212
2008/09,4,725730,3,6,241667.75,192498,600,320.83
2008/09,4,735630,2,2,44510.49,34111,99,344.5555556
2008/09,4,735700,5,8,612274.53,471211,1605,293.5894081
2008/09,4,735730,5,9,1169549.19,914963,2176,420.4793199
2008/09,4,735800,1,1,32587,23960,66,363.030303
2008/09,4,755800,1,1,193,154,2,77
2008/09,4,755830,1,1,103727,82323,487,169.0410678
2008/09,5,665530,1,1,123951,93902,400,234.755
2008/09,5,675530,2,2,400465,309244,822,376.2092457
2008/09,5,705701,1,1,2545,1943,31,62.67741935
2008/09,5,715630,5,5,197007.67,151313,490,308.8020408
2008/09,5,715700,2,2,46085.92,36279,174,208.5
2008/09,5,725630,7,15,1499955.41,1172006,4498,260.5615829
2008/09,5,725700,9,13,686377.99,533509,1745,305.7358166
2008/09,5,725730,4,7,336432.86,263690,686,384.3877551
2008/09,5,735630,4,6,111478.08,86354,253,341.3201581
2008/09,5,735700,7,15,560068.82,438603,1357,323.2151805
2008/09,5,735730,7,13,1600538.35,1268437,3130,405.2514377
2008/09,5,735800,2,2,229812.9,183660,575,319.4086957
2008/09,5,745800,1,1,30783,24239,84,288.5595238
2008/09,5,745830,1,1,60688,47786,180,265.4777778
2008/09,5,755830,1,1,942,742,16,46.375
2008/09,5,765900,1,1,2263,1782,46,38.73913043
2008/09,5,765930,1,1,811,639,52,12.28846154
2008/09,5,775930,1,1,1745,1374,55,24.98181818
2008/09,6,675530,3,2,302153,230719,819,281.7081807
2008/09,6,675600,1,1,112644,88003,318,276.7389937
2008/09,6,715630,3,5,576134.9,434708,1627,267.1837738
2008/09,6,715700,1,1,3182.84,2448,12,204
2008/09,6,725630,7,9,341280.71,264349,1025,257.9014634
2008/09,6,725700,6,9,416494.52,324605,1168,277.9152397
2008/09,6,725730,5,6,144261.03,114375,307,372.5570033
2008/09,6,735700,6,13,1401103.7,1103347,3254,339.0740627
2008/09,6,735730,7,12,1184655.32,929151,2217,419.1028417
2008/09,6,735800,2,2,119005.98,92252,256,360.359375
2008/09,6,745800,1,1,108862,81851,321,254.9875389
2008/09,7,675530,2,2,308870.92,234452,727,322.4924347
2008/09,7,675600,1,1,7543.08,5671,16,354.4375
2008/09,7,705600,1,1,5495.76,4071,20,203.55
2008/09,7,715600,2,3,14714.46,11022,100,110.22
2008/09,7,715630,4,5,631249.84,475081,1741,272.8782309
2008/09,7,715700,1,1,17280.38,13091,69,189.7246377
2008/09,7,725630,8,9,349198.68,270220,1097,246.3263446
2008/09,7,725700,9,9,268979.58,211809,889,238.2553431
2008/09,7,725730,3,3,108401.18,85413,216,395.4305556
2008/09,7,735630,2,3,176681.92,133285,434,307.1082949
2008/09,7,735700,8,13,491456.29,393633,1293,304.4338747
2008/09,7,735730,10,18,2685665.43,2146203,5833,367.9415395
2008/09,7,735800,7,6,379029.31,300278,960,312.7895833
2008/09,7,745800,5,4,186261.17,144743,264,548.2689394
2008/09,7,745830,1,1,10599,7680,84,91.42857143
2008/09,8,665530,1,1,4126.56,3275,25,131
2008/09,8,675500,1,2,14598.8,11358,177,64.16949153
2008/09,8,675530,4,6,633102.86,493783,2076,237.8530829
2008/09,8,675600,4,7,483021.62,369414,1319,280.0712661
2008/09,8,675630,2,2,8236.92,6366,34,187.2352941
2008/09,8,685600,1,2,73057.24,54910,163,336.8711656
2008/09,8,705600,1,1,2260,1699,7,242.7142857
2008/09,8,705630,1,1,8474,6372,24,265.5
2008/09,8,715600,2,2,2037.89,1567,18,87.05555556
2008/09,8,715630,7,7,825757.72,631106,2269,278.1427942
2008/09,8,715700,1,1,17052,13427,72,186.4861111
2008/09,8,725630,5,6,100304.03,77252,269,287.1821561
2008/09,8,725700,3,4,242734.3,185284,584,317.2671233
2008/09,8,725730,3,3,89082.23,71164,242,294.0661157
2008/09,8,735630,3,3,130474.79,100932,381,264.9133858
2008/09,8,735700,8,10,578934.18,450162,1716,262.3321678
2008/09,8,735730,8,18,1854304.37,1473231,5054,291.4980214
2008/09,8,735800,4,6,137154.02,107322,309,347.3203883
2008/09,8,745700,1,1,2574.65,1937,6,322.8333333
2008/09,8,745800,4,5,427766.82,338297,672,503.4181548
2008/09,9,675530,3,3,139096.1,108395,420,258.0833333
2008/09,9,675600,5,6,478557.9,378877,1322,286.5937973
2008/09,9,685600,1,1,87989,70958,264,268.780303
2008/09,9,685630,1,2,57465,45564,238,191.4453782
2008/09,9,695631,1,1,283,223,8,27.875
2008/09,9,705600,1,1,3972,3032,14,216.5714286
2008/09,9,705630,2,1,61925,47062,226,208.2389381
2008/09,9,715600,1,1,675,508,5,101.6
2008/09,9,715630,4,3,329647,247959,1018,243.5746562
2008/09,9,715700,1,1,98,79,29,2.724137931
2008/09,9,725630,2,2,77549.45,60623,128,473.6171875
2008/09,9,725700,5,5,430308.39,335417,1058,317.0293006
2008/09,9,725730,1,1,9181,7651,23,332.6521739
2008/09,9,735630,2,1,7402.04,5640,13,433.8461538
2008/09,9,735700,7,7,527778.93,430114,1754,245.2189282
2008/09,9,735730,11,18,996380.28,794340,2970,267.4545455
2008/09,9,735800,8,14,688323.77,543045,1565,346.9936102
2008/09,9,735830,2,2,27565.52,21768,151,144.1589404
2008/09,9,745800,8,12,807962.76,639559,1733,369.0473168
2008/09,9,745830,3,4,480237.86,375494,699,537.1874106
2008/09,10,675500,1,1,26861,21178,70,302.5428571
2008/09,10,675530,3,4,87872.9,67706,255,265.5137255
2008/09,10,675600,4,5,659804.7,512154,1605,319.0990654
2008/09,10,675630,1,1,894,677,16,42.3125
2008/09,10,675730,1,1,522,405,4,101.25
2008/09,10,685600,5,4,447800.4,363306,1210,300.2528926
2008/09,10,685730,1,1,522,405,4,101.25
2008/09,10,695730,1,1,522,405,4,101.25
2008/09,10,705730,1,1,522,405,4,101.25
2008/09,10,715630,6,7,227819.12,176035,798,220.5952381
2008/09,10,715730,1,1,522,405,4,101.25
2008/09,10,725630,7,7,667024.5,518905,1925,269.561039
2008/09,10,725700,4,4,308340.1,241145,853,282.7022274
2008/09,10,725730,1,1,1382,1071,9,119
2008/09,10,725800,1,1,2207.7,1725,6,287.5
2008/09,10,735630,2,1,28042,22614,67,337.5223881
2008/09,10,735700,3,2,21955.22,17506,122,143.4918033
2008/09,10,735730,4,7,266765.51,206181,808,255.174505
2008/09,10,735800,5,9,756528.87,596959,1723,346.4648868
2008/09,10,745800,7,10,783483.99,616744,1855,332.4765499
2008/09,10,745830,4,4,513031.99,400171,924,433.0854978
2008/09,11,675600,8,7,467818,362617,1533,236.5407697
2008/09,11,675630,1,2,4022.9,3041,37,82.18918919
2008/09,11,685600,6,6,583500.1,470752,1962,239.9347604
2008/09,11,685630,4,3,75268.8,61231,292,209.6952055
2008/09,11,715630,2,1,7681.56,6349,53,119.7924528
2008/09,11,715700,2,3,43121.2,34094,141,241.8014184
2008/09,11,725630,5,5,406239.64,313170,1061,295.1649387
2008/09,11,725700,6,8,1125258.55,895137,3186,280.9595104
2008/09,11,735630,1,1,13101.4,10156,40,253.9
2008/09,11,735700,2,3,72800.22,61208,333,183.8078078
2008/09,11,735730,5,5,177090.54,144009,537,268.1731844
2008/09,11,735800,9,10,692006.06,554587,1786,310.519037
2008/09,11,735830,4,3,7163.1,5702,29,196.6206897
2008/09,11,745800,8,7,315637.87,251049,914,274.6706783
2008/09,11,745830,9,9,1191751.14,957441,2472,387.3143204
2008/09,11,755830,4,3,224337.57,174309,515,338.4640777
2008/09,11,765830,1,1,3275.35,2539,12,211.5833333
2008/09,12,685600,2,2,220309,181305,780,232.4423077
2008/09,12,685630,1,1,19368,14454,102,141.7058824
2008/09,12,715700,3,1,37157.67,27975,118,237.0762712
2008/09,12,725630,8,5,184217.37,146232,699,209.2017167
2008/09,12,725700,8,6,404365.96,325099,1254,259.2496013
2008/09,12,735700,5,5,117563.91,100518,598,168.090301
2008/09,12,735730,5,7,240663.46,198093,961,206.132154
2008/09,12,735800,7,9,443639.23,360708,1342,268.7839046
2008/09,12,735830,4,3,38660.82,31459,92,341.9456522
2008/09,12,745730,1,1,0,,50,
2008/09,12,745800,6,8,598128.78,491195,1584,310.0978535
2008/09,12,745830,9,8,750664.8,601690,1897,317.1797575
2008/09,12,755830,1,1,7251,5664,23,246.2608696
2008/09,13,675600,1,1,138413,102528,623,164.5714286
2008/09,13,675630,1,1,4305,3189,25,127.56
2008/09,13,685530,1,1,19418.8,12946,111,116.6306306
2008/09,13,685600,3,5,390153.2,297500,2300,129.3478261
2008/09,13,685630,2,3,88032,68623,435,157.754023
2008/09,13,715630,3,2,91987.97,68384,475,143.9663158
2008/09,13,715700,2,1,60304,45685,162,282.0061728
2008/09,13,725600,1,1,3989.97,3166,13,243.5384615
2008/09,13,725630,6,5,135627.42,105727,787,134.3418043
2008/09,13,725700,7,5,107853.97,84083,554,151.7743682
2008/09,13,725730,2,2,14654.21,9938,67,148.3283582
2008/09,13,735630,1,1,0,,44,
2008/09,13,735700,3,3,158129.28,118224,598,197.6989967
2008/09,13,735730,1,1,44072.42,29382,148,198.527027
2008/09,13,745800,1,1,55461,45836,136,337.0294118
2008/09,13,745830,2,2,137553.76,112634,340,331.2764706
2008/09,14,675530,1,1,5356.65,3826,147,26.02721088
2008/09,14,675600,1,1,2638.35,1885,73,25.82191781
2008/09,14,685600,1,1,8819,7349,80,91.8625
2008/09,14,685630,2,2,126039,102211,535,191.0485981
2008/09,14,715630,3,3,105331.82,85403,415,205.7903614
2008/09,14,725630,4,4,179312.18,144559,732,197.4849727
2008/09,14,725700,2,1,88705.4,76471,258,296.3992248
2008/09,14,735700,2,1,38016.6,32772,149,219.9463087
2008/09,14,745830,1,1,176912,147427,608,242.4786184
2008/09,14,755830,1,1,618,515,26,19.80769231
2008/09,15,675600,2,2,37681.95,26453,149,177.5369128
2008/09,15,715630,4,3,212691.05,171611,806,212.9168734
2008/09,15,715700,1,1,10460,8789,55,159.8
2008/09,15,725630,3,3,91629.46,74801,511,146.3816047
2008/09,15,725700,4,5,361122.54,293332,1288,227.742236
2008/09,15,745800,1,1,607,510,16,31.875
2008/09,15,745830,1,1,23566,19803,123,161
2008/09,15,755830,1,1,2563,2154,53,40.64150943
2008/09,16,725630,2,2,76594.25,63383,423,149.8416076
2008/09,16,725700,2,2,62938.75,51111,423,120.8297872
2008/09,16,735700,1,1,5281,4400,96,45.83333333
2008/09,17,705630,1,1,49586,38143,454,84.0154185
2008/09,17,715730,1,1,257,198,4,49.5
2008/09,17,715800,1,1,942,725,20,36.25
2008/09,17,725630,1,1,32361.6,26745,138,193.8043478
2008/09,17,725700,2,2,155748.4,127222,765,166.303268
2008/09,17,725730,2,2,131207,104023,510,203.9666667
2008/09,17,725800,2,2,66051,50807,536,94.7891791
2008/09,17,735630,2,1,205848,163370,3600,45.38055556
2008/09,17,735700,1,1,41535,35500,233,152.360515
2008/09,17,735730,2,2,7426,5712,50,114.24
2008/09,17,735800,2,2,135881,104598,528,198.1022727
2008/09,17,735830,1,1,9921,7631,76,100.4078947
2008/09,17,745800,1,1,41757,32122,174,184.6091954
2008/09,17,745830,2,2,3734,2882,89,32.38202247
2008/09,17,755830,2,2,3029,2333,53,44.01886792
2008/09,18,725730,1,1,38241,31090,127,244.8031496
2008/09,18,735700,1,1,28590,23244,157,148.0509554
2008/09,18,735730,1,1,7514,6109,23,265.6086957
2008/09,19,725700,1,1,37368,28745,210,136.8809524
2008/09,19,735800,1,1,57171,43977,410,107.2609756
2008/09,48,745830,1,1,85972,67694,254,266.511811
2008/09,49,745830,1,1,53825,40777,144,283.1736111
2008/09,50,745830,1,1,134087,101581,405,250.817284
2008/09,51,735800,1,1,4309,3366,16,210.375
2008/09,51,745830,1,1,7823,6112,29,210.7586207
2008/09,52,745800,1,1,15877,12308,37,332.6486486
2008/09,52,745830,1,1,100144,77631,339,229
2008/09,53,745830,1,1,12846,10444,71,147.0985915
2008/09,53,755830,1,1,103402,84067,288,291.8993056
2009/10,2,675530,2,2,182906.4,123218,540,228.1814815
2009/10,2,675600,2,2,128822.6,86181,368,234.1875
2009/10,2,705701,1,1,14519.8,11344,10,1134.4
2009/10,2,715600,1,1,19235.6,14355,36,398.75
2009/10,2,715630,3,4,751487.65,549617,1600,343.510625
2009/10,2,715700,2,4,49692.79,36985,174,212.5574713
2009/10,2,725630,3,6,618274.13,449070,1301,345.1729439
2009/10,2,725700,2,4,187977.02,139962,481,290.981289
2009/10,2,725730,2,2,203152.44,145876,459,317.8126362
2009/10,2,735630,1,1,1402.55,1055,8,131.875
2009/10,2,735700,1,1,1402.55,1055,9,117.2222222
2009/10,2,735730,5,4,409672.29,316390,1054,300.1802657
2009/10,2,735800,4,4,432334.93,333511,933,357.4608789
2009/10,2,745800,4,4,182084.33,140235,364,385.260989
2009/10,2,745830,1,1,151005.92,117973,212,556.4764151
2009/10,3,675530,1,1,104701.52,72207,307,235.2019544
2009/10,3,675600,1,1,31274.48,21569,100,215.69
2009/10,3,705600,1,1,8273,5909,85,69.51764706
2009/10,3,705630,2,2,19117.12,13954,62,225.0645161
2009/10,3,715600,1,1,9326,6661,18,370.0555556
2009/10,3,715630,5,11,1262914.15,908940,2956,307.4898512
2009/10,3,715700,3,4,100327.18,73122,262,279.0916031
2009/10,3,715730,1,1,605,433,10,43.3
2009/10,3,725600,1,1,33227.01,23074,53,435.3584906
2009/10,3,725630,8,17,1943998.68,1393141,3920,355.3931122
2009/10,3,725700,6,7,314143.89,234498,745,314.7624161
2009/10,3,725730,2,2,93139.42,70914,342,207.3508772
2009/10,3,735630,3,3,95235.39,67587,261,258.954023
2009/10,3,735700,3,3,71832.34,56714,224,253.1875
2009/10,3,735730,4,4,155681.48,120480,487,247.3921971
2009/10,3,735800,1,1,69718.36,54468,242,225.0743802
2009/10,3,745800,1,1,75869.98,59273,245,241.9306122
2009/10,4,675530,1,2,228199,157593,604,260.9155629
2009/10,4,675600,1,1,12128,8481,31,273.5806452
2009/10,4,695631,1,1,,,18,
2009/10,4,705600,1,1,2269.51,1773,7,253.2857143
2009/10,4,705630,3,3,30276.82,22247,131,169.8244275
2009/10,4,715600,2,2,16001.71,12287,45,273.0444444
2009/10,4,715630,8,11,734165.66,531488,2123,250.3476213
2009/10,4,715700,3,3,282340.4,199950,1062,188.2768362
2009/10,4,715730,1,1,600,429,16,26.8125
2009/10,4,725600,1,1,23624.64,16996,32,531.125
2009/10,4,725630,10,15,2085862.12,1499524,5167,290.2117283
2009/10,4,725700,8,12,572122.61,427511,1691,252.8154938
2009/10,4,725730,5,6,174658.76,134992,530,254.7018868
2009/10,4,735630,4,4,66095.56,49583,196,252.9744898
2009/10,4,735700,5,5,122759.15,88699,514,172.5661479
2009/10,4,735730,6,7,443393.59,337538,1365,247.2805861
2009/10,4,735800,5,5,250711.59,191481,653,293.2327718
2009/10,4,745800,5,4,300206.02,231973,753,308.065073
2009/10,4,745830,3,4,440699.86,332398,1109,299.7276826
2009/10,4,745900,1,1,395,307,2,153.5
2009/10,4,755830,2,2,31048,24028,65,369.6615385
2009/10,5,675530,3,2,310012,207439,830,249.926506
2009/10,5,675600,1,1,43809.02,32451,151,214.9072848
2009/10,5,685600,1,1,146664.98,108641,299,363.3478261
2009/10,5,705630,2,2,17216.78,12219,70,174.5571429
2009/10,5,715600,3,4,124590.12,88593,265,334.3132075
2009/10,5,715630,7,17,968527.05,706155,2619,269.6277205
2009/10,5,715700,6,5,238988.65,173767,699,248.5937053
2009/10,5,725630,9,20,2392430,1776003,5907,300.6607415
2009/10,5,725700,8,9,989592.09,733509,2216,331.0058664
2009/10,5,725730,3,3,55798.02,43877,198,221.6010101
2009/10,5,735630,2,3,173837.89,124403,417,298.3285372
2009/10,5,735700,2,2,71727.28,52551,228,230.4868421
2009/10,5,735730,6,5,300920.67,232977,953,244.4669465
2009/10,5,735800,3,2,193640.6,141577,641,220.8689548
2009/10,5,745800,3,2,51407.85,34251,189,181.2222222
2009/10,5,745830,1,1,242689,185259,599,309.2804674
2009/10,6,675530,5,8,426163.6,297435,1171,254.000854
2009/10,6,675600,4,5,147671.28,102762,364,282.3131868
2009/10,6,675630,1,1,4103,2811,7,401.5714286
2009/10,6,685530,1,1,21424,17139,82,209.0121951
2009/10,6,685600,4,4,504043.12,389083,1163,334.5511608
2009/10,6,705600,4,3,75934.44,54214,234,231.6837607
2009/10,6,705630,7,8,156592.14,112038,434,258.1520737
2009/10,6,715600,7,8,367161.55,269851,794,339.8627204
2009/10,6,715630,11,21,2012755.95,1489070,6130,242.9151713
2009/10,6,715700,1,1,15325.52,10869,49,221.8163265
2009/10,6,725630,6,14,1564334.42,1166620,4328,269.551756
2009/10,6,725700,3,3,268395.34,201976,831,243.0517449
2009/10,6,725730,3,3,96874.64,75791,327,231.7767584
2009/10,6,735630,2,1,16090.14,12098,44,274.9545455
2009/10,6,735700,3,2,32375.64,23510,182,129.1758242
2009/10,6,735730,2,2,37521.98,28540,128,222.96875
2009/10,6,745830,1,1,111187.48,79991,188,425.4840426
2009/10,6,755830,1,1,26161.76,18821,50,376.42
2009/10,7,675500,3,3,121678.56,81592,411,198.5206813
2009/10,7,675530,6,7,841774.72,587070,2750,213.48
2009/10,7,675600,5,6,259816.8,183579,707,259.6591231
2009/10,7,675630,2,2,16614.8,11987,32,374.59375
2009/10,7,685530,2,3,359,246,37,6.648648649
2009/10,7,685600,7,7,907374.31,670060,1913,350.266597
2009/10,7,685630,1,2,36370,27763,57,487.0701754
2009/10,7,695600,1,1,1180,901,10,90.1
2009/10,7,705600,8,12,392977.29,288431,1352,213.3365385
2009/10,7,705630,8,9,486305.94,352886,1473,239.5695859
2009/10,7,705701,1,1,8123,5802,37,156.8108108
2009/10,7,715600,7,11,360498.24,267772,1230,217.700813
2009/10,7,715630,9,18,1098403.03,806471,3886,207.5324241
2009/10,7,715700,5,6,758181.64,542733,1531,354.4957544
2009/10,7,725630,8,16,1563178.21,1167937,5084,229.7279701
2009/10,7,725700,4,7,170860.46,127132,488,260.5163934
2009/10,7,735630,2,3,64877,48644,189,257.3756614
2009/10,7,735730,1,1,48584,35205,141,249.6808511
2009/10,8,675530,2,2,72907.88,51495,211,244.0521327
2009/10,8,675600,5,6,400269.3,287617,899,319.9299221
2009/10,8,675630,2,2,5523,4216,87,48.45977011
2009/10,8,685530,2,2,2011.42,1407,181,7.773480663
2009/10,8,685600,6,9,1098557.72,846568,2601,325.4778931
2009/10,8,685630,4,5,157994.68,120835,291,415.2405498
2009/10,8,705600,2,2,19886.16,14123,106,133.2358491
2009/10,8,705630,4,4,310977.32,231864,1124,206.2846975
2009/10,8,705701,2,1,3473,2592,15,172.8
2009/10,8,715600,2,2,4686.86,3598,33,109.030303
2009/10,8,715630,7,11,470243.51,350776,1664,210.8028846
2009/10,8,715700,6,7,722112.03,534556,1845,289.7322493
2009/10,8,725630,6,9,273341.66,206238,904,228.1393805
2009/10,8,725700,6,6,236146.88,172964,523,330.7151052
2009/10,8,735630,1,1,16615.26,11953,56,213.4464286
2009/10,8,735700,2,2,209615.32,153933,526,292.648289
2009/10,9,665500,2,1,731,511,5,102.2
2009/10,9,675500,2,1,64770,45293,200,226.465
2009/10,9,675530,4,4,76256.2,53463,336,159.1160714
2009/10,9,675600,6,8,488780.14,367661,1277,287.9099452
2009/10,9,675630,1,1,14260.92,10970,16,685.625
2009/10,9,675700,1,1,,,9,
2009/10,9,685600,6,10,425135.68,339556,1004,338.2031873
2009/10,9,685630,2,3,53448.06,41418,98,422.6326531
2009/10,9,705600,3,5,90832.84,69455,374,185.7085561
2009/10,9,705630,3,5,275876.98,209784,1432,146.4972067
2009/10,9,705701,2,1,,,5,
2009/10,9,715600,2,2,18188.26,14114,85,166.0470588
2009/10,9,715630,6,11,736645.77,546592,2431,224.8424517
2009/10,9,715700,6,6,521064.15,382516,1272,300.7201258
2009/10,9,725600,1,1,53141,37958,150,253.0533333
2009/10,9,725630,5,5,456396.08,334476,1296,258.0833333
2009/10,9,725700,3,6,405785.26,305513,1042,293.1986564
2009/10,9,735700,1,1,37499.66,27573,73,377.7123288
2009/10,10,675500,1,1,710,500,3,166.6666667
2009/10,10,675530,2,2,131145,96525,719,134.2489569
2009/10,10,675600,2,2,71292,52388,185,283.1783784
2009/10,10,685600,1,1,19546,14697,116,126.6982759
2009/10,10,705600,1,1,24144,16651,97,171.6597938
2009/10,10,715600,1,1,20125,13879,84,165.2261905
2009/10,10,715630,5,5,263977,181791,950,191.3589474
2009/10,10,715700,2,2,19506.3,14389,48,299.7708333
2009/10,10,725630,3,3,141682,97171,454,214.0330396
2009/10,10,725700,2,2,233166.7,170801,649,263.1756549
2009/10,11,665500,1,1,2234,1541,30,51.36666667
2009/10,11,665530,1,1,9679,6674,50,133.48
2009/10,11,675500,3,4,54588,38733,410,94.47073171
2009/10,11,675530,4,8,451686.08,311164,2045,152.1584352
2009/10,11,675600,3,5,334883.48,245811,1404,175.0790598
2009/10,11,685600,3,5,30479.44,22051,172,128.2034884
2009/10,11,705630,1,1,23703,19271,97,198.6701031
2009/10,11,715630,5,7,596373.47,447433,2068,216.3602515
2009/10,11,715700,1,1,10291,7097,23,308.5652174
2009/10,11,725600,2,2,17877,13287,74,179.5540541
2009/10,11,725630,4,6,285529.53,214853,1423,150.9859452
2009/10,11,725700,1,3,158947,110442,352,313.7556818
2009/10,11,725730,1,2,13462,10000,31,322.5806452
2009/10,11,735630,1,2,267,197,41,4.804878049
2009/10,11,735700,1,1,40257,30498,111,274.7567568
2009/10,12,675530,4,6,126564.59,89335,838,106.6050119
2009/10,12,675600,3,5,383592.88,270171,1854,145.723301
2009/10,12,685530,1,1,34450.8,23121,189,122.3333333
2009/10,12,685600,4,3,66330.98,47179,311,151.7009646
2009/10,12,685630,1,1,100642.75,74004,244,303.295082
2009/10,12,705600,1,1,,,10,
2009/10,12,715630,1,1,81229,62007,263,235.7680608
2009/10,12,715700,1,1,7184.5,5485,44,124.6590909
2009/10,12,725630,3,3,60857,46237,308,150.1201299
2009/10,12,725700,4,4,232160,174606,818,213.4547677
2009/10,12,725730,2,2,17228,13052,37,352.7567568
2009/10,12,735630,1,1,3144,2381,5,476.2
2009/10,12,735700,1,1,194256,147164,406,362.4729064
2009/10,12,735730,1,1,18423,13957,39,357.8717949
2009/10,13,675530,1,1,5184.96,3989,74,53.90540541
2009/10,13,675600,2,1,10350.6,7667,75,102.2266667
2009/10,13,725600,1,1,12640,9029,35,257.9714286
2009/10,13,725630,1,1,16339,11670,46,253.6956522
2009/10,13,725700,4,6,713215.72,521743,1766,295.4377123
2009/10,13,725730,2,2,42560.84,32230,77,418.5714286
2009/10,13,735700,2,4,215098.9,162698,489,332.7157464
2009/10,13,735730,1,1,15247.98,11640,30,388
2009/10,14,665500,1,1,,,30,
2009/10,14,665530,1,1,36687,24457,180,135.8722222
2009/10,14,725630,3,3,55125.38,39923,149,267.9395973
2009/10,14,725700,3,3,377632.66,260993,774,337.2002584
2009/10,14,725730,2,2,11212.96,8089,94,86.05319149
2009/10,14,735700,3,3,281735.44,213549,763,279.8807339
2009/10,14,735730,2,2,20114.56,13741,28,490.75
2009/10,15,665530,1,1,,,75,
2009/10,15,685530,1,1,1398.9,999,9,111
2009/10,15,685630,1,1,68546.1,48961,459,106.6688453
2009/10,15,715630,1,1,4033,2689,26,103.4230769
2009/10,15,715700,1,1,5007,3337,45,74.15555556
2009/10,15,725630,2,2,111451,78377,425,184.4164706
2009/10,15,725700,3,3,265287,179298,896,200.109375
2009/10,15,725730,1,1,8428,5619,22,255.4090909
2009/10,15,735700,2,2,75295,55203,204,270.6029412
2009/10,15,735730,1,1,6953,4636,25,185.44
2009/10,16,725630,1,1,31129,22722,88,258.2045455
2009/10,16,735700,1,1,4232,2803,25,112.12
2009/10,17,725700,1,1,10861.05,7241,92,78.70652174
2009/10,17,725730,1,1,117299.34,78200,495,157.979798
2009/10,17,735700,1,1,23894.31,15930,72,221.25
2009/10,17,735730,1,1,65166.3,43444,219,198.3744292
2009/10,18,725700,1,1,23069.13,15380,158,97.34177215
2009/10,18,725730,1,1,34054.43,22703,125,181.624
2009/10,18,735700,1,1,24167.66,16112,160,100.7
2009/10,18,735730,1,1,28561.78,19041,102,186.6764706
2009/10,42,625700,1,1,1,1,274,0.003649635
2009/10,42,635530,1,1,0,0,111,0
2009/10,42,635600,1,1,0,0,18,0
2009/10,42,645530,1,1,1,1,412,0.002427184
2009/10,53,735730,2,1,403279,325225,875,371.6857143
2010/11,2,685600,3,5,178559.32,117877,606,194.5165017
2010/11,2,685630,3,5,213114.68,137473,945,145.4740741
2010/11,2,715600,1,1,6478.92,4530,26,174.2307692
2010/11,2,715630,3,7,232340.9,155874,984,158.4085366
2010/11,2,725630,4,11,1516754.56,1015915,3453,294.2122792
2010/11,2,725700,2,2,115396.62,79664,319,249.7304075
2010/11,3,675530,1,1,328896,204283,923,221.3250271
2010/11,3,685600,2,2,177946.28,119811,470,254.9170213
2010/11,3,685630,3,3,171195.72,120551,702,171.7250712
2010/11,3,705600,2,2,37564,26585,105,253.1904762
2010/11,3,705630,2,3,10963,7869,51,154.2941176
2010/11,3,705701,1,1,,,8,
2010/11,3,715600,2,3,53742,38297,142,269.6971831
2010/11,3,715630,9,13,1041253.42,712843,3456,206.2624421
2010/11,3,715700,6,6,41946.19,29082,181,160.6740331
2010/11,3,715730,1,1,1923.03,1336,3,445.3333333
2010/11,3,725630,10,23,3080684.26,2095163,7588,276.1153137
2010/11,3,725700,7,11,635342.92,442815,2001,221.2968516
2010/11,3,725730,2,2,40083.18,27974,75,372.9866667
2010/11,3,735630,1,1,4165,2795,22,127.0454545
2010/11,3,735700,1,1,200605,131977,475,277.8463158
2010/11,3,735730,1,1,128455,89829,208,431.8701923
2010/11,4,675530,1,1,160818,101143,300,337.1433333
2010/11,4,685600,2,2,161065.9,113256,391,289.657289
2010/11,4,685630,2,2,43198.1,28362,117,242.4102564
2010/11,4,715630,6,8,544611.76,375208,1661,225.8928356
2010/11,4,715700,3,4,267084.88,185658,873,212.6666667
2010/11,4,725630,7,18,2503344.79,1722626,6768,254.5251182
2010/11,4,725700,6,13,940417.96,648534,2572,252.151633
2010/11,4,725730,1,2,66621.8,49760,194,256.4948454
2010/11,4,735630,2,4,94221.96,62074,220,282.1545455
2010/11,4,735700,3,4,224902,151484,696,217.6494253
2010/11,4,735730,2,5,472460.85,349393,985,354.7137056
2010/11,5,675500,2,2,7557,4783,42,113.8809524
2010/11,5,675530,4,4,515165.96,332775,1464,227.3053279
2010/11,5,675600,3,3,135720.04,89016,324,274.7407407
2010/11,5,675730,1,1,326946,201819,779,259.0744544
2010/11,5,685600,3,3,353332.22,240786,675,356.72
2010/11,5,685630,2,2,60835.78,39564,189,209.3333333
2010/11,5,705600,2,2,127005.96,88041,243,362.308642
2010/11,5,705630,3,3,20547.56,13963,64,218.171875
2010/11,5,715600,2,2,142550.96,97933,331,295.8700906
2010/11,5,715630,9,15,1687929.85,1167882,4745,246.1289779
2010/11,5,715700,5,5,184959.36,133986,618,216.8058252
2010/11,5,725630,9,13,1464716.23,1040436,4313,241.2325527
2010/11,5,725700,7,8,570269.98,401710,1855,216.5552561
2010/11,5,735630,3,3,204857.5,138457,512,270.4238281
2010/11,5,735700,5,6,243270.48,176391,685,257.5051095
2010/11,5,735730,7,9,1836427.04,1373371,4343,316.2263412
2010/11,5,735800,1,1,16005.45,11683,27,432.7037037
2010/11,5,745730,1,1,,,16,
2010/11,5,745800,1,1,22407.63,16356,21,778.8571429
2010/11,6,675530,3,2,390335.3,247538,1012,244.6027668
2010/11,6,675600,3,2,250805.6,175162,516,339.4612403
2010/11,6,685600,5,7,1037882.96,721335,2195,328.6264237
2010/11,6,685630,3,4,24366.14,16785,109,153.9908257
2010/11,6,715630,9,14,1488317.06,1042569,4909,212.3790996
2010/11,6,715700,1,1,6366.4,4391,25,175.64
2010/11,6,725630,11,15,678179.63,470375,2132,220.6261726
2010/11,6,725700,9,9,603672.42,418016,1910,218.8565445
2010/11,6,725730,5,4,494504.94,366055,1296,282.4498457
2010/11,6,735630,7,6,404446.77,274498,1329,206.5447705
2010/11,6,735700,6,6,363540.72,243575,1244,195.7998392
2010/11,6,735730,8,9,1063846.52,780842,2384,327.534396
2010/11,6,735800,4,3,162360,115836,354,327.220339
2010/11,6,745800,4,3,439034.4,310434,1166,266.238422
2010/11,6,745830,4,3,328952.14,225766,732,308.4234973
2010/11,7,675530,4,2,135209.62,90760,382,237.591623
2010/11,7,675600,7,7,927372.3,616459,2077,296.8025999
2010/11,7,685600,6,8,927631.62,654881,2007,326.2984554
2010/11,7,685630,5,5,87362.2,59279,224,264.6383929
2010/11,7,705600,1,2,71463.57,51640,151,341.986755
2010/11,7,705630,1,1,8641.96,6248,15,416.5333333
2010/11,7,715600,2,3,172748.62,122515,470,260.6702128
2010/11,7,715630,7,13,911984.5,646995,2954,219.0233582
2010/11,7,715700,5,4,268905.49,189591,778,243.6902314
2010/11,7,725630,8,11,379108.28,269470,1233,218.5482563
2010/11,7,725700,8,10,782974.43,543045,2634,206.167426
2010/11,7,725730,3,5,477409.85,347781,1195,291.0301255
2010/11,7,735700,4,4,285322.2,198266,1106,179.2640145
2010/11,7,735730,5,9,871231.61,637327,2178,292.6202938
2010/11,7,735800,5,6,345055.66,250950,987,254.2553191
2010/11,7,745800,4,5,294138.95,218495,909,240.3685369
2010/11,7,745830,3,3,201646.14,146721,446,328.970852
2010/11,8,675530,2,3,156239.28,101599,295,344.4033898
2010/11,8,675600,6,9,657292.38,452677,1379,328.2646846
2010/11,8,685600,7,10,1185400.8,809930,2442,331.6666667
2010/11,8,685630,3,2,15225.87,10551,35,301.4571429
2010/11,8,715630,7,8,307493.89,215575,880,244.9715909
2010/11,8,715700,1,1,49168.48,35119,161,218.1304348
2010/11,8,725630,4,5,212457.14,149850,640,234.140625
2010/11,8,725700,5,6,547041.67,383100,1752,218.6643836
2010/11,8,725730,3,4,458214.54,334724,1301,257.2820907
2010/11,8,735630,2,2,81362.16,59377,211,281.4075829
2010/11,8,735700,7,6,598085.42,404813,1978,204.6577351
2010/11,8,735730,6,5,111325.37,79627,299,266.3110368
2010/11,8,735800,3,3,277901.84,198714,688,288.8284884
2010/11,8,735830,3,3,61490.75,43717,151,289.5165563
2010/11,8,745800,2,1,34024,23304,73,319.2328767
2010/11,8,745830,3,3,577863.69,406171,1498,271.1421896
2010/11,8,755830,2,2,11820.72,8443,69,122.3623188
2010/11,9,655630,1,1,11582.8,7620,25,304.8
2010/11,9,675530,1,1,90148,61325,435,140.9770115
2010/11,9,675600,6,10,1128699.25,759228,2857,265.7430872
2010/11,9,685530,1,1,531,362,7,51.71428571
2010/11,9,685600,8,13,1077464.23,743660,2292,324.4589878
2010/11,9,685630,2,3,67585.28,46532,153,304.130719
2010/11,9,695631,1,1,,,5,
2010/11,9,715630,4,4,69496.28,48258,299,161.3979933
2010/11,9,715700,2,2,320026.03,226790,980,231.4183673
2010/11,9,725600,1,1,6607,4719,29,162.7241379
2010/11,9,725630,4,3,204223.88,142958,818,174.7652812
2010/11,9,725700,7,7,351316.25,246900,956,258.2635983
2010/11,9,725730,5,6,412862.2,292372,1012,288.9051383
2010/11,9,725800,1,1,16818,11679,37,315.6486486
2010/11,9,735630,2,1,795,589,6,98.16666667
2010/11,9,735700,6,5,202830,146547,575,254.8643478
2010/11,9,735730,4,5,159350.8,115155,521,221.0268714
2010/11,9,735800,3,3,213999.18,156626,452,346.5176991
2010/11,9,735830,1,1,49841.82,36648,115,318.6782609
2010/11,10,675530,1,1,96959.52,62961,312,201.7980769
2010/11,10,675600,8,8,454623.63,302812,1620,186.9209877
2010/11,10,685600,8,9,964273.85,653764,2379,274.8062211
2010/11,10,685630,1,1,28598,19454,35,555.8285714
2010/11,10,705600,1,1,19115,13751,51,269.627451
2010/11,10,715630,2,2,19899.6,14425,96,150.2604167
2010/11,10,715700,2,2,66628,50060,200,250.3
2010/11,10,715730,1,1,8818.44,6040,24,251.6666667
2010/11,10,725630,2,2,120221.23,82326,335,245.7492537
2010/11,10,725700,3,4,373788.53,258594,994,260.1549296
2010/11,10,725730,8,8,691834.3,510685,1994,256.1108325
2010/11,10,725800,1,1,33933.2,24067,84,286.5119048
2010/11,10,735700,4,4,112583.1,83924,324,259.0246914
2010/11,10,735730,7,7,702011.78,524141,1720,304.7331395
2010/11,10,735800,1,1,434575,312644,1018,307.1159136
2010/11,10,735830,2,1,23334.78,17678,75,235.7066667
2010/11,10,745800,1,1,29501,21224,83,255.7108434
2010/11,10,745830,2,1,72215.04,54708,148,369.6486486
2010/11,11,675530,1,1,126467,78066,404,193.2326733
2010/11,11,675600,3,3,19132.86,12039,60,200.65
2010/11,11,685600,3,3,399874.44,269116,975,276.0164103
2010/11,11,685630,1,1,4199,2837,9,315.2222222
2010/11,11,715630,2,2,164880.26,112653,549,205.1967213
2010/11,11,715700,2,2,56649.48,38055,224,169.8883929
2010/11,11,725630,2,2,52708,37281,151,246.8940397
2010/11,11,725700,3,3,203184.71,144553,642,225.1604361
2010/11,11,725730,3,3,214207.75,152140,439,346.5603645
2010/11,11,725800,1,1,7468,5334,20,266.7
2010/11,11,735730,2,2,49771.5,31904,139,229.5251799
2010/11,11,735800,1,1,67408.4,51456,170,302.6823529
2010/11,11,735830,1,1,11895.6,9081,27,336.3333333
2010/11,12,675530,1,1,95239,61842,247,250.3724696
2010/11,12,675600,1,1,29510,19163,119,161.0336134
2010/11,12,685600,4,4,282601.22,192358,851,226.0376028
2010/11,12,685630,2,2,8842.78,5966,45,132.5777778
2010/11,12,705600,1,1,10994.4,7003,24,291.7916667
2010/11,12,715600,1,1,1374.3,876,9,97.33333333
2010/11,12,715630,2,3,397582.58,271998,872,311.9243119
2010/11,12,725630,1,1,16547.7,11490,38,302.3684211
2010/11,12,725700,2,2,140876.04,100553,299,336.2976589
2010/11,12,725730,2,1,143520.96,104001,389,267.3547558
2010/11,12,735700,2,2,22503,15285,95,160.8947368
2010/11,12,735730,1,1,43024.02,29878,93,321.2688172
2010/11,13,675530,1,1,4318,2898,14,207
2010/11,13,685600,2,2,357751,243928,818,298.200489
2010/11,13,685630,1,1,355,244,11,22.18181818
2010/11,13,705600,1,1,,,2,
2010/11,13,705630,1,1,1980,1364,15,90.93333333
2010/11,13,715600,1,1,164,114,21,5.428571429
2010/11,13,715630,2,2,202385,133210,555,240.018018
2010/11,13,715700,1,1,3791,2614,33,79.21212121
2010/11,13,725630,1,1,453,312,15,20.8
2010/11,14,725700,1,1,95439.36,69919,263,265.851711
2010/11,14,725730,1,1,15536.64,11382,44,258.6818182
2010/11,15,685600,1,1,165936,118526,528,224.4810606
2010/11,47,705630,1,1,8789.9,6147,98,62.7244898
2010/11,47,715630,1,1,3767.1,2634,42,62.71428571
2010/11,50,675600,1,1,308,211,10,21.1
2010/11,50,675630,1,1,1625,1113,35,31.8
2010/11,50,685600,1,1,990,678,5,135.6
2010/11,50,685630,1,1,85531,58583,438,133.7511416
2010/11,50,695631,1,1,330,226,4,56.5
2010/11,51,685600,1,1,3246,2208,17,129.8823529
2010/11,51,685630,1,1,191479,130258,681,191.2745962
2010/11,52,685600,1,1,793.5,455,3,151.6666667
2010/11,52,685630,1,1,66788,45434,193,235.4093264
2011/12,1,675530,1,1,162960,102491,702,145.9985755
2011/12,1,675600,2,3,176680.14,109179,755,144.607947
2011/12,1,685600,2,3,107069,70538,475,148.5010526
2011/12,1,685630,1,2,17152.12,11124,46,241.826087
2011/12,1,705600,1,1,27432.9,19184,52,368.9230769
2011/12,1,715600,1,1,4572.15,3197,31,103.1290323
2011/12,1,715630,7,12,1292737.53,891046,2708,329.0420975
2011/12,1,715700,2,2,57395.4,39030,112,348.4821429
2011/12,1,725630,8,18,3534194.55,2461706,6104,403.2939056
2011/12,1,725700,2,2,137508.13,92911,260,357.35
2011/12,1,735630,1,1,10966.08,7723,34,227.1470588
2011/12,2,675500,1,1,3560.16,2525,29,87.06896552
2011/12,2,675530,2,2,341510.8,212446,1049,202.5224023
2011/12,2,715600,1,1,,,7,
2011/12,2,715630,7,15,1848917.33,1267333,3779,335.3620005
2011/12,2,715700,6,5,245949.01,165443,448,369.2924107
2011/12,2,725630,7,19,3414827.73,2355546,6425,366.6219455
2011/12,2,725700,6,8,293399.25,197581,537,367.9348231
2011/12,2,725730,1,1,32974.2,23722,33,718.8484848
2011/12,2,735730,2,2,243268.52,172286,318,541.7798742
2011/12,3,675530,2,2,222006.3,133094,491,271.0672098
2011/12,3,675600,2,2,144725.62,91813,357,257.1792717
2011/12,3,685530,1,1,32047,19076,81,235.5061728
2011/12,3,715600,1,2,116450.44,72666,243,299.037037
2011/12,3,715630,9,16,1695251.54,1169561,3606,324.3374931
2011/12,3,715700,5,6,267673.94,183342,433,423.4226328
2011/12,3,725630,10,23,2971782.72,2085543,5942,350.9833389
2011/12,3,725700,8,13,1096022.28,762772,2217,344.0559314
2011/12,3,735630,5,5,60263.2,41838,182,229.8791209
2011/12,3,735700,3,3,153380.97,107805,291,370.4639175
2011/12,3,735730,1,1,217827.99,163780,289,566.7128028
2011/12,4,675530,2,3,144823.16,89927,443,202.9954853
2011/12,4,675600,1,1,120116,76506,310,246.7935484
2011/12,4,685530,2,3,80363.68,50685,426,118.9788732
2011/12,4,685600,2,2,8484.98,5428,62,87.5483871
2011/12,4,715600,1,1,52662.96,36071,128,281.8046875
2011/12,4,715630,11,20,869395.44,608872,2279,267.166301
2011/12,4,715700,5,6,202466.72,138315,356,388.5252809
2011/12,4,725600,2,2,202477,139421,427,326.5128806
2011/12,4,725630,9,22,778785.83,550980,2359,233.5650699
2011/12,4,725700,7,15,750221.96,523168,1497,349.4776219
2011/12,4,725730,1,1,18875.04,13107,29,451.9655172
2011/12,4,735630,4,6,145026.9,100876,445,226.6876404
2011/12,4,735700,5,7,865584.45,614999,1524,403.5426509
2011/12,4,735730,2,2,227752.88,166284,361,460.6204986
2011/12,5,675500,2,1,53075,32561,191,170.4764398
2011/12,5,675530,3,2,175793,108031,759,142.3333333
2011/12,5,675600,1,1,52836,35943,237,151.6582278
2011/12,5,685530,3,2,116081,71399,333,214.4114114
2011/12,5,705600,1,1,2828.52,1937,20,96.85
2011/12,5,715630,6,6,237193.42,162045,822,197.1350365
2011/12,5,715700,2,2,23214,16464,62,265.5483871
2011/12,5,725630,7,7,497020.79,347391,2008,173.0034861
2011/12,5,725700,7,8,536753.2,360893,1164,310.0455326
2011/12,5,735600,1,1,3248,2255,20,112.75
2011/12,5,735630,5,5,207248.32,143952,623,231.0626003
2011/12,5,735700,6,7,647665.23,443172,1456,304.3763736
2011/12,5,735730,1,1,2743.02,1905,7,272.1428571
2011/12,6,675530,4,4,390553.5,252005,1231,204.7156783
2011/12,6,675600,5,4,319707.74,207376,897,231.1884058
2011/12,6,675630,2,1,13488.4,8646,23,375.9130435
2011/12,6,685530,2,1,3372.1,2162,8,270.25
2011/12,6,685600,2,2,36720.84,24686,105,235.1047619
2011/12,6,705600,2,3,200944.69,129391,395,327.5721519
2011/12,6,715600,2,2,124844.12,81235,228,356.2938596
2011/12,6,715630,6,7,578460.62,391645,1514,258.6822985
2011/12,6,715700,2,2,98659.24,65946,193,341.6891192
2011/12,6,725630,5,8,390873.96,273559,1690,161.8692308
2011/12,6,725700,7,12,966158.57,679931,2233,304.492163
2011/12,6,735600,1,1,2999.66,2142,11,194.7272727
2011/12,6,735630,6,9,345371.39,244909,1459,167.8608636
2011/12,6,735700,6,9,635518.61,449917,1599,281.3739837
2011/12,6,735730,1,1,15501.06,10691,30,356.3666667
2011/12,7,665530,1,1,12498.4,7621,28,272.1785714
2011/12,7,675500,3,4,27619.94,19630,150,130.8666667
2011/12,7,675530,5,6,546131.94,346618,2056,168.5885214
2011/12,7,675600,3,3,159605.52,99425,443,224.4356659
2011/12,7,685530,1,1,317931.6,201222,685,293.7547445
2011/12,7,685600,7,8,763723.68,494452,2236,221.1323792
2011/12,7,685630,2,2,6252.42,3937,36,109.3611111
2011/12,7,705600,2,3,201516.77,136136,380,358.2526316
2011/12,7,715600,3,4,135888.04,92502,294,314.6326531
2011/12,7,715630,6,10,833385.5,571309,1854,308.1494067
2011/12,7,715700,2,3,35689,24361,60,406.0166667
2011/12,7,725600,1,1,,,15,
2011/12,7,725630,5,8,340830.1,236783,1364,173.5945748
2011/12,7,725700,7,11,968211.09,672725,2339,287.6122274
2011/12,7,725730,3,2,67066.6,43734,191,228.973822
2011/12,7,735600,1,1,,,15,
2011/12,7,735630,5,6,132149.84,92538,423,218.7659574
2011/12,7,735700,5,7,526948.56,373361,1511,247.0953011
2011/12,8,675530,4,4,145745.82,92670,525,176.5142857
2011/12,8,675600,4,5,172967.74,114524,480,238.5916667
2011/12,8,675630,2,2,62100,38887,241,161.3568465
2011/12,8,685530,1,1,318669.12,204275,1070,190.911215
2011/12,8,685600,6,7,636810.34,421105,1919,219.4398124
2011/12,8,685630,4,4,57965.1,36858,341,108.0879765
2011/12,8,705600,2,4,282723.68,192315,585,328.7435897
2011/12,8,715600,4,6,187904.28,129438,402,321.9850746
2011/12,8,715630,8,15,1728066.33,1187956,4752,249.9907407
2011/12,8,715700,5,7,285516.19,190748,794,240.2367758
2011/12,8,725600,1,2,101093,71191,366,194.510929
2011/12,8,725630,6,12,284113.99,193403,977,197.9559877
2011/12,8,725700,12,23,1533630.34,1066200,3410,312.6686217
2011/12,8,725730,7,6,287745.31,199385,342,582.997076
2011/12,8,735630,3,4,59631.28,42782,337,126.9495549
2011/12,8,735700,10,16,909336.69,641109,2699,237.535754
2011/12,8,735730,5,4,236410.79,166553,354,470.4887006
2011/12,9,665530,1,1,10093,6231,74,84.2027027
2011/12,9,665600,1,1,10093,6231,60,103.85
2011/12,9,675530,2,3,155220.64,97348,548,177.6423358
2011/12,9,675600,4,4,340133.83,211803,842,251.5475059
2011/12,9,685600,4,5,261949.51,172043,782,220.0038363
2011/12,9,685630,1,1,3462,2163,16,135.1875
2011/12,9,705600,6,5,533212.52,357624,1130,316.4814159
2011/12,9,705630,1,1,,,5,
2011/12,9,715600,5,6,204760.6,134667,713,188.8737728
2011/12,9,715630,6,14,1284176.93,868393,4430,196.0255079
2011/12,9,715700,3,4,72469.56,49221,249,197.6746988
2011/12,9,725630,6,8,192369.9,129092,583,221.4271012
2011/12,9,725700,6,8,67014.71,45569,285,159.8912281
2011/12,9,725730,3,2,41597.55,29371,96,305.9479167
2011/12,9,735600,2,1,7743.75,5482,19,288.5263158
2011/12,9,735630,4,2,82817,58624,246,238.3089431
2011/12,9,735700,7,5,306135.25,216241,644,335.7779503
2011/12,9,735730,5,3,301626.25,212802,415,512.7759036
2011/12,10,675500,2,2,5367,3385,45,75.22222222
2011/12,10,675530,5,7,346033.36,218887,1832,119.4798035
2011/12,10,675600,4,4,96498.44,62945,415,151.6746988
2011/12,10,675630,1,1,2542,1608,25,64.32
2011/12,10,685530,5,6,30368.8,19507,195,100.0358974
2011/12,10,685600,3,4,199209.76,129561,734,176.513624
2011/12,10,685630,2,3,115147.64,74100,448,165.4017857
2011/12,10,705600,3,4,493160.92,328003,1059,309.7289896
2011/12,10,715600,3,2,12435,8459,55,153.8
2011/12,10,715630,7,12,693374.48,479327,2561,187.1639984
2011/12,10,715700,4,5,106477,73562,322,228.4534161
2011/12,10,725630,8,15,674233.52,469428,2514,186.725537
2011/12,10,725700,8,12,444470.4,308370,1330,231.8571429
2011/12,10,725730,2,3,32793.4,22256,83,268.1445783
2011/12,10,735630,4,7,206861.24,147316,1284,114.7320872
2011/12,10,735700,9,11,440251.42,310469,1527,203.3195809
2011/12,10,735730,4,5,212032.62,146307,540,270.9388889
2011/12,11,665500,1,1,858,546,10,54.6
2011/12,11,665530,1,1,4289,2732,30,91.06666667
2011/12,11,665600,1,2,53094,32396,481,67.35135135
2011/12,11,675500,1,1,1836,1141,20,57.05
2011/12,11,675530,4,6,96879.34,61041,646,94.49071207
2011/12,11,675600,3,3,186415,116028,599,193.7028381
2011/12,11,685530,4,3,96706.19,61544,581,105.9277108
2011/12,11,685600,1,3,73736,47832,307,155.8045603
2011/12,11,685630,1,2,81597,51501,253,203.5612648
2011/12,11,705600,8,11,1285994.64,875890,3782,231.5943945
2011/12,11,705630,4,4,91808.57,62917,313,201.0127796
2011/12,11,715600,4,4,58421.17,39879,251,158.8804781
2011/12,11,715630,6,9,355517.5,247230,1175,210.4085106
2011/12,11,725630,7,8,297046.98,209509,1218,172.0106732
2011/12,11,725700,1,1,108,77,4,19.25
2011/12,11,735630,1,1,3844.72,2651,34,77.97058824
2011/12,11,735700,2,2,36824,25222,118,213.7457627
2011/12,11,735730,2,1,163953.89,112297,241,465.9626556
2011/12,12,675500,3,4,22487.6,14053,237,59.29535865
2011/12,12,675530,2,3,19038.6,12101,175,69.14857143
2011/12,12,675600,1,1,7256.72,5005,95,52.68421053
2011/12,12,685500,1,1,33.8,18,10,1.8
2011/12,12,685530,1,1,7289,4702,176,26.71590909
2011/12,12,705600,4,5,285658.34,188650,1066,176.9699812
2011/12,12,705630,5,6,280002.34,189028,1079,175.1881372
2011/12,12,715600,2,2,12729.72,8728,64,136.375
2011/12,12,715630,3,7,375227.18,250367,1115,224.5443946
2011/12,12,715700,1,2,150157.34,97306,373,260.8739946
2011/12,12,725630,1,2,57750,38186,249,153.3574297
2011/12,12,725700,1,4,399724.36,274221,674,406.8560831
2011/12,12,725730,1,1,38003,24361,50,487.22
2011/12,12,735630,1,3,18884,12726,147,86.57142857
2011/12,12,735700,1,1,85985,60553,277,218.6028881
2011/12,12,735730,3,5,784849,547473,1265,432.7849802
2011/12,13,675530,1,2,9351,6160,174,35.40229885
2011/12,13,675600,1,2,6701,4545,82,55.42682927
2011/12,13,675630,1,1,2298,1619,18,89.94444444
2011/12,13,685600,2,2,5969,4172,46,90.69565217
2011/12,13,685630,2,2,17149,11494,143,80.37762238
2011/12,13,705600,7,12,572653.29,382354,2038,187.6123651
2011/12,13,705630,3,6,154190.87,104920,500,209.84
2011/12,13,715600,3,4,39554.2,26543,96,276.4895833
2011/12,13,715630,5,12,524607.14,357979,1906,187.816894
2011/12,13,715700,2,2,120279.02,81425,267,304.9625468
2011/12,13,725700,5,5,295021.46,203582,752,270.7207447
2011/12,13,725730,2,2,41959,28372,74,383.4054054
2011/12,13,735700,2,2,37771.76,26026,113,230.3185841
2011/12,13,735730,2,3,373859.26,263748,462,570.8831169
2011/12,14,675500,1,1,412,274,12,22.83333333
2011/12,14,675530,1,1,2001,1326,27,49.11111111
2011/12,14,675600,1,1,2428,1630,95,17.15789474
2011/12,14,685530,1,1,1223,810,42,19.28571429
2011/12,14,695600,1,1,6501.32,4578,50,91.56
2011/12,14,705600,4,5,61239.49,41026,483,84.93995859
2011/12,14,705630,1,1,94018,60656,215,282.1209302
2011/12,14,715600,4,5,25968.35,17726,241,73.55186722
2011/12,14,715630,5,9,422688.26,283104,1483,190.899528
2011/12,14,715700,1,1,7210.56,4775,19,251.3157895
2011/12,14,725630,1,1,3605.28,2387,27,88.40740741
2011/12,14,725700,5,10,807584.5,552751,2397,230.6011681
2011/12,14,725730,1,1,14,10,45,0.222222222
2011/12,14,735700,1,1,32440,23338,156,149.6025641
2011/12,14,735730,2,2,63694.24,46075,188,245.0797872
2011/12,15,665500,2,2,196,131,20,6.55
2011/12,15,665530,2,2,120,83,17,4.882352941
2011/12,15,675530,3,3,19695.92,13305,143,93.04195804
2011/12,15,675600,3,3,14237,9834,278,35.37410072
2011/12,15,675630,1,1,486,331,5,66.2
2011/12,15,685600,2,2,8735,5756,161,35.7515528
2011/12,15,685630,1,1,2437,1603,14,114.5
2011/12,15,695600,3,3,46863.4,31545,229,137.7510917
2011/12,15,705600,4,4,114903.08,77383,688,112.4752907
2011/12,15,705630,4,3,165698.94,110409,425,259.7858824
2011/12,15,715600,1,1,15721,11227,49,229.122449
2011/12,15,715630,11,19,777537.44,520156,2649,196.3593809
2011/12,15,715700,2,2,43355.48,28004,329,85.11854103
2011/12,15,725600,1,1,6766,4541,21,216.2380952
2011/12,15,725630,9,9,99015.98,67679,674,100.4139466
2011/12,15,725700,12,20,1258184.56,868498,4558,190.5436595
2011/12,15,735630,2,2,,,26,
2011/12,15,735700,8,14,755329.52,534021,2785,191.7490126
2011/12,15,735730,7,10,187333.68,132539,680,194.9102941
2011/12,16,665430,1,1,97,59,32,1.84375
2011/12,16,665500,1,1,221,135,58,2.327586207
2011/12,16,665530,1,1,337,207,45,4.6
2011/12,16,675530,2,2,4686,2876,145,19.83448276
2011/12,16,675600,1,1,3827,2568,85,30.21176471
2011/12,16,675630,1,1,3342,2142,68,31.5
2011/12,16,685600,1,1,22530,14259,126,113.1666667
2011/12,16,695600,1,1,614,377,45,8.377777778
2011/12,16,705600,3,3,21596.18,14497,245,59.17142857
2011/12,16,705630,2,2,18877.8,12781,103,124.0873786
2011/12,16,715600,2,2,14945.74,10247,67,152.9402985
2011/12,16,715630,4,4,40421.28,27337,320,85.428125
2011/12,16,715700,2,2,46010,30805,309,99.69255663
2011/12,16,725630,2,2,2611,1743,33,52.81818182
2011/12,16,725700,2,2,3314,2195,18,121.9444444
2011/12,16,735700,1,1,,,8,
2011/12,16,735730,2,2,15928,10663,103,103.5242718
2011/12,16,735800,1,1,21279,14092,150,93.94666667
2011/12,17,675530,1,1,578,373,45,8.288888889
2011/12,17,675600,2,2,14902.23,9813,175,56.07428571
2011/12,17,685530,2,2,13998.71,9588,100,95.88
2011/12,17,685600,2,2,17051.92,11793,145,81.33103448
2011/12,17,685630,2,2,49949.64,32489,399,81.42606516
2011/12,17,705600,8,17,345111.54,231893,2390,97.02635983
2011/12,17,705630,9,20,316062.78,213886,2428,88.09143328
2011/12,17,715600,5,9,49852.29,34345,323,106.3312693
2011/12,17,715630,14,37,2404695.71,1614135,14698,109.8200435
2011/12,17,715700,9,11,79237.81,54286,408,133.0539216
2011/12,17,725630,6,6,19704.05,13327,319,41.77742947
2011/12,17,725700,10,16,167512.5,112744,1709,65.97074312
2011/12,17,735700,4,6,68316.62,45394,493,92.07707911
2011/12,17,735730,1,2,14322,9338,49,190.5714286
2011/12,17,735800,2,4,159072.2,104726,575,182.1321739
2011/12,17,745700,1,1,3393,2203,20,110.15
2011/12,18,705600,6,7,49441.76,33187,606,54.7640264
2011/12,18,705630,4,6,57818.04,39428,493,79.97565923
2011/12,18,715600,5,4,9043.84,6057,163,37.1595092
2011/12,18,715630,9,13,302111.56,206097,2562,80.44379391
2011/12,18,715700,2,2,154886,109825,610,180.0409836
2011/12,18,715730,2,2,2860,2010,41,49.02439024
2011/12,18,725630,2,3,2050,1388,135,10.28148148
2011/12,18,725700,6,7,36032,24519,628,39.04299363
2011/12,18,725730,1,1,31641,22440,235,95.4893617
2011/12,18,735700,6,7,41554.8,27920,853,32.73153576
2011/12,18,735730,1,2,15654.13,9569,187,51.17112299
2011/12,18,735800,1,1,19032.87,11466,73,157.0684932
2011/12,19,715700,1,1,341,228,35,6.514285714
2011/12,19,715800,1,1,,,8,
2011/12,19,725730,1,1,56,38,3,12.66666667
2011/12,19,725800,1,1,153,103,33,3.121212121
2011/12,19,725830,1,1,,,3,
2011/12,19,735730,1,1,526,353,16,22.0625
2011/12,19,735800,1,1,235506,158058,668,236.6137725
2011/12,19,735830,1,1,129966,87226,251,347.5139442
2011/12,19,745830,1,1,6473,4344,25,173.76
2011/12,20,705600,1,1,,,6,
2011/12,20,705730,1,1,,,9,
2011/12,20,715600,2,3,112550.2,77310,430,179.7906977
2011/12,20,715630,7,7,55980.7,38120,475,80.25263158
2011/12,20,715700,11,24,2087485.15,1422845,8718,163.2077311
2011/12,20,715730,5,7,149663.35,105657,1017,103.8908555
2011/12,20,725600,1,1,6969.2,4525,32,141.40625
2011/12,20,725630,3,3,2439,1608,96,16.75
2011/12,20,725700,12,21,347184.54,239135,3104,77.04091495
2011/12,20,725730,12,28,1946947.69,1314306,7304,179.9433187
2011/12,20,725800,4,8,33763.59,22955,203,113.0788177
2011/12,20,725830,1,1,863,579,56,10.33928571
2011/12,20,735700,4,5,7981.24,5360,129,41.5503876
2011/12,20,735730,8,14,357744.81,232934,1849,125.9783667
2011/12,20,735800,8,20,2284105.93,1550061,6919,224.0296286
2011/12,20,735830,4,4,253639.6,164035,1351,121.4174685
2011/12,20,745800,1,1,,,3,
2011/12,20,755830,1,1,3,2,12,0.166666667
2011/12,20,765830,1,1,,,10,
2011/12,21,715700,7,11,1315856.44,899505,3454,260.4241459
2011/12,21,715730,2,2,53857,37400,262,142.7480916
2011/12,21,725700,1,1,221148,148821,606,245.5792079
2011/12,21,725730,9,9,703362.42,479908,2454,195.5615322
2011/12,21,725800,3,2,109862.8,76978,308,249.9285714
2011/12,21,735630,1,1,6209.37,4230,12,352.5
2011/12,21,735730,2,2,30199.06,20562,69,298
2011/12,21,735800,7,9,1267232.11,848581,2869,295.7758801
2011/12,21,735830,2,2,68963.8,45333,175,259.0457143
2011/12,22,715700,7,11,1635073.93,1115749,3449,323.4992752
2011/12,22,725700,5,4,80133.79,56434,187,301.7860963
2011/12,22,725730,6,6,321328.4,215395,646,333.4287926
2011/12,22,725800,5,3,90608.87,60557,147,411.952381
2011/12,22,735730,4,3,62690.94,42754,281,152.1494662
2011/12,22,735800,9,19,2637388.76,1791622,6438,278.2885989
2011/12,22,735830,5,6,279311.5,192381,726,264.9876033
2011/12,22,745830,3,3,48678.81,33801,221,152.9457014
2011/12,23,715630,1,1,118,82,10,8.2
2011/12,23,715700,7,6,350338.53,238470,1323,180.2494331
2011/12,23,725700,6,4,267113.72,185265,453,408.9735099
2011/12,23,725730,3,2,172533,118171,351,336.6695157
2011/12,23,725800,1,2,25237.4,16841,77,218.7142857
2011/12,23,735730,1,1,51121,35256,75,470.08
2011/12,23,735800,9,14,1783284.5,1190106,4379,271.7757479
2011/12,23,735830,3,3,141643.85,96985,422,229.8222749
2011/12,24,715700,2,2,54875,36870,178,207.1348315
2011/12,24,725700,1,1,2271,1504,34,44.23529412
2011/12,24,725730,3,2,25050.38,17210,79,217.8481013
2011/12,24,735730,3,2,15823.26,10664,52,205.0769231
2011/12,24,735800,4,5,384652.04,270366,1379,196.0594634
2011/12,24,735830,2,1,99134.28,71319,215,331.7162791
2011/12,24,745830,2,1,14162.04,10188,66,154.3636364
2011/12,44,675530,1,1,4535.68,3075,60,51.25
2011/12,44,685600,1,1,10026.24,6797,120,56.64166667
2011/12,44,715630,1,1,9310.08,6312,60,105.2
2011/12,46,665600,1,1,198,123,20,6.15
2011/12,46,675500,1,1,472,293,10,29.3
2011/12,46,675530,1,1,40659,25254,184,137.25
2011/12,46,675600,1,1,46967,29172,232,125.7413793
2011/12,46,685530,1,1,2673,1660,10,166
2011/12,46,685630,1,1,5217,3240,41,79.02439024
2011/12,47,675530,1,1,36259,22245,173,128.583815
2011/12,47,675600,1,1,23641,14504,103,140.815534
2011/12,47,685530,1,1,67732,41553,344,120.7936047
2011/12,47,685600,1,1,41091,25209,130,193.9153846
2011/12,48,675600,1,1,121458,75439,538,140.2211896
2011/12,48,685530,1,1,1977,1228,20,61.4
2011/12,48,685600,1,1,78490,48752,354,137.7175141
2011/12,49,675600,1,1,7725,5049,33,153
2011/12,49,685600,1,1,7452,4871,32,152.21875
2011/12,53,715630,2,1,134676.75,95147,279,341.0286738
2011/12,53,725630,2,1,72518.25,51232,78,656.8205128
2012/13,1,685600,1,1,1413,1017,25,40.68
2012/13,1,705630,1,1,1184,897,,
2012/13,1,715630,6,9,962737.35,702311,2668,263.2350075
2012/13,1,715700,3,6,259015.3,182559,750,243.412
2012/13,1,725630,6,12,1885750.71,1352342,3741,361.4921144
2012/13,1,725700,6,11,870189.82,618307,3079,200.8142254
2012/13,1,725730,3,3,327573.67,238657,945,252.5470899
2012/13,1,735730,4,5,504875.62,353400,1072,329.6641791
2012/13,1,735800,2,2,153116.17,109027,380,286.9131579
2012/13,1,745800,2,2,145061.19,101229,436,232.1766055
2012/13,1,745830,1,1,19042.17,13260,39,340
2012/13,2,675600,1,1,,,18,
2012/13,2,675630,1,1,,,2,
2012/13,2,685600,2,1,236537,147711,571,258.6882662
2012/13,2,685630,1,1,4200,2658,60,44.3
2012/13,2,715600,1,1,5607.45,4006,13,308.1538462
2012/13,2,715630,6,10,917336.38,685875,2274,301.616095
2012/13,2,715700,4,5,401871.91,285737,1293,220.9876257
2012/13,2,725630,7,12,1754605.66,1309990,3626,361.2768891
2012/13,2,725700,6,5,364563.92,266249,1106,240.7314647
2012/13,2,725730,2,3,185496.19,135401,624,216.9887821
2012/13,2,725800,1,1,1576.68,1127,38,29.65789474
2012/13,2,735700,3,3,108381.66,80952,516,156.8837209
2012/13,2,735730,5,8,1099417.15,800783,2743,291.9369304
2012/13,2,735800,1,1,51714,37748,139,271.5683453
2012/13,3,675630,1,1,1317,902,16,56.375
2012/13,3,675700,1,1,5098,3492,62,56.32258065
2012/13,3,685600,1,1,329828,210082,911,230.6059276
2012/13,3,705600,1,1,348,268,3,89.33333333
2012/13,3,715600,1,1,461,355,4,88.75
2012/13,3,715630,7,12,1195840.71,888785,3688,240.9937636
2012/13,3,715700,2,4,446246.13,319344,1601,199.4653342
2012/13,3,725630,7,11,1518668.05,1106999,3900,283.8458974
2012/13,3,725700,6,10,572253.47,418937,1787,234.4359261
2012/13,3,725730,4,7,539112.5,392182,1945,201.6359897
2012/13,3,725800,1,1,495,354,14,25.28571429
2012/13,3,735700,4,4,110961.1,80998,366,221.3060109
2012/13,3,735730,3,5,834955.64,583088,2031,287.0940423
2012/13,3,735800,2,2,110890.62,79838,256,311.8671875
2012/13,3,735830,2,2,84252.16,62254,157,396.522293
2012/13,3,745800,2,2,55582.1,40011,123,325.2926829
2012/13,3,745830,2,2,27620.52,19962,58,344.1724138
2012/13,4,675530,1,1,2523,1716,40,42.9
2012/13,4,675600,1,1,5803,3948,19,207.7894737
2012/13,4,685600,3,2,406381,272935,1027,265.7594937
2012/13,4,705600,1,1,,,174,
2012/13,4,715630,6,19,1413994.41,1015248,6137,165.4306664
2012/13,4,715700,5,8,436313.71,310038,2126,145.8316087
2012/13,4,715730,1,1,330,228,17,13.41176471
2012/13,4,725630,7,15,1744843.83,1260994,5933,212.539019
2012/13,4,725700,6,14,804992.41,587309,2879,203.9975686
2012/13,4,725730,5,7,474733.09,346378,2008,172.499004
2012/13,4,725800,1,1,22097,15239,94,162.1170213
2012/13,4,725830,1,1,,,15,
2012/13,4,735630,2,2,9847.9,7034,113,62.24778761
2012/13,4,735700,6,6,225249.91,163874,1016,161.2933071
2012/13,4,735730,8,8,823275.27,595724,2618,227.5492743
2012/13,4,735800,7,6,472354.3,334880,1244,269.1961415
2012/13,4,735830,1,1,6618.7,4867,14,347.6428571
2012/13,4,745800,3,2,63791.17,45334,204,222.2254902
2012/13,4,745830,1,1,188632.95,138701,334,415.2724551
2012/13,4,755830,1,1,3309.35,2434,15,162.2666667
2012/13,5,675500,1,1,73,49,3,16.33333333
2012/13,5,675530,1,1,55,37,6,6.166666667
2012/13,5,675600,1,1,8500.8,6068,68,89.23529412
2012/13,5,685530,1,1,36,24,9,2.666666667
2012/13,5,685600,2,2,502557,333515,1094,304.8583181
2012/13,5,705600,2,2,1888.97,1357,107,12.68224299
2012/13,5,705630,3,3,4861.77,3493,71,49.1971831
2012/13,5,715600,2,2,1565.4,1123,14,80.21428571
2012/13,5,715630,8,11,610993.9,454357,2972,152.8792059
2012/13,5,715700,5,6,76362.99,56697,377,150.3899204
2012/13,5,725600,3,1,517,375,3,125
2012/13,5,725630,9,16,1076748.75,790909,4927,160.5254719
2012/13,5,725700,9,16,1362270.4,986701,5566,177.2729069
2012/13,5,725730,3,7,277122.1,199883,857,233.235706
2012/13,5,735630,3,3,8528.22,5743,74,77.60810811
2012/13,5,735700,5,3,132083.59,91754,706,129.9631728
2012/13,5,735730,3,7,1009930.96,715102,2944,242.9014946
2012/13,5,735800,7,6,444311.35,325652,1441,225.9902845
2012/13,5,735830,4,3,167372.68,129968,379,342.9234828
2012/13,5,745800,2,1,55509.25,40816,185,220.627027
2012/13,5,745830,4,4,243200.87,178932,550,325.3309091
2012/13,6,675600,1,2,28946,19183,220,87.19545455
2012/13,6,685600,5,6,846933,543922,2023,268.8690064
2012/13,6,705600,1,2,265,173,162,1.067901235
2012/13,6,705630,1,1,75,52,2,26
2012/13,6,715630,5,8,367031.43,272200,1984,137.1975806
2012/13,6,715700,2,2,17351.83,12683,131,96.81679389
2012/13,6,725630,10,19,799703.13,578661,4302,134.5097629
2012/13,6,725700,9,15,703046.06,506862,3294,153.8743169
2012/13,6,725730,4,6,240290.82,181746,1032,176.1104651
2012/13,6,735630,3,4,8785.42,6201,90,68.9
2012/13,6,735700,7,11,171306.79,120910,923,130.9967497
2012/13,6,735730,8,10,417184.44,298396,1553,192.1416613
2012/13,6,735800,3,5,316550.08,235686,733,321.5361528
2012/13,6,745800,1,1,73429,55629,236,235.7161017
2012/13,6,745830,1,1,37761,27167,83,327.313253
2012/13,6,755830,1,1,11115,7997,43,185.9767442
2012/13,7,675530,4,2,9726,6539,207,31.58937198
2012/13,7,675600,5,3,32347.32,22023,155,142.083871
2012/13,7,685530,3,1,706,489,53,9.226415094
2012/13,7,685600,8,8,1487332.46,985643,3512,280.6500569
2012/13,7,685630,5,4,145658.68,98082,311,315.3762058
2012/13,7,695600,1,1,,,14,
2012/13,7,705600,2,2,3330,2431,53,45.86792453
2012/13,7,705630,3,3,28906.5,21482,174,123.4597701
2012/13,7,715600,2,2,3730,2539,50,50.78
2012/13,7,715630,8,13,1160322.1,882905,4673,188.9375134
2012/13,7,715700,5,4,37364.67,27477,173,158.8265896
2012/13,7,725600,1,1,9822.36,7223,42,171.9761905
2012/13,7,725630,10,17,536216.83,403002,3568,112.948991
2012/13,7,725700,10,11,399564.14,289545,1892,153.0364693
2012/13,7,725730,6,4,23582,16449,123,133.7317073
2012/13,7,735630,3,3,7545.98,5384,85,63.34117647
2012/13,7,735700,2,2,59858.04,43200,299,144.4816054
2012/13,7,735730,6,6,413472.94,294705,1499,196.6010674
2012/13,7,735800,5,5,182018.98,131011,434,301.8686636
2012/13,7,745800,3,2,237136,169297,567,298.5837743
2012/13,7,745830,3,2,18268,13714,61,224.8196721
2012/13,8,675600,5,5,81440.38,53861,280,192.3607143
2012/13,8,685530,2,2,1270.76,836,68,12.29411765
2012/13,8,685600,9,16,2440514.59,1626698,6782,239.855205
2012/13,8,685630,8,12,619824.19,423740,1724,245.7888631
2012/13,8,705630,1,1,2323.17,1614,44,36.68181818
2012/13,8,715600,1,1,2323.17,1613,37,43.59459459
2012/13,8,715630,5,7,350382.2,244810,2262,108.2272325
2012/13,8,715700,5,4,203654.36,148572,752,197.5691489
2012/13,8,725630,7,8,107706.82,76741,1071,71.65359477
2012/13,8,725700,5,4,126273.04,92395,845,109.3431953
2012/13,8,735700,3,3,15606.04,11250,127,88.58267717
2012/13,8,735730,4,6,205681.82,148472,644,230.5465839
2012/13,8,735800,4,6,455211.02,329629,1526,216.008519
2012/13,8,745800,3,3,110083.44,79019,300,263.3966667
2012/13,9,675530,1,1,6387.7,4148,105,39.5047619
2012/13,9,675600,6,5,141300.46,98622,607,162.4744646
2012/13,9,675630,2,1,510,349,4,87.25
2012/13,9,685530,1,1,93,72,43,1.674418605
2012/13,9,685600,12,18,1574439.84,1093483,6208,176.1409472
2012/13,9,685630,11,16,874459,605766,2714,223.2004422
2012/13,9,705630,1,1,10186,7602,97,78.37113402
2012/13,9,715630,3,4,175674,124949,1293,96.63495746
2012/13,9,725630,3,3,22877.2,16901,267,63.29962547
2012/13,9,725700,3,3,15563.08,11482,83,138.3373494
2012/13,9,725730,2,2,27732.28,20533,180,114.0722222
2012/13,9,735700,4,5,163283.63,121089,821,147.4896468
2012/13,9,735730,6,6,345553.97,256921,1494,171.9685408
2012/13,9,735800,5,4,354525.01,265389,851,311.8554642
2012/13,9,735830,2,1,5244,3450,30,115
2012/13,9,745800,5,4,130589.83,90301,361,250.1412742
2012/13,9,745830,2,1,1847,1215,7,173.5714286
2012/13,10,665500,1,1,344,245,105,2.333333333
2012/13,10,675530,1,1,1080,715,39,18.33333333
2012/13,10,675600,7,6,112220.3,77992,429,181.7995338
2012/13,10,675630,4,3,17500.43,11823,99,119.4242424
2012/13,10,685600,10,19,723104.2,509037,2715,187.4906077
2012/13,10,685630,12,23,2370971.73,1646966,6955,236.8031632
2012/13,10,715700,1,1,36503.04,25002,169,147.9408284
2012/13,10,725630,1,1,2281.44,1563,51,30.64705882
2012/13,10,725700,1,2,21073.52,14517,180,80.65
2012/13,10,735630,1,1,6912,4767,58,82.18965517
2012/13,10,735800,5,3,262703.94,205658,591,347.9830795
2012/13,10,735830,5,3,77107.93,60271,269,224.0557621
2012/13,10,745800,4,3,512384.04,380197,916,415.0622271
2012/13,10,745830,7,7,1172017.75,847145,2008,421.8849602
2012/13,10,755830,1,1,2156.68,1540,5,308
2012/13,11,675600,2,2,20220,14441,85,169.8941176
2012/13,11,675630,1,1,6957,4969,22,225.8636364
2012/13,11,685600,7,10,322040.42,228341,1366,167.1603221
2012/13,11,685630,8,11,987961.82,693915,3632,191.0558921
2012/13,11,715630,1,1,25914,18122,139,130.3741007
2012/13,11,715700,1,1,103804,75770,573,132.2338569
2012/13,11,725630,2,2,28868,20811,123,169.195122
2012/13,11,725700,1,1,1093,797,5,159.4
2012/13,11,725730,1,1,7963,5987,18,332.6111111
2012/13,11,735700,2,1,3174.14,2471,30,82.36666667
2012/13,11,735730,3,3,58079.76,43634,148,294.8243243
2012/13,11,735800,5,5,200893.46,150829,589,256.0764007
2012/13,11,735830,6,7,221064.96,163177,689,236.8316401
2012/13,11,745800,5,4,49669.88,37318,195,191.374359
2012/13,11,745830,8,13,1551953.53,1140051,2938,388.0364193
2012/13,11,755830,4,4,229210.03,167597,340,492.9323529
2012/13,12,675600,2,3,35510.91,25118,262,95.87022901
2012/13,12,675630,3,3,12668.3,9022,81,111.382716
2012/13,12,685600,3,6,98535.17,70359,676,104.0813609
2012/13,12,685630,5,9,557607.63,396247,2176,182.0988051
2012/13,12,715630,5,5,72544,50376,272,185.2058824
2012/13,12,715700,2,2,85669,61403,419,146.5465394
2012/13,12,715730,1,1,4645,3415,29,117.7586207
2012/13,12,725630,2,2,8255,5943,233,25.50643777
2012/13,12,725700,2,3,79813,56530,437,129.3592677
2012/13,12,725730,1,1,10701,7869,70,112.4142857
2012/13,12,735700,1,1,7399,5285,96,55.05208333
2012/13,12,735730,2,2,6415,4511,76,59.35526316
2012/13,12,735800,2,2,39717,28680,127,225.8267717
2012/13,12,745800,4,5,250826,183926,1032,178.2228682
2012/13,12,745830,8,11,1319468.55,953687,2706,352.4342203
2012/13,12,765830,2,2,223,157,26,6.038461538
2012/13,12,765900,1,1,0,0,38,0
2012/13,12,775830,3,3,305,222,57,3.894736842
2012/13,12,775900,2,2,36387,24803,203,122.182266
2012/13,12,785930,1,1,75745.44,54104,236,229.2542373
2012/13,13,665600,1,1,94,64,45,1.422222222
2012/13,13,675600,2,2,6100,4234,180,23.52222222
2012/13,13,675630,3,3,19264.8,14140,161,87.82608696
2012/13,13,685600,2,2,1249,932,73,12.76712329
2012/13,13,685630,3,3,176009.2,125938,979,128.639428
2012/13,13,705600,1,1,977,683,19,35.94736842
2012/13,13,705630,1,1,1655,1157,16,72.3125
2012/13,13,715600,1,1,0,0,31,0
2012/13,13,715630,4,4,477223.5,342650,1465,233.890785
2012/13,13,715830,1,1,44548.5,29699,106,280.1792453
2012/13,13,715900,1,1,89097,59397,212,280.1745283
2012/13,13,735730,2,2,3085.9,2344,95,24.67368421
2012/13,13,735800,2,1,51320,38986,114,341.9824561
2012/13,13,745800,1,1,15862,11926,86,138.6744186
2012/13,13,745830,4,5,246670.1,184551,583,316.5540309
2012/13,13,755830,1,1,11317,8026,53,151.4339623
2012/13,13,765830,1,1,1421,1008,161,6.260869565
2012/13,13,775830,1,1,225,160,106,1.509433962
2012/13,14,705600,1,1,28,20,52,0.384615385
2012/13,14,715600,1,1,72,51,27,1.888888889
2012/13,14,715630,4,3,319972,225707,1425,158.3908772
2012/13,14,715700,2,2,9918,7444,37,201.1891892
2012/13,14,725630,3,2,,,50,
2012/13,14,725700,2,2,340773,256911,823,312.164034
2012/13,14,725730,1,1,22726,16960,98,173.0612245
2012/13,14,735800,1,1,50967,38035,213,178.5680751
2012/13,14,745800,2,2,18373,13058,102,128.0196078
2012/13,14,745830,3,3,86668,63026,481,131.031185
2012/13,15,685600,1,1,1139,844,24,35.16666667
2012/13,15,685630,1,1,27320,20236,279,72.53046595
2012/13,15,715630,2,3,292245.09,212948,1147,185.6564952
2012/13,15,715700,1,1,120909.6,80606,649,124.2003082
2012/13,15,725700,1,1,76798.38,57743,296,195.0777027
2012/13,15,735800,2,3,304907.28,226158,1266,178.6398104
2012/13,15,745800,1,1,4905,3660,69,53.04347826
2012/13,15,775930,1,1,32451,24218,136,178.0735294
2012/13,15,776000,1,2,2021.01,1519,85,17.87058824
2012/13,15,776030,1,1,400,299,15,19.93333333
2012/13,15,785930,1,1,84759,63253,250,253.012
2012/13,15,786000,2,3,150836.64,106421,707,150.5247525
2012/13,15,786030,1,1,445,331,12,27.58333333
2012/13,16,715600,1,1,,,10,
2012/13,16,715630,2,2,8153,6185,298,20.75503356
2012/13,16,715700,3,3,27772.36,20442,238,85.8907563
2012/13,16,725700,4,4,136969.93,101555,884,114.8812217
2012/13,16,735730,1,1,,,10,
2012/13,16,735800,2,2,38389,30076,262,114.7938931
2012/13,16,745830,2,3,19565.04,13141,173,75.95953757
2012/13,16,775930,1,2,6129,4466,138,32.36231884
2012/13,16,776000,2,2,1023,813,43,18.90697674
2012/13,16,776030,1,1,45,36,5,7.2
2012/13,16,785930,3,3,417879.5,297237,1927,154.2485729
2012/13,16,786000,4,5,124652.17,95130,538,176.8215613
2012/13,16,786030,2,3,1617,1246,59,21.11864407
2012/13,17,715630,2,2,2605,1942,174,11.16091954
2012/13,17,725630,1,1,,,3,
2012/13,17,725700,2,2,81082,59090,818,72.23716381
2012/13,17,735700,1,1,114,86,12,7.166666667
2012/13,17,735730,1,1,0,0,34,0
2012/13,17,735800,2,2,51798,38684,526,73.54372624
2012/13,17,745800,2,2,0,0,83,0
2012/13,17,745830,1,1,241,178,49,3.632653061
2012/13,19,705600,1,1,189,126,103,1.223300971
2012/13,19,715700,1,1,194126,147065,1134,129.6869489
2012/13,19,725630,1,1,,,50,
2012/13,19,725700,1,1,0,0,7,0
2012/13,19,725730,1,1,3637.12,2714,81,33.50617284
2012/13,19,725800,1,1,13639.2,10179,160,63.61875
2012/13,19,725830,1,1,63,42,28,1.5
2012/13,19,735630,1,1,,,10,
2012/13,19,735700,1,3,25633.01,17089,191,89.47120419
2012/13,19,735730,2,4,188453.78,125708,998,125.9599198
2012/13,19,735800,2,3,164809.4,115664,885,130.6937853
2012/13,19,735830,1,3,14212.89,9476,72,131.6111111
2012/13,19,735930,1,1,2531,1687,4,421.75
2012/13,19,745830,1,2,431639.86,287759,1837,156.6461622
2012/13,19,745900,1,1,17909,11939,96,124.3645833
2012/13,19,755900,1,1,0,0,9,0
2012/13,19,765900,1,2,3754.5,2503,71,35.25352113
2012/13,19,765930,1,3,9839.56,6561,160,41.00625
2012/13,19,766000,1,2,26578.68,17719,172,103.0174419
2012/13,19,766030,1,1,0,0,23,0
2012/13,19,766100,1,1,0,0,15,0
2012/13,19,775930,1,2,144,96,26,3.692307692
2012/13,19,776030,1,1,0,0,22,0
2012/13,19,776100,1,1,0,0,15,0
2012/13,19,785930,1,1,4,3,25,0.12
2012/13,20,685600,1,1,,,104,
2012/13,20,735730,1,1,879,623,63,9.888888889
2012/13,20,735800,1,1,329,234,50,4.68
2012/13,20,735830,1,1,66218,46963,341,137.7214076
2012/13,20,745800,1,1,0,0,16,0
2012/13,20,745830,1,1,158925,112713,591,190.715736
2012/13,20,745900,1,1,45515,32281,265,121.8150943
2012/13,20,756000,1,1,0,0,51,0
2012/13,20,766000,1,1,0,0,31,0
2012/13,22,735730,1,1,46452.12,33906,120,282.55
2012/13,22,735800,1,1,94311.88,68841,267,257.8314607
2012/13,46,725700,1,1,79338.96,59654,199,299.7688442
2012/13,46,725730,1,1,6899.04,5187,21,247
2012/13,46,735700,1,1,3449.52,2593,12,216.0833333
2012/13,46,735730,1,1,82788.48,62247,254,245.0669291
2012/13,48,725700,1,1,19983.37,14913,54,276.1666667
2012/13,48,725730,1,1,90833.5,67787,302,224.4602649
2012/13,48,735730,1,1,65400.12,48805,220,221.8409091
2012/13,48,735800,1,1,5450.01,4067,17,239.2352941
2012/13,50,725730,2,1,,,10,
2012/13,50,735730,2,1,189181,139103,361,385.3268698
2012/13,52,725630,2,2,205383,138915,340,408.5735294
2012/13,52,725700,1,1,121074,93133,282,330.2588652
2012/13,52,725730,1,1,68139,52414,116,451.8448276
2012/13,52,735630,1,1,763,587,13,45.15384615
2012/13,52,735700,1,1,607,468,2,234
2012/13,52,735730,2,2,224667.18,151856,483,314.4016563
2012/13,52,735800,1,1,70263.84,47157,170,277.3941176
2012/13,52,745800,1,1,8782.98,5895,21,280.7142857
2012/13,53,715600,1,1,462.2,351,7,50.14285714
2012/13,53,715630,3,4,706455.23,526695,1814,290.3500551
2012/13,53,715700,1,2,55281.17,39433,243,162.2757202
2012/13,53,725630,3,4,242598.13,173496,835,207.7796407
2012/13,53,725700,1,2,50460.27,35601,170,209.4176471
2013/14,1,715600,1,1,1739,1369,10,136.9
2013/14,1,715630,7,14,1393644.08,1049352,4611,227.575797
2013/14,1,715700,1,1,2205,1634,10,163.4
2013/14,1,725630,5,10,999418.42,750588,2780,269.9956835
2013/14,1,725700,3,3,67997.86,55310,334,165.5988024
2013/14,1,725730,1,1,14184.32,11168,85,131.3882353
2013/14,1,725800,1,1,1773.04,1396,12,116.3333333
2013/14,1,735700,2,3,108968.7,89129,350,254.6542857
2013/14,1,735730,2,3,81556.82,64798,450,143.9955556
2013/14,1,735800,2,5,201800.02,166443,1099,151.4494995
2013/14,1,735830,1,1,18277.1,15359,56,274.2678571
2013/14,1,745800,2,5,273652.46,225914,1142,197.8231173
2013/14,1,745830,2,2,142489.18,119232,594,200.7272727
2013/14,1,755830,1,1,1134,937,15,62.46666667
2013/14,2,675530,1,1,197,149,11,13.54545455
2013/14,2,675600,1,1,95,72,10,7.2
2013/14,2,675630,1,1,,,3,
2013/14,2,685600,1,1,3053,2313,23,100.5652174
2013/14,2,705600,2,2,14947,11238,62,181.2580645
2013/14,2,705630,1,1,1486,1084,6,180.6666667
2013/14,2,715600,1,1,3733,2807,12,233.9166667
2013/14,2,715630,6,13,1185112.2,912545,4196,217.4797426
2013/14,2,715700,3,4,107249,84451,425,198.7082353
2013/14,2,725630,6,12,1623506.8,1253689,4733,264.8825269
2013/14,2,725700,4,3,127316,107792,337,319.8575668
2013/14,2,725730,1,1,8851,7376,25,295.04
2013/14,2,725800,1,1,733,555,15,37
2013/14,2,735730,1,1,31057,23528,165,142.5939394
2013/14,2,735800,1,1,68023,51533,388,132.8170103
2013/14,2,735830,1,1,3976,3182,22,144.6363636
2013/14,2,735900,1,1,1218,974,26,37.46153846
2013/14,2,745800,1,1,17163,13003,80,162.5375
2013/14,2,745830,1,2,211035,164150,979,167.671093
2013/14,2,745900,1,1,772,618,16,38.625
2013/14,2,755800,1,1,,,14,
2013/14,2,755830,1,1,129850,91443,495,184.7333333
2013/14,3,705630,1,1,7757.82,5877,48,122.4375
2013/14,3,715630,8,12,1037080.16,792202,4115,192.5156744
2013/14,3,715700,3,2,34805.7,27266,151,180.5695364
2013/14,3,715730,1,1,3878.91,2939,16,183.6875
2013/14,3,725600,2,2,5629.92,4428,17,260.4705882
2013/14,3,725630,8,16,1542664.87,1183254,5699,207.6248465
2013/14,3,725700,8,11,533019.58,418656,2050,204.222439
2013/14,3,725730,1,2,18500.5,14267,103,138.5145631
2013/14,3,725800,1,2,19810,15314,120,127.6166667
2013/14,3,735630,2,2,2187.92,1690,7,241.4285714
2013/14,3,735700,5,6,533988.12,426756,2361,180.7522236
2013/14,3,735730,3,3,69084.72,55234,278,198.6834532
2013/14,3,735800,5,5,93069.5,73596,571,128.8896673
2013/14,3,735830,2,1,245,185,22,8.409090909
2013/14,3,745800,5,4,126651.38,100973,825,122.3915152
2013/14,3,745830,4,2,72613.9,58957,559,105.4686941
2013/14,3,765930,2,1,39,29,9,3.222222222
2013/14,3,775930,2,1,375965,284822,904,315.0685841
2013/14,4,705600,1,1,263,193,100,1.93
2013/14,4,705630,1,1,6001,4349,21,207.0952381
2013/14,4,715600,1,1,855,619,5,123.8
2013/14,4,715630,7,14,1586094.29,1184712,5554,213.3078862
2013/14,4,715700,4,5,216747.36,167780,767,218.7483703
2013/14,4,725630,9,17,841692.84,658657,3914,168.2823199
2013/14,4,725700,8,13,544425.13,426807,2122,201.1343073
2013/14,4,725730,5,7,187500.1,143895,537,267.9608939
2013/14,4,735630,4,4,180908.78,147780,780,189.4615385
2013/14,4,735700,5,6,542634.03,443085,2128,208.2166353
2013/14,4,735730,6,7,484179.98,384003,1942,197.7358393
2013/14,4,735800,3,3,35445.56,28464,144,197.6666667
2013/14,4,745800,1,1,6530,5309,31,171.2580645
2013/14,4,745830,1,1,8826.93,7235,140,51.67857143
2013/14,4,755830,1,1,6831,5553,71,78.21126761
2013/14,5,665530,2,2,1361,1053,30,35.1
2013/14,5,665600,2,2,4810.68,3595,123,29.22764228
2013/14,5,675530,2,2,758,574,5,114.8
2013/14,5,675600,6,8,102848.32,76689,588,130.4234694
2013/14,5,685530,1,2,26892,20032,170,117.8352941
2013/14,5,685600,6,12,826086.44,612251,3322,184.3019266
2013/14,5,685630,4,6,48924.56,36818,199,185.0150754
2013/14,5,715600,1,1,40333,29876,200,149.38
2013/14,5,715630,5,7,843870.34,610955,2983,204.8122695
2013/14,5,715700,5,6,468684.39,358364,1762,203.38479
2013/14,5,715730,1,1,201,152,12,12.66666667
2013/14,5,715800,1,1,124,100,1,100
2013/14,5,725630,3,5,37194.48,28762,247,116.4453441
2013/14,5,725700,7,12,1202684.67,935556,4777,195.8459284
2013/14,5,725730,5,5,539558.88,426513,2043,208.7679883
2013/14,5,735630,1,1,2823.96,2296,35,65.6
2013/14,5,735700,5,6,376048.12,306226,1872,163.582265
2013/14,5,735730,5,4,241886.16,202489,1005,201.481592
2013/14,5,735830,1,1,7840,6077,111,54.74774775
2013/14,5,745800,1,1,20811,16783,222,75.5990991
2013/14,5,745830,2,2,10958,8475,172,49.27325581
2013/14,5,745900,1,1,1098,851,24,35.45833333
2013/14,5,755830,1,1,210337,147089,813,180.9212792
2013/14,5,765900,1,1,2450,1899,87,21.82758621
2013/14,5,765930,1,1,4056,3144,41,76.68292683
2013/14,5,775900,1,1,,,12,
2013/14,5,775930,2,2,303525,228319,1004,227.4093625
2013/14,5,776000,1,1,4144,3213,63,51
2013/14,5,776030,1,1,2963,2297,36,63.80555556
2013/14,6,675500,1,2,12,8,17,0.470588235
2013/14,6,675530,2,3,11743,8783,97,90.54639175
2013/14,6,675600,5,9,294623.6,215361,1477,145.8097495
2013/14,6,675630,1,1,814,626,4,156.5
2013/14,6,685530,2,2,10844,7950,72,110.4166667
2013/14,6,685600,6,11,684303.4,506163,2934,172.5163599
2013/14,6,685630,3,3,29057,21901,119,184.0420168
2013/14,6,705630,2,2,66012.02,44420,588,75.54421769
2013/14,6,715600,1,2,9874.46,7427,37,200.7297297
2013/14,6,715630,6,9,847446.22,629878,4004,157.3121878
2013/14,6,715700,7,11,857481.97,664050,2867,231.6184165
2013/14,6,715730,3,3,10769.32,8412,39,215.6923077
2013/14,6,725630,5,5,90859.04,71877,524,137.1698473
2013/14,6,725700,7,12,1150972.96,905722,3965,228.429256
2013/14,6,725730,7,10,698442.78,574638,3045,188.7152709
2013/14,6,735700,6,4,134417.46,114282,814,140.3955774
2013/14,6,735730,6,6,454004.77,385185,1897,203.0495519
2013/14,7,665530,1,1,0,0,3,0
2013/14,7,665600,1,1,32,25,605,0.041322314
2013/14,7,675500,1,1,93,70,8,8.75
2013/14,7,675530,2,2,1556,1169,73,16.01369863
2013/14,7,675600,9,10,321933.24,247508,1837,134.7348938
2013/14,7,685530,1,1,444,341,2,170.5
2013/14,7,685600,8,12,537062.76,421875,2691,156.7725753
2013/14,7,685630,6,7,117368.8,94676,519,182.4200385
2013/14,7,705630,3,3,145190.72,103095,610,169.0081967
2013/14,7,715630,4,7,383644.32,277510,1775,156.343662
2013/14,7,715700,7,14,920876.69,676970,4365,155.0904926
2013/14,7,715730,5,4,42173.12,32701,356,91.85674157
2013/14,7,725600,1,1,0,0,13,0
2013/14,7,725630,2,3,66848,53448,539,99.16141002
2013/14,7,725700,7,16,983001.3,777353,5268,147.5613136
2013/14,7,725730,9,12,288821.85,231008,1542,149.8106355
2013/14,7,735700,5,4,54738.5,43887,376,116.7207447
2013/14,7,735730,7,6,752640.08,627998,4090,153.5447433
2013/14,7,735800,2,1,68923.62,55585,304,182.8453947
2013/14,8,675530,3,4,90755.66,70554,408,172.9264706
2013/14,8,675600,5,6,672773.4,519069,2579,201.2675456
2013/14,8,685530,2,1,5653.98,4009,30,133.6333333
2013/14,8,685600,7,8,360984.19,287036,1894,151.5501584
2013/14,8,685630,4,4,172091.45,135150,864,156.4236111
2013/14,8,705630,3,5,319931.5,233379,1363,171.2245048
2013/14,8,715600,1,1,305,219,6,36.5
2013/14,8,715630,7,9,508187.13,383169,2818,135.9719659
2013/14,8,715700,7,10,387397.97,286286,1980,144.5888889
2013/14,8,715730,1,1,26152.46,20117,150,134.1133333
2013/14,8,725630,1,1,9295.66,7946,81,98.09876543
2013/14,8,725700,7,10,802798.87,641043,4371,146.6582018
2013/14,8,725730,4,5,312276.6,243760,2016,120.9126984
2013/14,8,735700,2,2,174227.66,154741,904,171.1736726
2013/14,8,735730,3,3,149189.93,134449,770,174.6090909
2013/14,8,735800,1,1,127685.54,98220,450,218.2666667
2013/14,8,755830,2,1,286112,203191,1036,196.1303089
2013/14,8,755900,2,1,2,2,14,0.142857143
2013/14,8,765830,2,1,957,681,43,15.8372093
2013/14,8,765900,2,1,13,9,30,0.3
2013/14,9,665600,1,1,3538,2093,1030,2.032038835
2013/14,9,675530,1,2,37226,28476,192,148.3125
2013/14,9,675600,2,3,240362,194964,1135,171.7744493
2013/14,9,685600,2,2,30951.22,25269,199,126.9798995
2013/14,9,685630,2,2,66667,53201,266,200.0037594
2013/14,9,705600,4,1,3,3,9,0.333333333
2013/14,9,705630,4,2,113164.8,76584,723,105.9253112
2013/14,9,715600,2,1,,,3,
2013/14,9,715630,5,5,629656.2,463058,2569,180.2483457
2013/14,9,715700,2,4,154392,116421,882,131.9965986
2013/14,9,715730,1,1,11304,8312,102,81.49019608
2013/14,9,725700,3,5,507500.17,400937,2513,159.5451651
2013/14,9,725730,3,5,360836.61,291899,1483,196.8300742
2013/14,9,725800,2,2,1010,764,18,42.44444444
2013/14,9,735700,1,1,924,679,6,113.1666667
2013/14,9,735730,6,7,305575.39,253784,1801,140.9128262
2013/14,9,735800,4,5,689451.61,578189,2976,194.2839382
2013/14,10,665600,1,1,1171,908,635,1.42992126
2013/14,10,675530,1,1,20691,16822,108,155.7592593
2013/14,10,675600,4,5,565651,456206,2503,182.2636836
2013/14,10,685600,4,6,137677,112010,1079,103.8090825
2013/14,10,685630,1,1,8,6,10,0.6
2013/14,10,705630,2,2,63222.12,46726,232,201.4051724
2013/14,10,715630,5,6,348729.56,273946,1405,194.9793594
2013/14,10,715700,4,5,73521.19,58228,433,134.4757506
2013/14,10,715730,1,1,18201,14797,76,194.6973684
2013/14,10,725700,6,9,1059780.66,876268,5053,173.4153968
2013/14,10,725730,2,5,284160.47,220093,1465,150.2341297
2013/14,10,735700,2,2,147133,130062,754,172.4960212
2013/14,10,735730,2,2,58252,51392,241,213.2448133
2013/14,10,735800,2,2,140141,110993,825,134.5369697
2013/14,11,665600,1,1,9,7,798,0.00877193
2013/14,11,675600,2,2,100028,82668,1610,51.34658385
2013/14,11,685600,2,2,13548,11196,154,72.7012987
2013/14,11,715630,5,5,530213.14,408831,2028,201.5931953
2013/14,11,715700,1,1,1680,1217,8,152.125
2013/14,11,725700,2,2,54427.43,44237,295,149.9559322
2013/14,11,725730,2,2,340249.36,261104,1320,197.8060606
2013/14,11,735700,3,2,14766.07,11167,94,118.7978723
2013/14,11,735730,1,1,72512,61451,399,154.0125313
2013/14,11,735800,1,1,87855,74454,537,138.6480447
2013/14,11,755830,1,1,119694,84889,385,220.4909091
2013/14,12,675600,2,2,148182,122464,1705,71.82639296
2013/14,12,685600,2,2,6539,5403,688,7.853197674
2013/14,12,695600,1,1,17,13,633,0.020537125
2013/14,12,705630,1,1,3321,2536,25,101.44
2013/14,12,715630,4,6,750258.2,580645,3458,167.9135338
2013/14,12,715700,3,3,102388.8,81176,481,168.7650728
2013/14,12,725630,3,3,39447.4,32015,403,79.44168734
2013/14,12,725700,2,2,32744.6,26042,219,118.913242
2013/14,12,725730,3,3,204825,163590,1209,135.3101737
2013/14,12,735630,1,1,518,396,50,7.92
2013/14,12,735700,2,2,17670,13644,178,76.65168539
2013/14,12,735730,2,2,139071,116769,990,117.9484848
2013/14,12,735800,2,1,258692,212044,1032,205.4689922
2013/14,13,705630,2,1,11670,9117,73,124.890411
2013/14,13,715600,1,1,3127.12,2502,14,178.7142857
2013/14,13,715630,4,3,208702.12,165374,1234,134.0145867
2013/14,13,715700,1,1,178245.84,142596,671,212.5126677
2013/14,13,725700,1,1,50033.92,40026,191,209.5602094
2013/14,13,725730,2,2,143183,119071,886,134.3916479
2013/14,13,735730,1,1,48508,41109,359,114.5097493
2013/14,14,665600,1,1,4792,3833,183,20.94535519
2013/14,14,675530,1,1,,,49,
2013/14,14,675600,1,1,11290,9032,126,71.68253968
2013/14,14,685600,2,2,8999,6888,84,82
2013/14,14,685630,2,2,236608,188305,658,286.1778116
2013/14,14,715600,1,1,1672,1277,42,30.4047619
2013/14,14,715630,3,3,160653,126861,942,134.6719745
2013/14,14,715700,2,2,14453,11586,188,61.62765957
2013/14,14,715730,1,1,777,663,16,41.4375
2013/14,14,725700,2,2,20371,16545,239,69.22594142
2013/14,14,725730,2,2,34829,29004,249,116.4819277
2013/14,15,715630,1,1,31086.33,24477,398,61.5
2013/14,15,715700,3,3,213154.45,166685,1356,122.9240413
2013/14,15,715730,1,1,22181.88,17063,141,121.0141844
2013/14,15,725700,3,3,92715.34,74881,697,107.4332855
2013/14,16,685630,2,2,106984,81031,262,309.278626
2013/14,16,715600,1,1,963,747,12,62.25
2013/14,16,715700,1,1,8755,6787,140,48.47857143
2013/14,16,725700,1,1,37313,28925,398,72.6758794
2013/14,17,685630,1,1,41199,32959,240,137.3291667
2013/14,17,715700,2,2,60731,46041,381,120.8425197
2013/14,17,725700,1,1,3165,2532,107,23.6635514
2013/14,18,685600,1,1,28801,22501,75,300.0133333
2013/14,18,685630,1,1,90124,70409,317,222.1104101
2013/14,42,735800,1,1,5769,4438,41,108.2439024
2013/14,42,745800,1,1,49406,38004,231,164.5194805
2013/14,44,725700,1,1,16371,12891,60,214.85
2013/14,44,725730,1,1,12734,10026,40,250.65
2013/14,44,735730,1,1,23647,18620,150,124.1333333
2013/14,44,735800,1,1,7882,6206,20,310.3
2013/14,44,745800,2,1,53550.36,46348,203,228.3152709
2013/14,44,745830,2,1,73707.64,64184,203,316.1773399
2013/14,48,705630,1,1,1818.99,1399,83,16.85542169
2013/14,48,715630,1,1,87311.52,67163,293,229.225256
2013/14,48,715700,1,1,92768.49,71360,256,278.75
2013/14,49,715630,1,1,47157.36,35456,187,189.6042781
2013/14,49,725630,1,3,457506.76,349532,782,446.971867
2013/14,49,725700,1,1,206124,162303,620,261.7790323
2013/14,49,725730,1,1,930,732,3,244
2013/14,49,735700,1,1,329,260,2,130
2013/14,49,735730,1,1,186012,137787,458,300.8449782
2013/14,49,735830,1,1,3201,2603,40,65.075
2013/14,49,745800,1,1,35026,30457,114,267.1666667
2013/14,49,745830,1,4,373481.88,298549,1221,244.5118755
2013/14,49,755800,1,1,208,141,10,14.1
2013/14,49,755830,1,2,281974,192670,876,219.9429224
2013/14,50,715630,1,4,226205.53,167328,698,239.7249284
2013/14,50,715700,1,2,118825.46,87541,347,252.2795389
2013/14,50,725630,1,3,412055.3,311858,831,375.2803851
2013/14,50,725700,1,1,11097.71,7927,36,220.1944444
2013/14,50,725730,1,1,,,15,
2013/14,50,735730,1,3,543153,431894,1534,281.547588
2013/14,50,735800,1,2,48364.84,36640,163,224.7852761
2013/14,50,745800,1,1,91621.2,69411,335,207.1970149
2013/14,50,745830,1,2,53083.96,39973,229,174.5545852
2013/14,50,755830,1,1,170699,127387,640,199.0421875
2013/14,51,715630,1,3,228986.68,174930,554,315.7581227
2013/14,51,715700,1,2,71216,52674,183,287.8360656
2013/14,51,725630,1,4,612652.52,460596,1140,404.0315789
2013/14,51,725700,1,3,70542.8,53401,374,142.7834225
2013/14,51,725730,1,1,679,518,4,129.5
2013/14,51,735700,1,1,147100,112290,406,276.5763547
2013/14,51,735730,1,2,146589.48,109863,739,148.6644114
2013/14,51,735800,1,1,159594.52,120982,620,195.1322581
2013/14,51,745800,1,1,39173,29903,246,121.5569106
2013/14,52,715630,2,2,314667,228782,755,303.0225166
2013/14,52,715700,2,2,47104,33743,195,173.0410256
2013/14,52,725630,3,5,577158,449313,1185,379.1670886
2013/14,52,725700,2,2,24359,17657,95,185.8631579
2013/14,52,735630,1,1,737,554,22,25.18181818
2013/14,52,735700,1,1,2763,2077,20,103.85
2013/14,52,735730,1,1,79388,57947,246,235.5569106
2013/14,52,745830,2,2,141718.12,104619,499,209.6573146
2013/14,52,755830,1,1,140586.88,102266,487,209.9917864
2013/14,53,715630,3,3,349636.57,265739,899,295.5939933
2013/14,53,715700,2,2,63701,47380,234,202.4786325
2013/14,53,725600,2,1,3385,2333,11,212.0909091
2013/14,53,725630,3,3,186893.43,139719,513,272.3567251
2013/14,53,725700,2,3,146760,112896,369,305.9512195
2014/15,1,665530,1,1,1,1,95,0.010526316
2014/15,1,665600,1,1,13,10,1332,0.007507508
2014/15,1,675530,2,2,365100,290382,655,443.3312977
2014/15,1,675600,2,2,179530,142990,340,420.5588235
2014/15,1,675630,2,1,3830,3041,26,116.9615385
2014/15,1,685530,2,1,72709,57704,197,292.9137056
2014/15,1,685600,2,1,,,34,
2014/15,1,685630,2,1,8945,7099,34,208.7941176
2014/15,1,705600,1,1,122,98,39,2.512820513
2014/15,1,705630,1,1,306,244,70,3.485714286
2014/15,1,715630,4,4,183285.59,144934,948,152.8839662
2014/15,1,715700,3,4,190541.93,146065,994,146.9466801
2014/15,1,725630,3,3,208711.92,159914,1180,135.520339
2014/15,1,725700,4,6,583572.06,461272,2665,173.0851782
2014/15,1,725730,2,2,122336.6,99622,503,198.055666
2014/15,1,735700,1,1,1456.7,1095,6,182.5
2014/15,1,735730,1,1,109648.44,87719,230,381.3869565
2014/15,1,735800,1,1,186070.08,148856,520,286.2615385
2014/15,1,745800,1,1,3322.68,2658,32,83.0625
2014/15,2,675530,5,8,714580.43,581104,1834,316.8505998
2014/15,2,675600,5,7,381408.56,310835,1029,302.0748299
2014/15,2,675630,2,1,38748.88,31666,71,446
2014/15,2,685530,4,6,88130.13,72355,205,352.9512195
2014/15,2,685600,2,3,110454,88483,279,317.1433692
2014/15,2,685630,1,1,16288,12926,37,349.3513514
2014/15,2,715630,4,5,253527.88,194050,1691,114.7545831
2014/15,2,715700,6,9,266540.34,198468,1474,134.6458616
2014/15,2,725630,5,5,457490.9,351170,1412,248.703966
2014/15,2,725700,6,8,722667.28,575438,3524,163.2911464
2014/15,2,725730,1,1,47119.6,35164,136,258.5588235
2014/15,2,735630,1,1,116,91,86,1.058139535
2014/15,2,735730,1,1,185100,144610,503,287.4950298
2014/15,2,735800,1,1,170307.52,138462,521,265.7619962
2014/15,2,745800,1,1,27724.48,22540,122,184.7540984
2014/15,2,745830,2,1,214239,164799,970,169.8958763
2014/15,3,665530,1,1,6761.35,5284,31,170.4516129
2014/15,3,665600,1,1,7,6,97,0.06185567
2014/15,3,675530,5,8,462353.24,379589,1453,261.2450103
2014/15,3,675600,7,10,612616.1,501637,1985,252.7138539
2014/15,3,675630,1,1,10245,8757,37,236.6756757
2014/15,3,685530,6,8,753447.85,617838,1740,355.0793103
2014/15,3,685600,5,6,311301.98,253510,722,351.1218837
2014/15,3,685630,1,1,524,448,3,149.3333333
2014/15,3,705600,1,1,,,38,
2014/15,3,705630,1,1,,,7,
2014/15,3,715630,3,3,56223.56,40168,223,180.1255605
2014/15,3,715700,5,8,317278.42,250418,1963,127.569027
2014/15,3,715730,1,1,10040,7783,62,125.5322581
2014/15,3,725630,3,4,415911.88,316708,1709,185.3177297
2014/15,3,725700,6,12,740368.7,605540,3689,164.1474654
2014/15,3,725730,3,5,349424.26,284060,1673,169.790795
2014/15,3,735630,1,1,0,0,16,0
2014/15,3,735700,4,6,145800.5,114927,512,224.4667969
2014/15,3,735730,4,4,734728.16,580190,2194,264.443938
2014/15,3,735800,1,1,137643.1,114703,454,252.6497797
2014/15,3,735830,1,1,5898.99,4916,25,196.64
2014/15,3,745800,1,1,53090.91,44243,180,245.7944444
2014/15,4,665500,1,1,115,84,1,84
2014/15,4,665530,1,1,22032,16083,157,102.4394904
2014/15,4,665600,1,1,9376,6844,19,360.2105263
2014/15,4,675530,4,6,246145.57,201907,1112,181.5710432
2014/15,4,675600,9,21,1334501.02,1085323,4005,270.99201
2014/15,4,675630,2,2,17246,12590,650,19.36923077
2014/15,4,685530,7,11,783117.95,646076,2729,236.7445951
2014/15,4,685600,9,18,1668729.6,1379039,5305,259.9508011
2014/15,4,685630,3,3,86121,72449,848,85.43514151
2014/15,4,695600,1,1,0,0,17,0
2014/15,4,715630,3,5,170428.04,124881,1432,87.20740223
2014/15,4,715700,5,8,207252.4,168436,1313,128.2833206
2014/15,4,725630,2,2,147222.98,107244,678,158.1769912
2014/15,4,725700,7,11,501417.63,411031,2875,142.9673043
2014/15,4,725730,4,6,493183.16,404194,2149,188.0846906
2014/15,4,735700,3,3,134311.72,109907,664,165.5225904
2014/15,4,735730,4,4,279464.18,229686,1122,204.7112299
2014/15,4,735800,1,1,213638.75,175113,539,324.8849722
2014/15,5,675530,5,3,9710.96,8160,73,111.7808219
2014/15,5,675600,5,5,547784.69,456641,1565,291.7833866
2014/15,5,685500,1,1,,,16,
2014/15,5,685530,6,4,344193.49,293369,1341,218.7688292
2014/15,5,685600,7,9,921934.13,781941,2713,288.2200516
2014/15,5,685630,3,3,44559.66,37132,105,353.6380952
2014/15,5,715630,2,2,92759.81,68084,842,80.85985748
2014/15,5,715700,3,3,28262.44,23650,217,108.9861751
2014/15,5,725630,1,1,7459,5694,42,135.5714286
2014/15,5,725700,6,6,123469.32,102720,814,126.1916462
2014/15,5,725730,3,3,122681.47,98227,582,168.7749141
2014/15,5,735700,5,6,455437.65,365897,2025,180.6898765
2014/15,5,735730,5,8,669891.48,544567,2367,230.0663287
2014/15,5,735800,1,1,43054.1,35582,284,125.2887324
2014/15,5,745800,1,1,8400.8,6943,30,231.4333333
2014/15,6,665530,1,1,15053,12544,33,380.1212121
2014/15,6,665600,2,2,7147.94,5928,42,141.1428571
2014/15,6,675530,5,5,118792.22,97221,699,139.0858369
2014/15,6,675600,11,17,1948582.63,1606485,7370,217.9762551
2014/15,6,675630,5,3,118633.56,100325,1355,74.04059041
2014/15,6,675700,3,2,593,464,104,4.461538462
2014/15,6,685530,5,6,83405.84,68774,342,201.0935673
2014/15,6,685600,9,16,1338432.33,1128006,4664,241.8537736
2014/15,6,685630,5,9,496967.16,420355,1911,219.9659864
2014/15,6,705630,1,1,,,27,
2014/15,6,715630,3,3,64068.72,46255,271,170.6826568
2014/15,6,715700,1,1,7648.3,5502,30,183.4
2014/15,6,725630,4,4,230930.18,178497,1402,127.3159772
2014/15,6,725700,3,4,51302.82,41489,348,119.2212644
2014/15,6,725730,3,4,179755.5,143211,744,192.4879032
2014/15,6,725800,1,1,1440,1199,35,34.25714286
2014/15,6,735700,4,4,147063,108719,1135,95.7876652
2014/15,6,735730,5,8,915713.67,747751,3544,210.9906885
2014/15,6,735800,5,4,147745.15,120417,540,222.9944444
2014/15,6,735830,3,1,1928.98,1543,6,257.1666667
2014/15,7,665600,3,3,26158.5,20706,147,140.8571429
2014/15,7,675530,5,7,219828.1,183939,1489,123.5319006
2014/15,7,675600,9,19,1386552.65,1124133,6687,168.107223
2014/15,7,675630,5,8,225551.2,183332,1709,107.2744295
2014/15,7,685530,3,6,223976,185668,1012,183.4664032
2014/15,7,685600,10,19,773936.1,642736,3686,174.3722192
2014/15,7,685630,10,16,1283745.45,1049748,4238,247.6989146
2014/15,7,715630,2,1,50727.95,37857,417,90.78417266
2014/15,7,725630,3,2,17227.05,14092,221,63.76470588
2014/15,7,725700,2,1,39025.71,31220,246,126.9105691
2014/15,7,725730,2,1,4591.26,3673,33,111.3030303
2014/15,7,735700,4,3,48011.85,38958,366,106.442623
2014/15,7,735730,4,3,28234.34,23322,181,128.8508287
2014/15,7,735800,2,1,14336.84,11849,57,207.877193
2014/15,8,665530,2,2,238327.32,170123,604,281.660596
2014/15,8,665600,5,5,127086.84,95791,305,314.0688525
2014/15,8,675500,2,2,2448,1736,49,35.42857143
2014/15,8,675530,3,4,201113.86,163864,814,201.3071253
2014/15,8,675600,6,9,383638.16,303219,1820,166.6038462
2014/15,8,675630,6,10,149836.74,125342,1252,100.1134185
2014/15,8,675700,1,1,8,6,786,0.007633588
2014/15,8,685530,2,1,31399.72,27543,140,196.7357143
2014/15,8,685600,8,15,505484.77,420002,2159,194.5354331
2014/15,8,685630,8,21,2765775.79,2299940,9370,245.4578442
2014/15,8,715630,3,3,245496.65,194912,803,242.7297634
2014/15,8,715700,1,1,205978.5,168835,583,289.5969125
2014/15,8,725600,1,1,3726.36,2934,45,65.2
2014/15,8,725630,2,2,155183.58,122115,646,189.0325077
2014/15,8,725700,3,4,134219.04,106844,803,133.0560399
2014/15,8,725730,2,3,25942.4,21131,123,171.796748
2014/15,8,735700,4,4,105103.56,83689,693,120.7633478
2014/15,8,735730,3,5,186114.84,146937,807,182.0780669
2014/15,8,735800,2,2,72732.87,53638,530,101.2037736
2014/15,9,665530,7,10,961163.4,723887,2950,245.3854237
2014/15,9,665600,6,7,236558.51,180342,756,238.547619
2014/15,9,665630,1,1,4,3,19,0.157894737
2014/15,9,675500,3,2,267,206,38,5.421052632
2014/15,9,675530,6,12,312841.6,262401,1582,165.8666245
2014/15,9,675600,8,14,875701.49,701160,3544,197.8442438
2014/15,9,675630,1,1,,,44,
2014/15,9,685530,3,5,163789.52,134555,852,157.9284038
2014/15,9,685600,5,9,395973.9,333995,1132,295.0485866
2014/15,9,685630,7,12,959989.62,795068,3105,256.0605475
2014/15,9,695600,1,1,109,93,3,31
2014/15,9,715600,1,1,,,10,
2014/15,9,715630,6,6,421725.15,326654,2096,155.846374
2014/15,9,715700,3,2,269036.61,216965,749,289.6728972
2014/15,9,725630,4,3,10287.96,8215,88,93.35227273
2014/15,9,725700,3,2,9774.88,7730,58,133.2758621
2014/15,9,735630,1,1,2802,2296,31,74.06451613
2014/15,9,735700,3,3,36992.28,30029,181,165.9060773
2014/15,9,735730,2,2,29102.88,22961,148,155.1418919
2014/15,9,735800,2,2,386235.2,314352,1620,194.0444444
2014/15,10,665530,5,6,373187.66,282654,1402,201.6077033
2014/15,10,665600,6,6,91039.76,71304,354,201.4237288
2014/15,10,675530,6,7,86368.01,71262,662,107.6465257
2014/15,10,675600,6,5,487555.74,392950,2146,183.1081081
2014/15,10,675630,1,1,72238,60705,221,274.6832579
2014/15,10,685530,3,3,59011.68,50579,416,121.5841346
2014/15,10,685600,7,9,457030.77,380551,1590,239.3402516
2014/15,10,685630,8,12,743119.89,620409,2983,207.9815622
2014/15,10,705630,1,1,,,2,
2014/15,10,715630,3,5,511265.36,401145,2741,146.3498723
2014/15,10,715700,1,1,47257.14,37806,346,109.265896
2014/15,10,725700,1,1,17881.08,14305,96,149.0104167
2014/15,10,735730,1,1,4114.17,2780,17,163.5294118
2014/15,10,735800,1,1,61712.55,41698,141,295.7304965
2014/15,10,735830,1,1,28799.19,19459,57,341.3859649
2014/15,11,665530,4,4,268140.5,209617,1422,147.4099859
2014/15,11,665600,2,2,8948,6865,51,134.6078431
2014/15,11,675530,3,7,40638.66,33620,318,105.7232704
2014/15,11,675600,6,8,478585.7,401198,2427,165.3061393
2014/15,11,675630,2,2,7087.67,6077,46,132.1086957
2014/15,11,685530,3,5,65394.67,56945,415,137.2168675
2014/15,11,685600,7,12,737686.44,642391,4335,148.1870819
2014/15,11,685630,5,7,224775.26,193298,1428,135.3627451
2014/15,11,715600,1,1,43446,31033,143,217.013986
2014/15,11,715630,3,3,95709,75417,533,141.4953096
2014/15,11,715700,2,3,395931.5,318902,2378,134.1051304
2014/15,11,725700,2,2,67630.8,54906,279,196.7956989
2014/15,11,725730,1,1,12862.15,11693,120,97.44166667
2014/15,11,735730,1,1,55123.5,50112,302,165.9337748
2014/15,11,735800,1,1,12862.15,11693,75,155.9066667
2014/15,12,665530,3,3,182283.62,141769,718,197.4498607
2014/15,12,665600,1,1,1561,1174,62,18.93548387
2014/15,12,675600,4,6,335915.08,296829,1925,154.1968831
2014/15,12,675630,2,2,119636.85,96502,784,123.0892857
2014/15,12,685600,5,5,576457.6,492992,3228,152.7236679
2014/15,12,685630,4,4,82515.85,66684,515,129.4834951
2014/15,12,715630,4,6,498602.64,396459,2208,179.5557065
2014/15,12,715700,2,3,126549.02,101669,705,144.2113475
2014/15,12,725630,2,3,41510,31220,231,135.1515152
2014/15,12,725700,3,3,181892,142068,986,144.0851927
2014/15,12,725730,2,3,44900.3,36659,216,169.7175926
2014/15,12,735700,1,1,6089,4832,51,94.74509804
2014/15,12,735730,3,3,76034.3,61366,442,138.8371041
2014/15,12,735800,1,1,39478.58,32626,105,310.7238095
2014/15,12,735830,1,1,27011.66,22324,86,259.5813953
2014/15,12,745800,1,1,24933.84,20607,80,257.5875
2014/15,12,745830,1,1,27011.66,22324,77,289.9220779
2014/15,12,785930,1,1,29626,23512,182,129.1868132
2014/15,12,786000,1,1,96408,76515,429,178.3566434
2014/15,13,665500,1,1,2709.86,2117,25,84.68
2014/15,13,665530,2,2,32178.86,27521,361,76.23545706
2014/15,13,665600,1,1,7268,6266,148,42.33783784
2014/15,13,675530,2,3,38394.92,32959,483,68.23809524
2014/15,13,675600,6,7,454786.07,403609,4233,95.34821639
2014/15,13,675630,2,2,8874.58,6992,68,102.8235294
2014/15,13,685530,3,2,49039.04,41725,376,110.9707447
2014/15,13,685600,8,10,144109.53,124591,1325,94.0309434
2014/15,13,685630,3,3,37810.62,31242,208,150.2019231
2014/15,13,705600,1,1,0,0,6,0
2014/15,13,705630,1,1,278,240,8,30
2014/15,13,715630,3,4,80253.12,65710,529,124.2155009
2014/15,13,715700,2,2,121678,94635,470,201.3510638
2014/15,13,725630,1,1,15843.45,13370,90,148.5555556
2014/15,13,725700,3,4,134656.53,109900,870,126.3218391
2014/15,13,725730,1,1,149381.1,126060,827,152.4304716
2014/15,13,735830,2,2,59767.81,47149,336,140.3244048
2014/15,13,745800,2,2,3405.86,2669,38,70.23684211
2014/15,13,745830,2,2,73293.65,58087,446,130.2399103
2014/15,13,755830,1,1,40512,32152,336,95.69047619
2014/15,13,755900,1,1,143,114,20,5.7
2014/15,13,765830,1,1,124,100,20,5
2014/15,13,765900,1,1,0,0,3,0
2014/15,14,665530,2,2,23459,19161,239,80.17154812
2014/15,14,665600,1,1,133,117,8,14.625
2014/15,14,675530,1,1,470,416,45,9.244444444
2014/15,14,675600,4,4,52413.7,45136,943,47.86426299
2014/15,14,675630,2,2,53839,44747,325,137.6830769
2014/15,14,685600,4,4,44845.4,39067,850,45.96117647
2014/15,14,685630,2,2,141914,119005,738,161.2533875
2014/15,14,715630,5,5,203427.12,168920,1221,138.3456183
2014/15,14,715700,4,4,25979.17,20646,251,82.25498008
2014/15,14,725630,1,1,16607.92,12582,220,57.19090909
2014/15,14,725700,3,3,61404.79,47640,543,87.73480663
2014/15,14,725730,2,3,150428.35,115202,640,180.003125
2014/15,14,735700,1,1,0,0,27,0
2014/15,14,735730,2,2,81339,67223,333,201.8708709
2014/15,14,735800,2,2,139226,119561,693,172.5266955
2014/15,14,735830,1,1,85252,69311,463,149.699784
2014/15,14,745800,1,1,2278,1851,10,185.1
2014/15,14,745830,1,1,47641.55,38113,220,173.2409091
2014/15,15,665530,1,1,37180,26747,237,112.8565401
2014/15,15,665600,1,2,46704,33635,297,113.2491582
2014/15,15,665630,3,2,13724.2,11102,143,77.63636364
2014/15,15,675600,4,5,137855.9,118762,962,123.4532225
2014/15,15,675630,4,4,140657.42,121133,713,169.8920056
2014/15,15,685600,3,3,11817.92,9611,77,124.8181818
2014/15,15,685630,6,7,340299.2,291508,1799,162.0389105
2014/15,15,715630,1,1,2267.72,2043,113,18.07964602
2014/15,15,725630,1,1,60,52,28,1.857142857
2014/15,15,725700,4,3,23626.8,19654,308,63.81168831
2014/15,15,725730,1,2,52016.15,40473,369,109.6829268
2014/15,15,735600,1,1,9656.65,7980,46,173.4782609
2014/15,15,735700,2,2,2388,2112,84,25.14285714
2014/15,15,735730,1,1,44517.5,33726,336,100.375
2014/15,15,735800,3,3,30816.42,26097,421,61.98812352
2014/15,15,735830,3,3,225504.65,185278,1167,158.764353
2014/15,15,745730,1,1,890.35,675,19,35.52631579
2014/15,15,745800,2,1,6234.6,5100,63,80.95238095
2014/15,15,745830,2,2,21255.03,17488,116,150.7586207
2014/15,15,775930,1,1,1604,1314,25,52.56
2014/15,15,776000,1,1,17401,14264,212,67.28301887
2014/15,15,785930,1,1,48,40,2,20
2014/15,15,786000,1,1,69761,57181,386,148.1373057
2014/15,15,786030,1,1,122914,100743,649,155.2280431
2014/15,16,665500,1,1,3040,2321,98,23.68367347
2014/15,16,665530,1,1,760,580,19,30.52631579
2014/15,16,665600,1,1,13758.8,12036,40,300.9
2014/15,16,675530,2,1,54753.75,45251,278,162.7733813
2014/15,16,675600,3,2,96363.4,82448,333,247.5915916
2014/15,16,675630,4,3,95835.25,79532,449,177.1314031
2014/15,16,685530,1,1,158776.8,132229,464,284.9762931
2014/15,16,685600,1,1,646,493,56,8.803571429
2014/15,16,685630,3,3,180438,151736,727,208.7152682
2014/15,16,715600,1,1,8,7,2,3.5
2014/15,16,715630,2,3,183641.3,148075,1311,112.9481312
2014/15,16,725700,1,1,3157.78,2430,169,14.37869822
2014/15,16,725730,3,3,87772.04,67489,585,115.365812
2014/15,16,735700,1,1,4763,3636,33,110.1818182
2014/15,16,735730,2,2,24778.8,19058,155,122.9548387
2014/15,16,735800,1,1,24472.8,18825,190,99.07894737
2014/15,16,735830,2,2,24542.8,18884,178,106.0898876
2014/15,16,755830,1,1,10003,8406,190,44.24210526
2014/15,16,755900,1,1,3,3,4,0.75
2014/15,16,765830,1,1,6,5,18,0.277777778
2014/15,16,765900,1,1,8,7,14,0.5
2014/15,16,775930,1,1,38,33,20,1.65
2014/15,16,776000,1,1,127,106,8,13.25
2014/15,16,785930,1,1,0,0,7,0
2014/15,16,786000,1,1,335,282,7,40.28571429
2014/15,17,665530,1,1,12006,9453,72,131.2916667
2014/15,17,665600,1,1,14507.25,11423,89,128.3483146
2014/15,17,675600,2,2,92317.38,73268,404,181.3564356
2014/15,17,675630,3,3,164867.01,132350,618,214.1585761
2014/15,17,685600,2,2,17402,13735,83,165.4819277
2014/15,17,685630,4,5,648156.64,549048,1732,317.0023095
2014/15,17,725630,1,1,0,0,39,0
2014/15,17,725700,3,2,25766.88,21692,287,75.58188153
2014/15,17,725730,1,1,36476.44,27221,520,52.34807692
2014/15,17,735700,1,1,947.44,707,25,28.28
2014/15,17,735730,1,1,8053.24,6010,175,34.34285714
2014/15,17,735800,1,1,473.72,354,20,17.7
2014/15,18,665530,2,1,10989.2,9515,58,164.0517241
2014/15,18,665600,2,1,14285.96,12369,71,174.2112676
2014/15,18,675530,1,1,6258.88,5690,20,284.5
2014/15,18,675600,3,2,3436.98,3021,28,107.8928571
2014/15,18,675630,4,4,54644.56,47006,198,237.4040404
2014/15,18,685600,3,2,4606.01,4054,18,225.2222222
2014/15,18,685630,5,9,1023940.41,877585,3871,226.7075691
2014/15,18,715700,1,1,59155.95,45505,301,151.179402
2014/15,18,725700,1,1,845.09,650,20,32.5
2014/15,18,725730,1,1,12676.28,9751,93,104.8494624
2014/15,18,735830,1,1,10141.02,7801,205,38.05365854
2014/15,18,745830,1,1,1690.17,1300,68,19.11764706
2014/15,19,675600,1,1,3280.2,2603,46,56.58695652
2014/15,19,675630,1,1,67244.1,53369,518,103.0289575
2014/15,19,685600,2,2,46295.64,37056,311,119.1511254
2014/15,19,685630,3,5,556557.06,452933,2477,182.8554703
2014/15,19,715700,1,1,84139,66251,246,269.3130081
2014/15,20,685600,1,2,21752.28,17982,76,236.6052632
2014/15,20,685630,1,3,194793.18,167139,1236,135.2257282
2014/15,20,715700,1,1,119795.6,89400,234,382.0512821
2014/15,20,725700,1,1,9865.52,7362,27,272.6666667
2014/15,20,735700,1,1,31558.31,28953,242,119.6404959
2014/15,20,735730,2,2,34689.11,29895,357,83.7394958
2014/15,20,735830,1,1,40304,34155,287,119.0069686
2014/15,20,745830,1,1,34282,29053,176,165.0738636
2014/15,21,735730,2,2,63006,49708,295,168.5016949
2014/15,21,735830,1,3,311861,254989,1370,186.1233577
2014/15,21,745700,1,1,315,258,7,36.85714286
2014/15,21,745730,1,1,1342,1100,31,35.48387097
2014/15,21,745830,1,1,7700,6313,76,83.06578947
2014/15,44,705630,1,1,278,205,14,14.64285714
2014/15,44,715630,1,1,3612,2676,61,43.86885246
2014/15,44,725630,1,1,23897,17702,123,143.9186992
2014/15,45,725630,1,2,165197,127701,826,154.6016949
2014/15,46,725630,1,1,59396,46043,258,178.4612403
2014/15,47,725730,1,1,27843.2,20778,184,112.923913
2014/15,47,735800,1,1,33538.4,25029,226,110.7477876
2014/15,47,745800,1,1,1898.4,1416,11,128.7272727
2014/15,48,725730,1,1,155365,116816,446,261.9192825
2014/15,49,665530,1,1,4552,3528,114,30.94736842
2014/15,49,665600,1,1,5162,4002,68,58.85294118
2014/15,49,665630,1,1,231,179,6,29.83333333
2014/15,49,675600,2,2,139199.88,107869,358,301.3100559
2014/15,49,675630,1,1,2017.88,1529,17,89.94117647
2014/15,49,685600,1,1,32286.08,24460,179,136.6480447
2014/15,49,685630,1,1,10089.4,7644,77,99.27272727
2014/15,49,715600,1,2,15002.8,11205,48,233.4375
2014/15,49,715630,2,6,163557.13,123779,846,146.3108747
2014/15,49,715700,2,4,69289.13,51525,272,189.4301471
2014/15,49,725600,1,1,2017.88,1529,5,305.8
2014/15,49,725630,2,5,430149.87,328234,1185,276.9907173
2014/15,49,725700,2,6,712097.53,547383,1994,274.5150451
2014/15,49,725730,2,4,779230.42,603203,2030,297.144335
2014/15,49,735730,1,1,9056,6708,32,209.625
2014/15,50,715630,1,1,20347,16277,127,128.1653543
2014/15,50,715700,3,3,99236.14,78297,314,249.3535032
2014/15,50,715730,1,1,1415,1114,5,222.8
2014/15,50,715800,1,1,521,410,2,205
2014/15,50,725630,3,4,436140.06,336576,1106,304.318264
2014/15,50,725700,3,5,596072.53,471003,1776,265.2043919
2014/15,50,725730,4,5,231183.27,186784,837,223.1589008
2014/15,51,665600,1,1,,,15,
2014/15,51,675530,2,3,26214.33,20604,70,294.3428571
2014/15,51,675600,3,3,511136.67,399611,1213,329.4402308
2014/15,51,715700,2,2,141430.68,112700,350,322
2014/15,51,715730,1,1,2933.46,2385,11,216.8181818
2014/15,51,725630,1,1,5949.12,4612,29,159.0344828
2014/15,51,725700,4,6,973065.97,782920,2746,285.1128915
2014/15,51,725730,4,5,158469.15,125646,516,243.5
2014/15,51,735700,2,2,31278.06,24403,88,277.3068182
2014/15,51,735730,2,2,196882.56,150569,432,348.5393519
2014/15,52,675530,1,1,5921,4775,24,198.9583333
2014/15,52,675600,1,2,290296,231655,702,329.9928775
2014/15,52,675630,1,1,6173,4899,14,349.9285714
2014/15,52,675700,1,1,3969,3150,9,350
2014/15,52,715630,4,4,121737.18,92761,346,268.0953757
2014/15,52,715700,3,2,134697.24,105232,446,235.9461883
2014/15,52,725630,4,4,451037.19,341848,1421,240.5686137
2014/15,52,725700,4,4,227921.09,178334,908,196.4030837
2014/15,52,725730,1,1,117582.3,94826,452,209.7920354
2014/15,52,735730,1,1,218434,164236,608,270.125
2014/15,52,735830,1,1,2166,1692,11,153.8181818
2014/15,52,745830,1,1,3545,2770,111,24.95495495
2014/15,53,675530,2,2,139484.42,110036,292,376.8356164
2014/15,53,675600,2,2,325513.28,257246,785,327.7019108
2014/15,53,675630,1,1,31351.3,24686,52,474.7307692
2014/15,53,715630,3,3,45216.07,35358,207,170.8115942
2014/15,53,715700,2,2,112665.26,84797,352,240.9005682
2014/15,53,725630,3,4,486717.45,374857,1642,228.2929354
2014/15,53,725700,3,3,100847.22,77720,390,199.2820513
2014/15,53,725730,1,1,32088,25467,117,217.6666667
2014/15,53,735730,1,2,366418,281815,904,311.7422566
2014/15,53,735800,1,1,1337,1061,18,58.94444444
2015/16,1,665600,1,1,7664.4,5323,22,241.9545455
2015/16,1,675500,1,1,7664.4,5322,26,204.6923077
2015/16,1,675530,1,1,1916.1,1331,35,38.02857143
2015/16,1,675600,3,3,318514.4,219096,1436,152.5738162
2015/16,1,675630,1,1,3881.55,2571,25,102.84
2015/16,1,685530,1,1,1916.1,1331,7,190.1428571
2015/16,1,685600,1,1,30276.09,20051,201,99.75621891
2015/16,1,685630,1,1,12420.96,8226,58,141.8275862
2015/16,2,645530,1,1,2,1,53,0.018867925
2015/16,2,655530,1,1,6,5,179,0.027932961
2015/16,2,665530,2,2,221661.48,136138,651,209.1213518
2015/16,2,665600,2,2,15126.47,8994,115,78.20869565
2015/16,2,665630,1,1,6939.8,4658,30,155.2666667
2015/16,2,675530,2,3,73316.25,49508,319,155.1974922
2015/16,2,675600,2,5,518826.85,365649,2026,180.4782823
2015/16,2,675630,4,5,413871.83,272968,1588,171.8942065
2015/16,2,685530,1,1,12142.48,9486,140,67.75714286
2015/16,2,685600,3,4,67483.99,48158,459,104.91939
2015/16,2,685630,3,2,68099.89,44820,299,149.8996656
2015/16,2,715630,1,1,5376.1,4199,58,72.39655172
2015/16,2,715700,2,2,97876.56,76031,751,101.2396804
2015/16,2,725700,3,5,226792.3,176627,981,180.0479103
2015/16,2,725730,4,6,380766.06,307177,1638,187.531746
2015/16,2,735700,1,1,3469.28,2711,40,67.775
2015/16,2,735730,5,8,1270267.55,947264,3493,271.1892356
2015/16,2,735800,3,1,2038.11,1492,16,93.25
2015/16,3,645501,1,1,1.6,1,76,0.013157895
2015/16,3,645600,1,1,16.4,13,345,0.037681159
2015/16,3,655600,1,1,22,17,700,0.024285714
2015/16,3,665530,4,4,621561.07,401610,2114,189.9763482
2015/16,3,665600,2,2,100797.63,66923,277,241.599278
2015/16,3,665630,1,1,2430.8,1528,17,89.88235294
2015/16,3,675600,3,2,126646.9,84652,380,222.7684211
2015/16,3,675630,3,2,89302.73,60354,206,292.9805825
2015/16,3,685600,2,1,113709.12,79518,630,126.2190476
2015/16,3,685630,2,1,60882.75,40861,190,215.0578947
2015/16,3,715600,2,1,,,40,
2015/16,3,715630,3,2,48429.65,35860,364,98.51648352
2015/16,3,715700,1,1,62237.07,49789,301,165.4119601
2015/16,3,725630,3,2,182746.35,137986,576,239.5590278
2015/16,3,725700,2,4,201044.47,157028,645,243.4542636
2015/16,3,725730,2,3,85345.71,63284,512,123.6015625
2015/16,3,735700,3,3,85999.6,64189,264,243.1401515
2015/16,3,735730,4,8,1040289.43,808324,3379,239.2198875
2015/16,3,735800,3,3,108249.42,81216,276,294.2608696
2015/16,3,735830,1,1,2754.99,2136,27,79.11111111
2015/16,3,745800,1,1,1762.7,1388,18,77.11111111
2015/16,3,745830,2,2,261822.61,205072,1841,111.391635
2015/16,4,665430,1,1,2087,1281,12,106.75
2015/16,4,665530,4,4,394089.05,247124,1047,236.0305635
2015/16,4,665600,4,6,416090.97,265273,1576,168.3204315
2015/16,4,665630,3,3,24714.78,15349,130,118.0692308
2015/16,4,675530,2,4,47445.7,31250,157,199.044586
2015/16,4,675600,5,8,252175.87,160856,1233,130.459043
2015/16,4,675630,4,5,326238.39,199186,1291,154.2881487
2015/16,4,685600,2,1,4048.74,3115,65,47.92307692
2015/16,4,685630,2,2,6738.57,4376,44,99.45454545
2015/16,4,715630,1,1,1667.92,1303,4,325.75
2015/16,4,715700,4,3,45230.38,35335,748,47.23930481
2015/16,4,725630,1,1,40030.08,31274,111,281.7477477
2015/16,4,725700,5,7,557177.2,437200,2365,184.8625793
2015/16,4,725730,2,2,126577.72,100069,735,136.1482993
2015/16,4,725800,2,1,347,277,18,15.38888889
2015/16,4,735700,3,3,91354.51,72022,638,112.8871473
2015/16,4,735730,6,9,719952.84,551306,2542,216.8788356
2015/16,4,735800,6,5,686866.82,528651,2026,260.9333662
2015/16,4,745800,5,4,290679.46,229689,763,301.034076
2015/16,4,745830,2,2,262346,216190,1079,200.3614458
2015/16,5,665500,2,2,5646.41,3790,56,67.67857143
2015/16,5,665530,3,6,738861.71,470596,2580,182.4015504
2015/16,5,665600,5,5,314928.98,194592,1319,147.5299469
2015/16,5,675530,1,1,77195.2,50455,310,162.7580645
2015/16,5,675600,2,2,13043.96,8227,161,51.09937888
2015/16,5,675630,1,1,8554.74,5281,37,142.7297297
2015/16,5,685600,2,2,136732.4,99085,1067,92.86316776
2015/16,5,685630,1,1,249.6,191,319,0.598746082
2015/16,5,715630,2,2,13703.69,10573,80,132.1625
2015/16,5,715700,3,3,117715.48,94922,1255,75.63505976
2015/16,5,715730,1,1,3.12,2,589,0.003395586
2015/16,5,725630,5,6,175851.65,135034,1411,95.70092133
2015/16,5,725700,6,9,725119.56,570712,3399,167.9058547
2015/16,5,725730,4,4,53729,42153,372,113.3145161
2015/16,5,725800,2,1,556,440,18,24.44444444
2015/16,5,735700,6,6,286155.88,226600,1233,183.7793998
2015/16,5,735730,6,10,562380.68,439533,2791,157.4822644
2015/16,5,735800,6,9,823561.45,657492,3044,215.9960578
2015/16,5,735830,2,2,19341.48,15453,184,83.98369565
2015/16,5,745800,5,6,625972.67,490764,1912,256.6757322
2015/16,5,745830,5,6,109716.34,85790,389,220.5398458
2015/16,6,645600,1,1,1.28,1,699,0.001430615
2015/16,6,655600,1,1,0.72,1,453,0.002207506
2015/16,6,665500,2,2,184663.42,118848,559,212.608229
2015/16,6,665530,6,6,676356.78,452405,2882,156.9760583
2015/16,6,665600,6,5,471709.73,295101,2298,128.4164491
2015/16,6,675500,2,2,8058.84,5520,51,108.2352941
2015/16,6,675530,5,4,88961.65,58157,355,163.8225352
2015/16,6,675600,6,6,200651.58,129803,800,162.25375
2015/16,6,685600,2,3,141899.6,98052,756,129.6984127
2015/16,6,685630,3,3,325104,226194,1298,174.2634823
2015/16,6,715630,2,2,163606.22,118228,766,154.3446475
2015/16,6,715700,3,4,149540.93,116931,672,174.0044643
2015/16,6,715730,2,1,31,22,12,1.833333333
2015/16,6,715800,2,1,0,0,14,0
2015/16,6,715830,2,1,7,5,9,0.555555556
2015/16,6,725600,2,1,2546.66,2006,10,200.6
2015/16,6,725630,3,2,32716.35,25739,206,124.9466019
2015/16,6,725700,3,4,245249.24,191035,1289,148.2040341
2015/16,6,725830,2,1,197,133,17,7.823529412
2015/16,6,735700,1,1,25190,18522,168,110.25
2015/16,6,735730,4,3,36355.88,28462,145,196.2896552
2015/16,6,735800,6,7,470106.43,362990,2011,180.5022377
2015/16,6,735830,2,3,147014.32,114939,616,186.5892857
2015/16,6,745800,6,7,162840.9,117284,658,178.2431611
2015/16,6,745830,4,4,249601.47,194718,1340,145.3119403
2015/16,6,745930,1,1,245167,206023,1390,148.2179856
2015/16,7,635600,1,1,0,0,36,0
2015/16,7,635630,2,2,2,2,1019,0.001962709
2015/16,7,645530,2,2,46,35,816,0.042892157
2015/16,7,645600,2,2,57,45,871,0.051664753
2015/16,7,645630,1,1,0,0,614,0
2015/16,7,655600,1,1,5,5,178,0.028089888
2015/16,7,665500,1,1,745.04,477,19,25.10526316
2015/16,7,665530,4,5,240611.64,151981,932,163.0697425
2015/16,7,665600,3,5,185121.32,113873,648,175.7299383
2015/16,7,665630,1,1,29015,18719,85,220.2235294
2015/16,7,675530,1,1,18526,12188,52,234.3846154
2015/16,7,675600,1,1,131371.24,94510,940,100.5425532
2015/16,7,675630,4,4,28112.23,19722,141,139.8723404
2015/16,7,675700,1,1,194.6,115,288,0.399305556
2015/16,7,685600,3,3,151304.88,123607,1273,97.09897879
2015/16,7,685630,7,7,703409.65,516631,2409,214.4586966
2015/16,7,715630,4,5,185350.68,141570,894,158.3557047
2015/16,7,715700,5,7,270864.32,212643,1220,174.297541
2015/16,7,725630,5,5,206665.47,157333,1179,133.4461408
2015/16,7,725700,6,8,315085.7,246340,1907,129.1767174
2015/16,7,725730,3,3,227281.6,178315,1341,132.9716629
2015/16,7,735700,1,1,37939.23,28103,253,111.0790514
2015/16,7,735730,2,2,162091.12,131718,993,132.6465257
2015/16,7,735800,3,3,70983.88,55459,359,154.4818942
2015/16,7,735830,5,5,105605.08,85361,506,168.6976285
2015/16,7,745800,4,5,53381.36,42836,251,170.6613546
2015/16,7,745830,5,5,237552.96,187508,950,197.3768421
2015/16,7,745900,1,1,2862,2446,28,87.35714286
2015/16,7,755830,1,1,21,18,8,2.25
2015/16,7,755900,1,1,80428,68742,264,260.3863636
2015/16,7,755930,1,1,2468,2108,7,301.1428571
2015/16,8,635600,1,1,16,12,852,0.014084507
2015/16,8,645600,1,1,1.46,1,190,0.005263158
2015/16,8,655600,1,1,0.54,1,59,0.016949153
2015/16,8,665600,4,3,257385.29,163199,507,321.8915187
2015/16,8,675600,4,4,282676.86,190801,1127,169.2999113
2015/16,8,675630,4,4,389841.29,242138,1737,139.4001151
2015/16,8,685600,1,1,1822.6,1215,31,39.19354839
2015/16,8,685630,4,4,160095.96,101033,697,144.954089
2015/16,8,715630,3,2,177020.9,138298,990,139.6949495
2015/16,8,715700,3,4,212558.76,168002,1347,124.7230883
2015/16,8,715730,1,1,5.44,4,264,0.015151515
2015/16,8,725630,4,4,142925.22,108856,659,165.1836115
2015/16,8,725700,3,3,73275.94,58399,552,105.7952899
2015/16,8,725730,2,2,254137,205294,1314,156.2359209
2015/16,8,735730,1,1,43464.94,32195,232,138.7715517
2015/16,8,735800,4,2,91463.13,72390,617,117.3257699
2015/16,8,745800,4,2,46791.67,37026,394,93.97461929
2015/16,8,745830,1,2,30853,23959,266,90.07142857
2015/16,8,745900,2,2,5438,4651,72,64.59722222
2015/16,8,745930,1,1,2612,1980,26,76.15384615
2015/16,8,755900,2,2,369572,300030,1520,197.3881579
2015/16,8,755930,2,2,24570,19777,104,190.1634615
2015/16,9,665430,1,1,21,13,2,6.5
2015/16,9,665500,3,3,8129.58,5261,432,12.17824074
2015/16,9,665530,6,6,114167.97,74745,942,79.34713376
2015/16,9,665600,5,6,180551.49,129012,2121,60.82602546
2015/16,9,665630,1,1,0.5,1,406,0.002463054
2015/16,9,675500,1,1,13408.5,9787,75,130.4933333
2015/16,9,675530,4,4,53310.54,36876,268,137.5970149
2015/16,9,675600,5,7,677208.17,484320,2982,162.4144869
2015/16,9,675630,5,5,376988.2,246337,1800,136.8538889
2015/16,9,685600,2,1,43277,31136,111,280.5045045
2015/16,9,685630,4,4,123547.68,88460,432,204.7685185
2015/16,9,715600,1,1,,,29,
2015/16,9,715630,3,3,57915.99,42754,540,79.17407407
2015/16,9,715700,3,5,316489.93,259308,1181,219.5664691
2015/16,9,725630,5,5,84584.49,64521,631,102.251981
2015/16,9,725700,5,8,211296.95,163706,1092,149.9139194
2015/16,9,725730,1,1,184295,146266,757,193.2179657
2015/16,9,735730,1,2,119143.36,92974,677,137.3323486
2015/16,9,735800,1,2,355894.74,269671,1571,171.6556334
2015/16,9,745800,1,1,9797.91,7204,45,160.0888889
2015/16,9,745830,1,2,182693,144727,984,147.0802846
2015/16,9,745900,1,1,,,9,
2015/16,9,755830,1,1,83804,66511,684,97.23830409
2015/16,9,755900,1,1,42846,36936,132,279.8181818
2015/16,9,755930,1,1,16493,14218,50,284.36
2015/16,9,765830,1,1,3,2,2,1
2015/16,10,665530,5,4,406233.68,276929,1708,162.1364169
2015/16,10,665600,4,4,144077.8,90783,788,115.2068528
2015/16,10,675530,3,2,25792.04,19240,193,99.68911917
2015/16,10,675600,5,6,98050.95,68348,585,116.834188
2015/16,10,675630,4,6,524939.7,351619,2773,126.8009376
2015/16,10,685600,2,3,71552.73,47175,303,155.6930693
2015/16,10,685630,2,3,131013.82,88550,799,110.8260325
2015/16,10,715630,1,1,10781.12,9059,95,95.35789474
2015/16,10,715700,1,1,67382,56625,251,225.5976096
2015/16,10,725630,2,2,59589.6,45207,375,120.552
2015/16,10,725700,1,1,39081.56,32842,126,260.6507937
2015/16,10,745830,1,1,1081.08,892,82,10.87804878
2015/16,10,745900,1,1,7012,5993,320,18.728125
2015/16,10,755830,2,2,127616.32,103003,978,105.3200409
2015/16,10,755900,2,2,170840.8,143421,965,148.6227979
2015/16,10,755930,2,2,93898.8,79951,534,149.7209738
2015/16,11,665530,3,2,39230.3,27228,159,171.245283
2015/16,11,665600,3,2,4245.49,2894,32,90.4375
2015/16,11,665630,1,1,4977.81,3297,100,32.97
2015/16,11,675500,1,1,2475.48,1719,10,171.9
2015/16,11,675530,3,3,166922.07,111223,724,153.6229282
2015/16,11,675600,7,9,640381.22,434958,2544,170.9740566
2015/16,11,675630,7,8,532115.09,368009,2466,149.2331711
2015/16,11,685600,3,3,10072.14,7120,51,139.6078431
2015/16,11,685630,6,6,542161.4,400695,1819,220.2831226
2015/16,11,715700,1,2,89652.09,68824,304,226.3947368
2015/16,11,725700,4,4,368252.51,301990,1159,260.5608283
2015/16,11,725730,2,1,2645,2176,7,310.8571429
2015/16,11,745900,1,1,238,210,5,42
2015/16,11,755830,1,1,64184.4,50144,288,174.1111111
2015/16,11,755900,1,1,15314,13552,68,199.2941176
2015/16,11,755930,1,1,178035,157554,703,224.116643
2015/16,12,665530,3,2,49350.64,33440,195,171.4871795
2015/16,12,665600,2,2,168045.72,114318,494,231.4129555
2015/16,12,675500,2,1,5818,4511,23,196.1304348
2015/16,12,675530,3,2,101101.41,71863,432,166.349537
2015/16,12,675600,5,5,205121.72,148260,723,205.0622407
2015/16,12,675630,3,3,84729.31,58241,434,134.1958525
2015/16,12,675700,1,1,67.94,53,1255,0.042231076
2015/16,12,685530,2,1,243129,188473,602,313.0780731
2015/16,12,685600,3,2,16155,12146,77,157.7402597
2015/16,12,685630,4,4,314597.4,236602,1486,159.2207268
2015/16,12,685700,1,1,0.86,0,14,0
2015/16,12,715700,1,1,5.46,4,116,0.034482759
2015/16,12,715730,1,1,1.54,1,25,0.04
2015/16,12,725700,1,1,63188,48606,223,217.9641256
2015/16,12,725730,3,2,155792.13,125991,588,214.2704082
2015/16,12,735730,2,1,17906.14,13735,123,111.6666667
2015/16,12,735800,3,2,87783.73,63143,362,174.4281768
2015/16,13,665530,2,1,30293.5,20196,143,141.2307692
2015/16,13,665600,4,5,132691.63,84978,1341,63.36912752
2015/16,13,675530,2,1,2113.5,1409,21,67.0952381
2015/16,13,675600,6,6,451644.37,299809,2649,113.1781804
2015/16,13,675630,5,4,133372.3,87868,920,95.50869565
2015/16,13,685630,4,4,240147.95,184945,690,268.0362319
2015/16,13,715700,1,1,33405.75,26099,84,310.702381
2015/16,13,725700,1,1,45324.48,38411,115,334.0086957
2015/16,13,725730,1,1,3411.52,2891,16,180.6875
2015/16,14,675500,2,1,348,250,20,12.5
2015/16,14,675530,2,1,103363,74362,374,198.828877
2015/16,14,675600,2,2,174603.96,125614,1096,114.6113139
2015/16,14,675630,3,3,10192.88,7360,828,8.888888889
2015/16,14,685530,2,1,221640,159454,586,272.105802
2015/16,14,685600,2,2,35641.92,25642,217,118.1658986
2015/16,14,685630,3,3,207856.2,156351,794,196.9156171
2015/16,14,686500,1,1,3317.04,2386,16,149.125
2015/16,15,665530,1,1,573,376,5,75.2
2015/16,15,665600,2,2,82899.07,53106,456,116.4605263
2015/16,15,675530,1,1,8228,5413,127,42.62204724
2015/16,15,675600,3,3,200176.93,133358,1168,114.1763699
2015/16,15,675630,1,1,60533,39825,623,63.92455859
2015/16,15,685600,1,1,6445,4240,83,51.08433735
2015/16,15,685630,2,2,179225,120426,1361,88.48346804
2015/16,15,735800,1,1,6233,5068,149,34.01342282
2015/16,15,735830,1,1,129,105,22,4.772727273
2015/16,15,745800,1,1,3316,2696,82,32.87804878
2015/16,15,745830,1,1,28,23,2,11.5
2015/16,16,665600,1,1,91102.55,57660,464,124.2672414
2015/16,16,675530,1,2,117893.16,80965,1922,42.12539022
2015/16,16,675600,3,4,248548.5,168689,1410,119.6375887
2015/16,16,675630,3,2,2172,1510,74,20.40540541
2015/16,16,685530,1,2,37591.92,25848,141,183.3191489
2015/16,16,685600,3,2,33316,23457,230,101.9869565
2015/16,16,685630,2,3,114778.87,78492,909,86.34983498
2015/16,16,735730,1,1,9884,8036,213,37.72769953
2015/16,16,735800,1,1,69072,56156,716,78.4301676
2015/16,16,735830,1,1,188,153,9,17
2015/16,16,745800,1,1,1538,1251,61,20.50819672
2015/16,16,745830,1,1,188,153,9,17
2015/16,17,685600,1,1,3989.48,2642,70,37.74285714
2015/16,17,685630,1,1,195484.52,129460,1184,109.3412162
2015/16,17,725730,1,1,91842,70229,651,107.8786482
2015/16,17,735730,1,1,22693,17456,396,44.08080808
2015/16,17,735800,1,1,14,11,7,1.571428571
2015/16,17,735830,1,1,651,501,119,4.210084034
2015/16,17,745830,1,1,20,15,20,0.75
2015/16,18,665600,1,1,104966.19,72544,483,150.194617
2015/16,18,675530,1,1,11662.91,8060,55,146.5454545
2015/16,18,675600,1,2,61073.22,42090,167,252.0359281
2015/16,18,685600,1,1,6796.68,4623,59,78.3559322
2015/16,18,685630,1,1,94506,62586,696,89.92241379
2015/16,18,725730,1,1,54300,41450,238,174.1596639
2015/16,19,685600,1,1,938.07,652,11,59.27272727
2015/16,19,685630,1,2,127931.93,85274,893,95.49160134
2015/16,19,725730,1,1,136532,96831,204,474.6617647
2015/16,20,665600,1,1,18368.71,12329,65,189.6769231
2015/16,20,675600,1,1,2270.29,1523,6,253.8333333
2015/16,20,685630,1,1,29419,18273,232,78.76293103
2015/16,42,615630,1,1,,,285,
2015/16,42,615700,1,1,,,78,
2015/16,42,635600,1,2,2,2,676,0.00295858
2015/16,43,635530,1,1,0.24,0,44,0
2015/16,43,635600,1,1,11.76,9,838,0.010739857
2015/16,44,635530,1,1,0,0,143,0
2015/16,44,635600,1,1,0,0,541,0
2015/16,44,635630,1,1,0,0,12,0
2015/16,44,645530,1,1,0,0,313,0
2015/16,44,645600,1,1,2,2,490,0.004081633
2015/16,44,655600,1,1,0,0,61,0
2015/16,44,665600,1,1,65,51,330,0.154545455
2015/16,44,665630,1,1,8,6,45,0.133333333
2015/16,44,725630,1,1,40520.52,27944,200,139.72
2015/16,44,725700,1,1,24762.54,17078,125,136.624
2015/16,44,735730,1,1,9754.94,6728,50,134.56
2015/16,45,635530,2,2,0,0,140,0
2015/16,45,635600,1,1,0,0,59,0
2015/16,45,645501,1,1,0,0,12,0
2015/16,45,645530,2,2,1,1,548,0.001824818
2015/16,45,645600,1,1,0,0,479,0
2015/16,45,645630,1,1,0,0,30,0
2015/16,45,655500,1,1,5,4,498,0.008032129
2015/16,45,655530,1,1,4,3,251,0.011952191
2015/16,45,655600,2,2,0,0,56,0
2015/16,45,655630,1,1,0,0,10,0
2015/16,45,665600,2,2,421,327,425,0.769411765
2015/16,45,665630,1,1,2,2,80,0.025
2015/16,45,665730,1,1,0,0,30,0
2015/16,45,675600,1,1,0,0,10,0
2015/16,45,675630,1,1,0,0,34,0
2015/16,45,675700,1,1,0,0,19,0
2015/16,45,675730,1,1,1,1,192,0.005208333
2015/16,45,685630,2,2,11568,8967,390,22.99230769
2015/16,45,705630,1,1,,,9,
2015/16,45,715630,1,1,,,33,
2015/16,45,715700,1,1,1,1,251,0.003984064
2015/16,45,735730,1,1,204698,159922,525,304.6133333
2015/16,46,635530,1,1,10,7,90,0.077777778
2015/16,46,635600,1,1,10,8,64,0.125
2015/16,46,645501,1,1,9,7,45,0.155555556
2015/16,46,645530,2,2,164.22,126,901,0.139844617
2015/16,46,655500,2,2,157.18,123,749,0.164218959
2015/16,46,655530,3,3,41.6,34,376,0.090425532
2015/16,46,685630,1,1,1886.5,1209,749,1.614152203
2015/16,46,715700,1,1,563.5,361,194,1.860824742
2015/16,47,645530,2,3,11.24,10,539,0.018552876
2015/16,47,645600,2,3,22.76,17,1209,0.014061208
2015/16,47,655530,1,2,11,8,471,0.016985138
2015/16,47,655600,1,2,31,24,1681,0.014277216
2015/16,47,735730,1,1,162317,122968,475,258.88
2015/16,48,635600,2,2,0.76,1,181,0.005524862
2015/16,48,645600,2,2,20.24,16,1252,0.012779553
2015/16,48,735730,1,1,203641,150104,750,200.1386667
2015/16,49,645501,1,1,4,3,170,0.017647059
2015/16,49,645530,1,2,2,2,446,0.004484305
2015/16,49,645600,2,2,3.02,3,427,0.007025761
2015/16,49,655500,1,1,9,7,687,0.010189229
2015/16,49,655530,2,2,19.79,15,1341,0.011185682
2015/16,49,655600,1,1,1.19,1,85,0.011764706
2015/16,49,665600,1,1,1637.35,935,220,4.25
2015/16,49,665630,1,1,881.65,504,141,3.574468085
2015/16,51,665600,1,1,250,194,356,0.54494382
2015/16,51,665630,1,1,2,2,14,0.142857143
2015/16,51,675530,1,1,2,1,13,0.076923077
2015/16,51,675630,1,1,594,427,166,2.572289157
2015/16,51,675700,1,1,2,2,20,0.1
2015/16,51,685530,1,1,1,1,3,0.333333333
2015/16,51,685600,1,1,4615,3320,790,4.202531646
2015/16,51,685630,1,1,2382,1714,506,3.387351779
2015/16,51,695600,1,1,27,20,29,0.689655172
2015/16,52,665600,1,1,11563,7761,122,63.6147541
2015/16,52,665630,1,1,568,381,3,127
2015/16,52,675600,1,1,282517,189609,732,259.0286885
2015/16,52,675630,1,1,59789,40126,156,257.2179487
2016/17,1,665530,1,1,224952,134701,569,236.7328647
2016/17,1,665600,2,2,87023.82,56155,343,163.7172012
2016/17,1,675500,1,1,2321,1389,13,106.8461538
2016/17,1,675530,1,1,4899.33,3828,58,66
2016/17,1,675600,4,4,73215.8,49083,400,122.7075
2016/17,1,675630,2,2,11847.86,8112,147,55.18367347
2016/17,1,685500,1,1,1269,760,8,95
2016/17,1,685530,1,1,3266.22,2552,49,52.08163265
2016/17,1,685600,2,2,4786.11,3164,78,40.56410256
2016/17,1,715630,3,3,12885.62,10424,201,51.86069652
2016/17,1,715700,1,1,8744.9,7168,82,87.41463415
2016/17,1,725630,3,3,47020.55,37092,572,64.84615385
2016/17,1,725700,6,5,53584.35,42995,412,104.3567961
2016/17,1,725730,6,5,132534.72,107380,687,156.3027656
2016/17,1,735700,1,1,2471,1843,7,263.2857143
2016/17,1,735730,6,7,616405.17,484402,2186,221.5928637
2016/17,1,735800,5,6,391689.18,301617,952,316.8245798
2016/17,1,735830,3,2,3372.32,2643,29,91.13793103
2016/17,1,745800,5,5,628774.37,493024,1350,365.202963
2016/17,1,745830,4,3,5194.16,4057,32,126.78125
2016/17,1,775930,1,1,6985.52,5471,46,118.9347826
2016/17,2,665600,1,2,10646.89,6688,43,155.5348837
2016/17,2,675530,1,1,5954.36,3653,50,73.06
2016/17,2,675600,1,2,287988.98,184333,1234,149.3784441
2016/17,2,685600,1,1,4465.77,2740,15,182.6666667
2016/17,2,685630,1,1,50188,36633,215,170.3860465
2016/17,2,715630,1,2,21619.04,16701,315,53.01904762
2016/17,2,715700,2,4,25729.97,20796,264,78.77272727
2016/17,2,725630,1,1,4162.76,3227,30,107.5666667
2016/17,2,725700,2,4,261472.23,205507,1418,144.9273625
2016/17,2,725730,4,3,458753.2,369849,1777,208.1311199
2016/17,2,735700,2,1,9364,7551,26,290.4230769
2016/17,2,735730,9,9,602705.02,491624,2538,193.7052797
2016/17,2,735800,7,8,428464.14,344816,1653,208.600121
2016/17,2,735830,3,3,3984,3192,52,61.38461538
2016/17,2,735900,1,1,23,19,7,2.714285714
2016/17,2,745700,2,1,3229,2605,10,260.5
2016/17,2,745800,6,5,410363.64,329337,1310,251.4022901
2016/17,2,745830,3,2,49580,41110,181,227.1270718
2016/17,3,665530,1,1,1073.65,752,16,47
2016/17,3,665600,1,1,4294.6,3003,17,176.6470588
2016/17,3,675530,1,1,,,12,
2016/17,3,675600,2,3,234604.85,158139,1339,118.1023152
2016/17,3,685600,2,2,2147.3,1501,26,57.73076923
2016/17,3,685630,2,2,104565.6,83867,560,149.7625
2016/17,3,725630,2,1,124673.25,98167,444,221.0968468
2016/17,3,725700,4,5,452101.05,365132,2216,164.7707581
2016/17,3,725730,4,5,124285.03,99023,657,150.7199391
2016/17,3,725800,2,1,,,10,
2016/17,3,735630,1,1,8482.14,7069,25,282.76
2016/17,3,735700,3,2,8018.47,6429,35,183.6857143
2016/17,3,735730,5,7,184408.4,149868,1131,132.5092838
2016/17,3,735800,7,10,641105.92,529193,3402,155.5534979
2016/17,3,735830,4,4,60,46,185,0.248648649
2016/17,3,745800,7,8,444999.94,359422,1996,180.0711423
2016/17,3,745830,4,4,320763.8,251297,921,272.8523344
2016/17,3,745900,1,1,4414,3589,21,170.9047619
2016/17,3,745930,1,1,548,446,29,15.37931034
2016/17,3,755930,1,1,14153,11506,102,112.8039216
2016/17,3,756000,1,1,133,107,58,1.844827586
2016/17,3,765930,2,1,8993,6470,36,179.7222222
2016/17,3,766000,1,1,,,8,
2016/17,3,775930,2,1,114280,82216,394,208.6700508
2016/17,3,776000,2,1,15944,11469,38,301.8157895
2016/17,4,665530,5,4,320185.55,198725,1082,183.6645102
2016/17,4,665600,3,3,19085.85,12157,147,82.70068027
2016/17,4,665630,2,1,102,66,6,11
2016/17,4,675530,3,3,96406.65,63350,485,130.6185567
2016/17,4,675600,3,3,206346.95,135877,1220,111.3745902
2016/17,4,715700,1,1,8907,7424,38,195.3684211
2016/17,4,725700,5,6,388451.49,319384,1741,183.4485928
2016/17,4,725730,2,3,104371.32,85787,534,160.6498127
2016/17,4,735700,2,2,52768.9,40916,415,98.59277108
2016/17,4,735730,3,4,67964.9,56325,618,91.1407767
2016/17,4,735800,4,7,288986.34,241920,1632,148.2352941
2016/17,4,735830,3,3,4026.04,3390,211,16.06635071
2016/17,4,745700,1,1,744,621,16,38.8125
2016/17,4,745800,3,5,123390.85,99283,878,113.0785877
2016/17,4,745830,3,3,252770.16,205767,822,250.3248175
2016/17,4,775900,2,1,609,458,2,229
2016/17,4,775930,2,1,65506,49251,167,294.9161677
2016/17,5,655530,2,1,,,2,
2016/17,5,665500,1,1,3618,2247,25,89.88
2016/17,5,665530,7,9,523597,322321,3014,106.9412741
2016/17,5,665600,5,5,318933.44,190993,1698,112.4811543
2016/17,5,675530,7,6,19038.82,12645,281,45
2016/17,5,675600,8,8,428539.74,310127,2326,133.3306105
2016/17,5,675630,2,2,12041.32,9044,133,68
2016/17,5,685600,6,7,231846.35,168261,1271,132.3847364
2016/17,5,685630,4,4,106358.61,80265,646,124.249226
2016/17,5,705600,2,1,0,0,112,0
2016/17,5,705630,2,1,0,0,5,0
2016/17,5,715630,3,2,11303.73,8970,99,90.60606061
2016/17,5,715700,3,2,17518.78,13953,91,153.3296703
2016/17,5,725630,1,1,12610.11,10008,106,94.41509434
2016/17,5,725700,7,16,609006.49,493585,4252,116.0830198
2016/17,5,725730,8,14,356782.38,283288,2616,108.2905199
2016/17,5,725800,3,1,205,155,50,3.1
2016/17,5,725830,1,1,2011.14,1636,47,34.80851064
2016/17,5,735630,2,1,0,0,3,0
2016/17,5,735700,5,7,66214.3,52652,702,75.002849
2016/17,5,735730,7,7,132947.77,106942,1041,102.7300672
2016/17,5,735800,6,8,97805.43,78207,1016,76.9753937
2016/17,5,735830,2,2,5211.52,3616,167,21.65269461
2016/17,5,745730,2,1,61,38,9,4.222222222
2016/17,5,745800,6,7,48821.39,37418,534,70.07116105
2016/17,5,745830,2,1,2744.68,1961,26,75.42307692
2016/17,5,755830,1,1,40861,30723,382,80.42670157
2016/17,5,765930,3,1,989,744,29,25.65517241
2016/17,5,775930,3,1,2226,1674,31,54
2016/17,5,785930,3,1,195263,146812,391,375.4782609
2016/17,6,665530,2,3,158398.42,97975,893,109.7144457
2016/17,6,665600,2,2,96151.98,60115,651,92.34254992
2016/17,6,675530,3,2,32255.98,22981,312,73.65705128
2016/17,6,675600,3,3,187017.71,136141,1207,112.7928749
2016/17,6,675630,1,1,1979.54,1293,24,53.875
2016/17,6,685600,4,2,130549.98,90523,957,94.59038662
2016/17,6,685630,3,1,57940.39,44137,272,162.2683824
2016/17,6,715700,4,4,169992.7,140960,828,170.2415459
2016/17,6,715730,2,1,2464,2053,21,97.76190476
2016/17,6,725700,6,10,248139.23,200243,1704,117.5134977
2016/17,6,725730,6,8,88395.82,71527,731,97.84815321
2016/17,6,735700,5,7,92159.05,73101,840,87.025
2016/17,6,735730,4,5,196748.2,162896,1494,109.0334672
2016/17,6,735800,2,1,3854.84,3352,24,139.6666667
2016/17,6,745800,2,1,37252.12,32393,138,234.7318841
2016/17,6,745830,4,3,111393.04,93904,573,163.8813264
2016/17,6,745900,2,2,1360,1096,51,21.49019608
2016/17,6,755830,2,2,201649,151952,1347,112.8077209
2016/17,6,755900,2,2,129967,104808,416,251.9423077
2016/17,6,755930,1,1,57527,46393,208,223.0432692
2016/17,7,665500,1,1,3110,1908,8,238.5
2016/17,7,665530,4,3,151524.72,94078,653,144.0704441
2016/17,7,665600,4,3,30141.57,18889,223,84.70403587
2016/17,7,665630,1,1,3844,2358,25,94.32
2016/17,7,675600,6,6,164952.91,118471,1210,97.90991736
2016/17,7,675630,4,3,63895.85,44813,462,96.9978355
2016/17,7,685600,6,5,134369.49,93361,716,130.3924581
2016/17,7,685630,6,5,236839.66,163706,1867,87.683985
2016/17,7,715630,2,2,5143.47,4053,21,193
2016/17,7,715700,8,6,111224.21,91502,766,119.4543081
2016/17,7,715730,4,2,3730.84,3028,19,159.3684211
2016/17,7,725600,2,2,2181,1718,13,132.1538462
2016/17,7,725630,1,2,145102,114280,740,154.4324324
2016/17,7,725700,8,9,403335.24,336167,3088,108.8623705
2016/17,7,725730,7,6,93795.66,80193,755,106.215894
2016/17,7,735700,4,3,27779.66,20525,223,92.04035874
2016/17,7,735730,4,3,29690.72,24546,227,108.1321586
2016/17,7,735830,1,1,,,20,
2016/17,7,745830,4,4,463948.13,368906,2568,143.6549844
2016/17,7,745900,1,1,,,1,
2016/17,7,755830,1,1,71223.87,53551,581,92.17039587
2016/17,7,755900,1,1,109888.36,90073,486,185.3353909
2016/17,7,755930,1,1,40643.64,33314,268,124.3059701
2016/17,7,785930,1,2,398666,304553,825,369.1551515
2016/17,7,795930,1,1,,,20,
2016/17,8,665500,1,1,1779.28,1280,10,128
2016/17,8,665530,4,3,100757.76,64538,499,129.3346693
2016/17,8,665600,5,5,267370.78,179403,1612,111.2921836
2016/17,8,665630,3,1,1643,1095,7,156.4285714
2016/17,8,665700,3,1,1606,1072,13,82.46153846
2016/17,8,675530,5,2,84066.12,56419,540,104.4796296
2016/17,8,675600,6,5,274530.63,199221,2164,92.06146026
2016/17,8,675630,1,1,1779.28,1280,20,64
2016/17,8,685600,3,2,54534.29,35605,369,96.49051491
2016/17,8,685630,4,4,242210.86,168696,1505,112.0903654
2016/17,8,715600,2,1,,,2,
2016/17,8,715630,4,4,98141.27,81417,798,102.0263158
2016/17,8,715700,4,4,360483.64,296886,2384,124.5327181
2016/17,8,715730,2,1,1876.18,1551,25,62.04
2016/17,8,725630,3,3,64062.05,54596,338,161.5266272
2016/17,8,725700,5,6,233693.86,196614,1523,129.09652
2016/17,8,725730,1,1,4996,4235,40,105.875
2016/17,8,735700,1,1,,,8,
2016/17,8,745830,1,1,34567,26387,494,53.41497976
2016/17,8,745900,1,1,4968,3974,42,94.61904762
2016/17,8,745930,1,1,126,101,3,33.66666667
2016/17,8,755830,1,1,151,115,2,57.5
2016/17,8,755900,1,1,46727,37382,260,143.7769231
2016/17,8,755930,1,1,2896,2317,12,193.0833333
2016/17,8,775930,1,1,253,203,46,4.413043478
2016/17,8,785930,1,1,5732,4585,13,352.6923077
2016/17,9,665530,3,2,17515.6,11121,89,124.9550562
2016/17,9,665600,3,2,51092.8,32487,721,45.05825243
2016/17,9,665630,2,1,831,525,7,75
2016/17,9,675530,4,4,43502.8,29570,237,124.7679325
2016/17,9,675600,5,6,198723.34,139857,1728,80.93576389
2016/17,9,675630,3,3,108865.01,80466,655,122.848855
2016/17,9,685600,1,1,7711.36,5842,39,149.7948718
2016/17,9,685630,3,3,134370.09,100626,855,117.6912281
2016/17,10,685600,1,1,33949,24780,120,206.5
2016/17,10,715630,6,5,263455.36,210395,1402,150.0677603
2016/17,10,715700,3,2,13582.04,11280,139,81.15107914
2016/17,10,725600,2,1,1422,1228,6,204.6666667
2016/17,10,725630,4,2,110338.8,94630,574,164.8606272
2016/17,10,725700,4,2,17651.8,14670,116,126.4655172
2016/17,10,725730,2,1,1077,929,5,185.8
2016/17,11,665530,2,2,41621.35,26890,157,171.2738854
2016/17,11,665600,2,1,68,47,10,4.7
2016/17,11,675530,2,2,25687.82,16534,206,80.26213592
2016/17,11,675600,3,3,176914.29,116311,1039,111.9451396
2016/17,11,675630,3,3,73591.27,47955,520,92.22115385
2016/17,11,685600,1,1,4749.42,3084,36,85.66666667
2016/17,11,685630,3,4,200875.85,139502,1074,129.8901304
2016/17,11,715700,2,1,25835.49,21530,285,75.54385965
2016/17,11,725630,2,1,261225.51,217688,1333,163.3068267
2016/17,12,685630,1,1,29337,20807,172,120.9709302
2016/17,13,675600,1,1,2454.55,1573,33,47.66666667
2016/17,13,675630,1,1,1893.51,1214,13,93.38461538
2016/17,13,685630,1,1,2664.94,1709,19,89.94736842
2016/17,14,675530,1,1,31896.04,21697,405,53.57283951
2016/17,14,675630,1,1,7974.01,5425,67,80.97014925
2016/17,14,685530,1,1,12323.47,8384,102,82.19607843
2016/17,14,685600,1,1,1449.82,986,70,14.08571429
2016/17,14,685630,1,1,18847.66,12822,255,50.28235294
2016/17,16,675600,1,1,2104.14,1384,31,44.64516129
2016/17,16,675630,1,1,18235.88,11998,101,118.7920792
2016/17,16,685630,1,1,14728.98,9690,169,57.33727811
2016/17,42,635600,1,1,5,4,397,0.010075567
2017/18,1,715700,1,1,3405.39,2838,41,69.2195122
2017/18,1,725700,4,3,118451.7,98851,555,178.1099099
2017/18,1,725730,5,3,211483.91,183540,1022,179.5890411
2017/18,1,735730,7,5,156465.56,127110,969,131.1764706
2017/18,1,735800,7,6,902023.64,711656,3581,198.7310807
2017/18,1,735830,7,6,102081.88,80432,414,194.2801932
2017/18,1,735900,1,1,200,153,13,11.76923077
2017/18,1,745800,7,6,133997.76,107402,557,192.8222621
2017/18,1,745830,5,4,515590.16,401511,1254,320.1842105
2017/18,1,745900,1,1,335,255,14,18.21428571
2017/18,1,745930,2,1,1142,900,45,20
2017/18,1,746000,1,1,6,5,2,2.5
2017/18,1,755930,2,1,1359,1070,21,50.95238095
2017/18,1,756000,2,1,39,32,8,4
2017/18,1,765900,3,1,0,0,84,0
2017/18,1,765930,4,2,324,256,6,42.66666667
2017/18,1,766030,2,1,26,21,5,4.2
2017/18,1,776000,3,1,0,0,13,0
2017/18,1,776030,5,2,68,54,74,0.72972973
2017/18,1,785930,1,1,0,0,55,0
2017/18,1,786030,5,2,237,187,28,6.678571429
2017/18,2,655500,3,2,1419,1028,104,9.884615385
2017/18,2,655530,3,2,1942,1407,96,14.65625
2017/18,2,665430,1,1,0,0,3,0
2017/18,2,665500,3,2,365,265,17,15.58823529
2017/18,2,665530,5,3,14020,10362,290,35.73103448
2017/18,2,665600,2,1,1015,735,19,38.68421053
2017/18,2,665630,2,1,196,142,3,47.33333333
2017/18,2,675530,5,3,32151,25331,406,62.39162562
2017/18,2,675600,5,3,175882,143804,1629,88.27747084
2017/18,2,685530,1,1,3476,2896,72,40.22222222
2017/18,2,685600,4,3,17431.24,12793,159,80.4591195
2017/18,2,685630,3,2,13049.76,9647,244,39.53688525
2017/18,2,715630,4,3,72886.8,58168,437,133.1075515
2017/18,2,725630,4,3,98789.2,79276,579,136.9188256
2017/18,2,725700,2,4,148538.67,127148,678,187.5339233
2017/18,2,725730,2,4,346334.17,297951,1511,197.187955
2017/18,2,735730,3,3,166582.59,141551,695,203.6705036
2017/18,2,735800,1,1,50978.7,38620,370,104.3783784
2017/18,2,745800,1,1,5097.87,3862,89,43.39325843
2017/18,2,755930,2,1,405613,316886,1073,295.3271202
2017/18,2,756000,2,1,64,50,10,5
2017/18,2,765930,2,1,831,648,15,43.2
2017/18,2,775930,2,1,103,80,10,8
2017/18,2,776000,2,1,155,122,11,11.09090909
2017/18,3,655500,1,1,836.8,495,25,19.8
2017/18,3,655530,1,1,8368,4952,116,42.68965517
2017/18,3,655600,1,1,1004.16,594,21,28.28571429
2017/18,3,665430,1,1,0,0,2,0
2017/18,3,665530,2,2,1849.6,1130,125,9.04
2017/18,3,665600,1,1,334.72,198,22,9
2017/18,3,675530,3,3,6970.72,5481,135,40.6
2017/18,3,675600,2,2,757,606,30,20.2
2017/18,3,685530,1,1,4184,2476,149,16.61744966
2017/18,3,685600,4,3,205343.95,172144,1230,139.9544715
2017/18,3,685630,4,2,124561.05,102141,468,218.25
2017/18,3,705600,1,1,0,0,10,0
2017/18,3,715600,3,1,0,0,32,0
2017/18,3,715630,4,3,190106.8,166551,1165,142.9622318
2017/18,3,715700,2,2,12187.4,10979,106,103.5754717
2017/18,3,725600,2,1,108750.18,99771,415,240.4120482
2017/18,3,725630,5,4,201778.88,173415,912,190.1480263
2017/18,3,725700,4,5,153348.94,130180,872,149.2889908
2017/18,3,725730,4,7,364551.2,308547,1813,170.1858798
2017/18,3,735700,3,3,25621.52,21591,132,163.5681818
2017/18,3,735730,4,4,431933.08,363668,1674,217.2449223
2017/18,3,735800,3,3,79257.74,60871,594,102.476431
2017/18,3,735830,3,3,73893.99,57840,325,177.9692308
2017/18,3,745800,3,3,32298.06,25052,239,104.8200837
2017/18,3,745830,3,3,191348.21,152877,765,199.8392157
2017/18,4,665600,2,1,580,503,110,4.572727273
2017/18,4,675600,1,1,1947,1621,27,60.03703704
2017/18,4,675630,1,1,343,286,4,71.5
2017/18,4,685600,2,2,7660,6383,82,77.84146341
2017/18,4,685630,2,2,100574,80054,609,131.4515599
2017/18,4,695600,1,1,0,0,10,0
2017/18,4,715630,4,3,18396.32,16131,105,153.6285714
2017/18,4,715700,2,2,3138,2623,33,79.48484848
2017/18,4,725630,4,6,418082.28,360842,3496,103.2156751
2017/18,4,725700,6,12,225344.86,192096,2082,92.26512968
2017/18,4,725730,6,11,632317.54,535710,4526,118.3627928
2017/18,4,735700,5,6,164731.02,134945,1158,116.5328152
2017/18,4,735730,6,7,110319.98,93141,787,118.3494282
2017/18,4,735800,3,2,42603.4,35471,280,126.6821429
2017/18,4,735830,3,3,111040.68,88561,505,175.3683168
2017/18,4,745700,2,1,3297,2681,41,65.3902439
2017/18,4,745730,2,1,55,45,9,5
2017/18,4,745800,4,3,37700.24,30064,172,174.7906977
2017/18,4,745830,5,5,273791.42,218529,1791,122.0150754
2017/18,4,755830,1,1,5875.2,4896,40,122.4
2017/18,4,755930,2,2,508901.06,389941,1244,313.4573955
2017/18,5,675600,4,3,129056.4,101462,800,126.8275
2017/18,5,675630,2,1,579,452,17,26.58823529
2017/18,5,685600,7,6,234066.14,196538,1760,111.6693182
2017/18,5,685630,4,3,14402.46,11562,192,60.21875
2017/18,5,695600,1,1,0,0,10,0
2017/18,5,715630,8,7,445226.49,403016,3675,109.6642177
2017/18,5,715700,3,3,16440.47,14210,131,108.4732824
2017/18,5,715730,2,1,3444.06,2969,13,228.3846154
2017/18,5,725600,1,1,2764,2468,26,94.92307692
2017/18,5,725630,9,10,354921.97,322297,3436,93.80005821
2017/18,5,725700,6,11,474047.67,414129,3382,122.4509166
2017/18,5,725730,4,7,168243.8,146699,1184,123.9011824
2017/18,5,735630,1,1,0,0,9,0
2017/18,5,735700,3,4,105854.88,89139,735,121.277551
2017/18,5,735730,3,3,117633.03,99171,713,139.0897616
2017/18,5,735800,4,2,15430.27,12402,143,86.72727273
2017/18,5,735830,4,2,37976.74,29968,266,112.6616541
2017/18,5,745800,3,1,2669.41,2101,41,51.24390244
2017/18,5,745830,5,4,223791.21,176323,983,179.3723296
2017/18,5,745900,2,1,65,48,18,2.666666667
2017/18,5,745930,2,1,502,370,4,92.5
2017/18,5,755830,2,1,383,281,19,14.78947368
2017/18,5,755900,2,1,7672,5642,72,78.36111111
2017/18,5,755930,3,3,499283,379103,1518,249.7384717
2017/18,5,765830,2,1,482,354,60,5.9
2017/18,5,765900,2,1,86,63,36,1.75
2017/18,6,675530,2,2,23340.2,20357,660,30.84393939
2017/18,6,675600,2,2,23558.6,19209,247,77.76923077
2017/18,6,685530,1,1,5916.95,4659,79,58.97468354
2017/18,6,685600,3,3,87398.49,69501,757,91.81109643
2017/18,6,685630,3,2,71299.87,57682,392,147.1479592
2017/18,6,705600,1,1,33,28,8,3.5
2017/18,6,705630,2,1,20,17,32,0.53125
2017/18,6,715600,2,1,4079,3428,45,76.17777778
2017/18,6,715630,7,10,267586.22,222278,2581,86.12088338
2017/18,6,715700,5,5,17063.01,14500,155,93.5483871
2017/18,6,725630,5,7,121883.99,107343,1251,85.8057554
2017/18,6,725700,7,13,591834.09,506463,4839,104.6627402
2017/18,6,725730,4,6,302965.14,260949,1936,134.7877066
2017/18,6,735700,1,1,567,488,19,25.68421053
2017/18,6,745900,3,1,1338,1060,20,53
2017/18,6,745930,5,2,88681.92,71167,281,253.2633452
2017/18,6,755900,3,1,1132,898,12,74.83333333
2017/18,6,755930,6,4,560017.52,456526,2009,227.2404181
2017/18,7,675600,2,2,62782.77,47932,354,135.4011299
2017/18,7,685600,2,2,65353.78,54988,358,153.5977654
2017/18,7,685630,1,1,3423.45,2901,56,51.80357143
2017/18,7,715630,6,7,175839.53,151793,1965,77.24834606
2017/18,7,715700,2,2,5115.36,4505,49,91.93877551
2017/18,7,715730,2,1,1233.18,1110,17,65.29411765
2017/18,7,725600,1,1,4144,3572,45,79.37777778
2017/18,7,725630,6,4,81089.57,73836,718,102.8356546
2017/18,7,725700,7,6,134935.76,117355,1530,76.70261438
2017/18,7,725730,4,5,54568.08,47681,525,90.82095238
2017/18,7,735700,5,3,14854.14,12839,206,62.32524272
2017/18,7,735730,2,2,2114.68,1855,27,68.7037037
2017/18,7,735800,1,1,43302.27,35204,432,81.49074074
2017/18,7,735830,1,1,4385.04,3565,44,81.02272727
2017/18,7,745830,1,1,7125.69,5794,69,83.97101449
2017/18,7,745900,1,1,105,81,5,16.2
2017/18,7,745930,3,2,161607.2,132097,469,281.6567164
2017/18,7,755630,2,1,861,696,2,348
2017/18,7,755700,2,1,1721,1390,4,347.5
2017/18,7,755730,2,1,1721,1390,4,347.5
2017/18,7,755800,2,1,861,696,2,348
2017/18,7,755830,2,1,1721,1390,4,347.5
2017/18,7,755900,3,2,4063,3192,74,43.13513514
2017/18,7,755930,6,3,469911.5,372684,1788,208.4362416
2017/18,8,675600,2,3,64201.34,48530,346,140.2601156
2017/18,8,685600,2,3,81121.66,64251,585,109.8307692
2017/18,8,685630,2,2,146,117,38,3.078947368
2017/18,8,705600,3,2,14,13,81,0.160493827
2017/18,8,705630,3,2,9,9,38,0.236842105
2017/18,8,715600,1,1,36,33,5,6.6
2017/18,8,715630,6,7,231226.24,208703,3210,65.0165109
2017/18,8,715700,4,3,51439.12,46251,608,76.07072368
2017/18,8,715730,3,2,3707.4,3347,31,107.9677419
2017/18,8,725700,6,6,69764.39,63462,693,91.57575758
2017/18,8,725730,5,5,247141.27,223176,2372,94.08768971
2017/18,8,735700,2,2,25534.58,23218,388,59.84020619
2017/18,8,745900,3,2,40402,33679,110,306.1727273
2017/18,8,745930,3,2,131425,107448,396,271.3333333
2017/18,8,755930,2,2,159320,131403,647,203.0958269
2017/18,9,675530,2,2,590,441,117,3.769230769
2017/18,9,675600,2,4,194488.38,148004,1227,120.6226569
2017/18,9,685600,2,2,143707.04,112426,740,151.927027
2017/18,9,685630,1,1,33246.58,26178,199,131.5477387
2017/18,9,695600,1,1,0,0,23,0
2017/18,9,705530,1,1,0,0,30,0
2017/18,9,705600,1,1,126,110,177,0.621468927
2017/18,9,705630,1,1,0,0,27,0
2017/18,9,715630,3,3,39502.65,35068,783,44.78671775
2017/18,9,715700,2,1,2939.46,2697,29,93
2017/18,9,725630,1,1,5010,4356,38,114.6315789
2017/18,9,725700,5,3,108615.38,98849,952,103.8329832
2017/18,9,725730,5,4,154805.07,136700,1252,109.1853035
2017/18,9,735700,2,2,54008.5,47551,393,120.9949109
2017/18,9,745700,1,1,51903.5,45932,363,126.5344353
2017/18,9,745900,5,5,166076.23,130853,424,308.615566
2017/18,9,745930,6,7,500687.18,397272,1584,250.8030303
2017/18,9,755900,2,2,17699.26,13765,32,430.15625
2017/18,9,755930,7,7,326522.77,258154,1136,227.2482394
2017/18,10,675600,1,1,19189.88,12966,349,37.15186246
2017/18,10,685600,1,1,7838.12,5296,145,36.52413793
2017/18,11,675530,1,1,623.86,471,2,235.5
2017/18,11,675600,2,2,22334.76,18761,146,128.5
2017/18,11,675900,1,1,3743.16,2836,23,123.3043478
2017/18,11,685600,1,1,23706.68,17960,99,181.4141414
2017/18,11,685630,1,1,25578.26,19378,77,251.6623377
2017/18,11,715630,3,3,89409.26,80017,1136,70.4375
2017/18,11,725700,2,2,30908.42,26887,244,110.192623
2017/18,11,725730,3,3,82180.58,72860,655,111.2366412
2017/18,11,735730,1,1,1602.09,1282,6,213.6666667
2017/18,11,735900,1,1,82079,64629,153,422.4117647
2017/18,11,745900,2,3,138348.5,109775,698,157.2707736
2017/18,11,745930,2,3,82682.16,65687,456,144.0504386
2017/18,11,755930,1,2,140832.27,112405,737,152.5169607
2017/18,12,675600,1,1,4287.4,3697,24,154.0416667
2017/18,12,685600,1,1,3627.8,3127,26,120.2692308
2017/18,12,715630,1,1,25064.8,21607,186,116.1666667
2017/18,12,715700,1,1,13222.32,11399,600,18.99833333
2017/18,12,725730,2,2,12572.68,11020,271,40.66420664
2017/18,12,745900,1,1,70927,54982,147,374.0272109
2017/18,12,745930,1,1,3733,2894,8,361.75
2017/18,13,715630,1,1,3505.6,2760,48,57.5
2017/18,13,725730,1,1,23359,21603,192,112.515625
2017/18,13,755930,1,2,61825.4,48550,465,104.4086022
2017/18,14,725630,1,1,3874,3339,30,111.3
2017/18,14,725700,2,2,20220.4,17431,207,84.20772947
2017/18,14,725730,2,2,16035.6,13824,203,68.09852217
2017/18,14,735800,1,1,0,0,53,0
2017/18,14,745900,1,1,9893,8528,78,109.3333333
2017/18,14,745930,1,1,13754,11857,90,131.7444444
2017/18,42,715700,1,1,68,66,292,0.226027397
2017/18,43,715700,1,1,6,5,339,0.014749263
2017/18,45,715600,1,1,0,0,14,0
2017/18,45,715630,1,1,6,5,355,0.014084507
2017/18,45,715700,1,1,12,9,618,0.014563107
2017/18,53,725700,1,1,82389.1,66443,582,114.1632302
2017/18,53,725730,1,1,21900.9,17662,124,142.4354839
2018/19,1,675530,1,1,45,40,19,2.105263158
2018/19,1,675600,1,1,6021,5424,60,90.4
2018/19,1,685530,1,1,45,40,10,4
2018/19,1,685600,1,1,13872,12498,117,106.8205128
2018/19,1,715600,1,1,11591.8,11364,35,324.6857143
2018/19,1,715630,2,2,35787.94,32148,328,98.01219512
2018/19,1,715700,2,3,6272.72,5514,595,9.267226891
2018/19,1,715730,2,3,18711.16,16300,1369,11.9065011
2018/19,1,725630,2,2,28636.23,27920,274,101.8978102
2018/19,1,725700,2,2,15281.03,13711,151,90.8013245
2018/19,1,725730,3,2,7956.12,6239,153,40.77777778
2018/19,1,735730,2,1,175,131,12,10.91666667
2018/19,1,745900,2,1,1533,1146,27,42.44444444
2018/19,1,745930,2,1,152604,113884,290,392.7034483
2018/19,1,755930,2,1,13295,9920,28,354.2857143
2018/19,2,675600,3,2,42602.73,40012,216,185.2407407
2018/19,2,685600,3,2,219520.2,203507,824,246.9745146
2018/19,2,685630,3,2,59818.07,54220,372,145.7526882
2018/19,2,705630,1,1,40,36,18,2
2018/19,2,715630,2,2,4267.22,3932,116,33.89655172
2018/19,2,715700,5,9,277074.25,255424,1665,153.4078078
2018/19,2,715730,4,7,161707.79,143822,1286,111.836703
2018/19,2,715800,2,2,3029,2735,23,118.9130435
2018/19,2,725700,4,8,201439.38,184040,1370,134.3357664
2018/19,2,725730,4,7,65985.26,60470,625,96.752
2018/19,2,725800,3,2,2607,2112,27,78.22222222
2018/19,2,725830,1,1,736,670,7,95.71428571
2018/19,2,735730,2,1,2540,1939,200,9.695
2018/19,2,735800,4,3,607,471,213,2.211267606
2018/19,2,735900,3,1,0,0,40,0
2018/19,2,745800,4,3,9135,6767,69,98.07246377
2018/19,2,745900,3,1,28272,20943,95,220.4526316
2018/19,2,745930,4,2,292495,219645,512,428.9941406
2018/19,2,755900,2,1,0,0,2,0
2018/19,2,755930,4,3,243359.56,183645,553,332.0886076
2018/19,2,756000,2,1,44678.14,33593,88,381.7386364
2018/19,2,765930,2,1,3436.78,2584,20,129.2
2018/19,2,766000,2,1,58425.26,43929,118,372.279661
2018/19,2,775930,2,1,213080.36,160212,407,393.6412776
2018/19,3,675530,1,1,1524.11,1423,7,203.2857143
2018/19,3,675600,2,2,166796.78,155886,874,178.3592677
2018/19,3,675630,1,1,1524.11,1425,18,79.16666667
2018/19,3,685600,2,3,76854.1,71456,411,173.8588808
2018/19,3,685630,2,2,178107.18,157518,1006,156.5785288
2018/19,3,715630,3,2,37128.51,29854,244,122.352459
2018/19,3,715700,4,11,389014.97,350286,1970,177.8101523
2018/19,3,715730,1,1,4718.16,4175,56,74.55357143
2018/19,3,715800,1,1,9436.32,8351,49,170.4285714
2018/19,3,725700,3,8,268476.06,246317,1400,175.9407143
2018/19,3,725730,1,2,9678.8,7705,279,27.61648746
2018/19,3,725800,1,2,8321.6,7295,84,86.8452381
2018/19,3,745830,2,1,5651.3,4381,8,547.625
2018/19,3,745900,5,4,66538.37,50552,170,297.3647059
2018/19,3,745930,5,4,341342.94,262649,595,441.4268908
2018/19,3,755730,1,1,45508,42137,144,292.6180556
2018/19,3,755900,5,4,95998.24,77402,206,375.7378641
2018/19,3,755930,5,8,1478257.45,1156816,3399,340.3401
2018/19,4,665600,1,1,1463,1283,16,80.1875
2018/19,4,675500,1,1,9526,8357,66,126.6212121
2018/19,4,675530,3,3,58659.3,52899,465,113.7612903
2018/19,4,675600,5,5,217400.52,198866,1648,120.6711165
2018/19,4,675630,2,2,487,365,25,14.6
2018/19,4,675700,1,1,91,69,6,11.5
2018/19,4,685530,1,1,313,274,34,8.058823529
2018/19,4,685600,4,6,167756.9,151595,977,155.1637666
2018/19,4,685630,4,5,74967.28,62187,617,100.7893031
2018/19,4,705600,1,1,0,0,81,0
2018/19,4,705630,1,1,0,0,16,0
2018/19,4,715630,6,6,256381.73,241120,1620,148.8395062
2018/19,4,715700,4,11,160176.02,143319,1351,106.0836417
2018/19,4,715730,3,3,35767.24,31394,299,104.9966555
2018/19,4,725630,4,4,53805.15,50004,310,161.3032258
2018/19,4,725700,5,14,451375.43,383429,2616,146.5707187
2018/19,4,725730,4,8,77462.18,66415,725,91.60689655
2018/19,4,725800,1,1,1,1,8,0.125
2018/19,4,735700,2,2,2048,1532,65,23.56923077
2018/19,4,735730,3,5,3892,3179,255,12.46666667
2018/19,4,735800,2,2,3617,2659,270,9.848148148
2018/19,4,735830,1,1,20049,14742,211,69.86729858
2018/19,4,745730,2,1,11011,8155,17,479.7058824
2018/19,4,745800,1,1,39,29,15,1.933333333
2018/19,4,745830,1,1,14447,10623,171,62.12280702
2018/19,4,745900,8,11,350618.23,257456,1148,224.2648084
2018/19,4,745930,9,15,802266.16,617153,2224,277.4968525
2018/19,4,755900,8,8,194948.22,143010,584,244.880137
2018/19,4,755930,9,18,1495312.64,1121676,4052,276.8203356
2018/19,5,665530,4,3,3552,2832,50,56.64
2018/19,5,665600,1,1,641,478,8,59.75
2018/19,5,675530,6,5,103949.05,97026,776,125.0335052
2018/19,5,675600,8,7,281519.03,259982,1751,148.4762993
2018/19,5,675630,1,1,662,476,51,9.333333333
2018/19,5,685600,3,3,61263.52,55291,353,156.631728
2018/19,5,685630,1,1,84542.4,76858,595,129.1731092
2018/19,5,715630,2,2,91744.77,86230,556,155.0899281
2018/19,5,715700,1,1,526.28,408,7,58.28571429
2018/19,5,715730,1,1,11336.88,8098,61,132.7540984
2018/19,5,715800,1,1,12753.99,9110,34,267.9411765
2018/19,5,725630,2,2,78445.02,72076,311,231.755627
2018/19,5,725700,2,2,27137.21,24669,180,137.05
2018/19,5,725800,1,1,2834.22,2025,7,289.2857143
2018/19,5,735830,1,1,22101.6,15035,106,141.8396226
2018/19,5,745830,1,1,125242.4,85199,494,172.4676113
2018/19,5,745900,5,5,381510.1,286961,1451,197.7677464
2018/19,5,745930,8,11,707142.58,564530,2098,269.0800763
2018/19,5,755900,2,2,65937.13,48984,166,295.0843373
2018/19,5,755930,8,13,1607062.72,1199744,4577,262.1245357
2018/19,5,756000,3,4,240033.4,177861,571,311.4903678
2018/19,5,765930,1,1,11366.04,8419,34,247.6176471
2018/19,5,766000,2,3,26173.66,19292,77,250.5454545
2018/19,6,675600,6,4,123747.7,100836,705,143.0297872
2018/19,6,685600,5,4,149887.44,120414,774,155.5736434
2018/19,6,685630,3,3,34288.04,29452,384,76.69791667
2018/19,6,705630,2,1,2170.32,1875,34,55.14705882
2018/19,6,715600,4,3,3544.6,3095,47,65.85106383
2018/19,6,715630,6,6,214321.02,195994,1251,156.6698641
2018/19,6,715700,2,2,26452.32,23961,155,154.5870968
2018/19,6,715730,1,1,14135.38,13462,153,87.9869281
2018/19,6,725630,4,5,107372.3,101030,534,189.1947566
2018/19,6,725700,3,4,212287.24,184964,1366,135.4055637
2018/19,6,725730,2,2,35930.76,33005,345,95.66666667
2018/19,6,725800,1,1,5957.52,4052,157,25.8089172
2018/19,6,735830,1,1,16383.18,11145,106,105.1415094
2018/19,6,735900,3,2,70197.48,47803,346,138.1589595
2018/19,6,745830,2,2,203886.3,148713,809,183.8232386
2018/19,6,745900,5,7,323758.76,237354,1474,161.027137
2018/19,6,745930,7,12,583941.87,468648,2100,223.1657143
2018/19,6,755900,3,3,119112.94,84461,440,191.9568182
2018/19,6,755930,7,15,727255.87,567996,2913,194.9866117
2018/19,6,756000,4,4,304174.04,243185,907,268.1201764
2018/19,6,765900,1,1,0,0,61,0
2018/19,6,766000,2,1,3093.92,2536,12,211.3333333
2018/19,6,775900,1,1,0,0,18,0
2018/19,7,675600,3,3,45067.74,41176,380,108.3578947
2018/19,7,685600,2,2,76706.66,69972,640,109.33125
2018/19,7,685630,2,1,19848.08,18378,182,100.978022
2018/19,7,715630,4,5,172764.51,158765,697,227.7833572
2018/19,7,715700,4,2,2450.04,1959,20,97.95
2018/19,7,715800,1,1,2298.03,1574,15,104.9333333
2018/19,7,725630,3,4,93282.09,84943,401,211.8279302
2018/19,7,725700,3,4,75529.86,63048,397,158.8110831
2018/19,7,735830,4,2,15955,11315,80,141.4375
2018/19,7,735900,4,2,186842,132513,776,170.7641753
2018/19,7,745830,1,1,69698,46158,187,246.8342246
2018/19,7,745900,4,3,175128.6,124646,774,161.0413437
2018/19,7,745930,6,8,301321.73,254635,1170,217.6367521
2018/19,7,746000,1,1,7794.36,6235,25,249.4
2018/19,7,755900,1,1,5774.19,4215,138,30.54347826
2018/19,7,755930,7,13,759430.26,577789,3150,183.4250794
2018/19,7,756000,6,8,467902.11,362853,1602,226.5
2018/19,7,765900,1,1,8971,6317,23,274.6521739
2018/19,7,766000,6,7,363533.97,280791,893,314.4356103
2018/19,7,766030,1,1,5845.77,4676,723,6.467496542
2018/19,8,665530,1,1,627,494,19,26
2018/19,8,675530,1,1,3628,2857,64,44.640625
2018/19,8,675600,1,2,11496,8796,71,123.8873239
2018/19,8,685600,2,2,41413,34778,304,114.4013158
2018/19,8,685630,1,1,5861,5329,36,148.0277778
2018/19,8,715600,1,1,1156,1051,3,350.3333333
2018/19,8,715630,5,8,290614.74,262113,1338,195.8991031
2018/19,8,715700,4,5,153183.95,137318,886,154.986456
2018/19,8,725630,5,7,414126.12,377543,1771,213.1806889
2018/19,8,725700,5,7,165628.19,152615,775,196.9225806
2018/19,8,735830,3,3,41818.72,31966,301,106.1993355
2018/19,8,735900,1,2,100331.08,69514,420,165.5095238
2018/19,8,745830,3,2,97066,74667,679,109.9661267
2018/19,8,745900,8,7,64858.12,46890,428,109.5560748
2018/19,8,745930,8,5,99166.08,71621,589,121.5976231
2018/19,8,746000,2,1,0,0,3,0
2018/19,8,755830,2,1,0,0,35,0
2018/19,8,755900,3,3,9615.7,7824,54,144.8888889
2018/19,8,755930,8,8,158081,122881,732,167.8702186
2018/19,8,756000,7,9,477817.14,375065,1487,252.2293208
2018/19,8,765900,1,1,5335.76,4484,11,407.6363636
2018/19,8,765930,3,3,46393,35172,112,314.0357143
2018/19,8,766000,8,10,983093.4,758532,3827,198.2053828
2018/19,8,766030,1,1,209,159,46,3.456521739
2018/19,8,775930,2,1,0,0,14,0
2018/19,8,785930,2,1,0,0,37,0
2018/19,9,715630,5,6,244637.14,225033,883,254.8505096
2018/19,9,715700,1,1,56696.16,48876,46,1062.521739
2018/19,9,725630,4,5,371450.7,342239,1632,209.7052696
2018/19,9,735830,1,1,15871.6,10797,100,107.97
2018/19,9,735900,1,1,37695.05,25643,196,130.8316327
2018/19,9,745830,1,1,142844.4,97173,667,145.6866567
2018/19,9,745900,1,1,1983.95,1350,12,112.5
2018/19,9,755930,1,1,9968.9,7495,39,192.1794872
2018/19,9,756000,3,2,39462.4,32228,384,83.92708333
2018/19,9,765930,1,1,9968.9,7495,40,187.375
2018/19,9,766000,4,3,355173.8,285309,1491,191.3541247
2018/19,9,766030,2,1,102,83,7,11.85714286
2018/19,10,675600,1,1,162,119,24,4.958333333
2018/19,10,685600,2,2,10355.21,8697,125,69.576
2018/19,10,685630,2,2,6155.81,4608,250,18.432
2018/19,10,705600,2,2,2527.58,2238,16,139.875
2018/19,10,705630,1,1,2362,2128,29,73.37931034
2018/19,10,715600,1,1,70214,63255,423,149.5390071
2018/19,10,715630,4,4,235669.46,215283,856,251.4988318
2018/19,10,715700,3,3,52905.34,41072,154,266.7012987
2018/19,10,725630,5,4,348481.2,344085,1481,232.3328832
2018/19,10,725700,4,4,97781.42,93687,496,188.8850806
2018/19,10,735830,2,3,33934.68,25108,188,133.5531915
2018/19,10,735900,3,4,89097.49,68500,438,156.3926941
2018/19,10,745900,1,1,0,0,19,0
2018/19,10,745930,1,1,35357.8,26992,198,136.3232323
2018/19,10,755930,5,4,25258.09,20206,198,102.0505051
2018/19,10,756000,4,4,90017.38,68872,493,139.6997972
2018/19,10,765930,4,3,54801.86,44232,228,194
2018/19,10,766000,5,5,556503.68,443786,3132,141.6941252
2018/19,11,715700,1,1,33740.42,30673,161,190.515528
2018/19,11,725700,1,1,35117.58,31925,181,176.3812155
2018/19,11,735830,2,1,9932.58,7468,39,191.4871795
2018/19,11,735900,2,1,100429.42,75511,500,151.022
2018/19,11,745930,1,1,40321.5,30318,226,134.1504425
2018/19,11,766100,1,1,40321.5,30316,225,134.7377778
2018/19,12,675600,1,1,2511,2486,40,62.15
2018/19,12,685600,1,1,5058,5008,39,128.4102564
2018/19,12,685630,1,1,153,151,2,75.5
2018/19,12,715600,1,1,1894,1874,6,312.3333333
2018/19,12,715630,2,3,230998.32,227606,610,373.1245902
2018/19,12,715700,1,1,37774.6,34030,109,312.2018349
2018/19,12,725630,1,1,21823.08,20984,123,170.601626
2018/19,12,725700,3,2,33491,29145,140,208.1785714
2018/19,12,745830,1,1,11646,8260,39,211.7948718
2018/19,12,766000,1,1,14661,14517,74,196.1756757
2018/19,13,715600,1,1,630,567,7,81
2018/19,13,715630,1,1,68104,61355,637,96.31868132
2018/19,13,715700,1,1,60150,54190,552,98.17028986
2018/19,13,725600,1,1,8972,8011,65,123.2461538
2018/19,13,725700,1,1,11470,10523,104,101.1826923
2018/19,13,745930,1,1,50268,35906,188,190.9893617
2018/19,13,755930,1,1,20532,14666,129,113.6899225
2018/19,14,715600,1,1,1061.84,1031,6,171.8333333
2018/19,14,715630,3,2,106327.56,106052,610,173.8557377
2018/19,14,725630,1,1,2654.6,2577,6,429.5
2018/19,16,715630,1,1,9354.5,7995,50,159.9
2018/19,16,715700,1,1,43203.02,37626,473,79.54756871
2018/19,16,715730,1,1,1316.48,1186,19,62.42105263
2018/19,42,625600,1,1,0.01,0,23,0
2018/19,42,625630,1,1,0.13,0,126,0
2018/19,42,635600,2,2,1.13,1,780,0.001282051
2018/19,42,635630,2,2,0.11,0,117,0
2018/19,42,645600,2,2,0.62,1,292,0.003424658
2018/19,43,685600,1,1,6465,5256,105,50.05714286
2018/19,43,685630,1,1,24489,19910,514,38.73540856
2018/19,43,715630,1,1,,,34,
2018/19,43,715700,1,1,3,2,485,0.004123711
2018/19,43,715730,1,1,1,1,156,0.006410256
2018/19,44,665430,1,1,199.7,125,63,1.984126984
2018/19,44,665500,1,1,19.97,12,26,0.461538462
2018/19,44,665600,1,1,39.94,24,7,3.428571429
2018/19,44,675530,1,1,619.07,385,167,2.305389222
2018/19,44,675600,1,1,1118.32,694,221,3.140271493
2018/19,44,675700,1,1,,,22,
2018/19,44,685600,1,1,6635.52,5575,629,8.86327504
2018/19,44,685630,2,3,3552.12,2985,1786,1.671332587
2018/19,44,695600,1,1,207.36,175,70,2.5
2018/19,45,665600,1,1,0,0,20,0
2018/19,45,685600,1,1,0,0,202,0
2018/19,45,685630,1,1,1,1,370,0.002702703
2018/19,46,715630,1,1,38,31,25,1.24
2018/19,46,715700,1,1,6543,5276,862,6.120649652
2018/19,53,675600,2,1,69073.28,65163,317,205.5615142
2018/19,53,685600,2,1,129512.4,122182,374,326.6898396
2018/19,53,685630,2,1,17268.32,16291,62,262.7580645
2018/19,53,715630,2,2,2620.28,2324,45,51.64444444
2018/19,53,715700,2,2,73324.72,66631,463,143.9114471
2018/19,53,715730,1,1,51543,38465,290,132.637931
2018/19,53,725630,1,1,3924,2928,95,30.82105263
2018/19,53,725700,1,1,21723,16212,71,228.3380282
2018/19,53,725730,1,1,4611,3441,58,59.32758621
2018/19,53,735730,1,1,873,649,49,13.24489796
2018/19,53,735800,1,1,0,0,32,0
2018/19,53,745800,1,1,0,0,3,0
2019/20,1,705600,1,1,1,1,1,1
2019/20,1,715600,3,2,2485,2160,70,30.85714286
2019/20,1,715630,4,4,153697.16,133444,704,189.5511364
2019/20,1,715700,2,1,13564,11800,47,251.0638298
2019/20,1,725600,3,2,5716.47,4971,35,142.0285714
2019/20,1,725630,4,4,332636.53,288659,1043,276.7583893
2019/20,1,725700,4,4,85596.12,73125,542,134.9169742
2019/20,1,725730,4,4,112960.65,93873,557,168.5332136
2019/20,1,735630,2,1,7119,6193,20,309.65
2019/20,1,735730,2,2,144813.07,107605,580,185.5258621
2019/20,2,695600,1,1,0,0,10,0
2019/20,2,705630,1,2,248,202,37,5.459459459
2019/20,2,715630,5,8,283862.98,241157,1862,129.5150376
2019/20,2,715700,3,2,5211,4242,68,62.38235294
2019/20,2,715730,1,1,1502,1105,4,276.25
2019/20,2,725630,6,9,548714.72,471271,2633,178.9863274
2019/20,2,725700,3,2,8055.5,7185,77,93.31168831
2019/20,2,725730,3,4,324922.8,267962,1422,188.440225
2019/20,2,735730,2,3,9838,7842,75,104.56
2019/20,2,745900,1,1,330,249,32,7.78125
2019/20,2,745930,1,2,123119,91024,555,164.0072072
2019/20,2,755900,1,1,507.86,361,9,40.11111111
2019/20,2,755930,1,3,397558.4,294574,1446,203.7164592
2019/20,2,756000,1,1,1015.72,726,10,72.6
2019/20,2,765930,1,1,2539.3,1814,47,38.59574468
2019/20,2,766000,1,1,1015.72,726,9,80.66666667
2019/20,3,705600,1,1,128,111,10,11.1
2019/20,3,715630,4,8,382977.24,323693,1956,165.4872188
2019/20,3,715700,2,2,44026.06,39424,209,188.6315789
2019/20,3,715730,2,2,8551.39,7666,30,255.5333333
2019/20,3,715800,1,1,3341.73,2739,27,101.4444444
2019/20,3,725630,4,9,729344.54,629153,3252,193.4664822
2019/20,3,725700,3,5,112490.37,97359,617,157.7941653
2019/20,3,725730,4,6,166439.53,138571,966,143.4482402
2019/20,3,725800,1,1,8593.02,7043,69,102.0724638
2019/20,3,725830,1,1,2386.95,1957,20,97.85
2019/20,3,735700,1,1,42,37,8,4.625
2019/20,3,735730,3,3,13200.07,10708,129,83.00775194
2019/20,3,735800,3,3,139711.23,114966,827,139.0157195
2019/20,3,735830,2,2,4910.9,4018,67,59.97014925
2019/20,3,735900,1,1,70,54,2,27
2019/20,3,745800,2,2,14579.97,12017,130,92.43846154
2019/20,3,745830,1,1,935,714,16,44.625
2019/20,3,745900,1,1,106,81,66,1.227272727
2019/20,3,745930,1,1,5434,4149,24,172.875
2019/20,3,755930,1,2,386700.97,279946,1897,147.57301
2019/20,3,756000,1,1,10180,7771,24,323.7916667
2019/20,3,765930,1,1,659,503,7,71.85714286
2019/20,3,766000,1,2,61510.03,42902,326,131.601227
2019/20,4,675600,3,4,72823.68,61501,586,104.9505119
2019/20,4,675630,2,2,6179.64,5127,67,76.52238806
2019/20,4,685600,4,5,93779.83,79724,698,114.217765
2019/20,4,685630,4,5,155794.85,127095,785,161.9044586
2019/20,4,695800,1,1,1299.6,1172,98,11.95918367
2019/20,4,705600,1,1,110.24,93,29,3.206896552
2019/20,4,705630,1,1,771.68,643,93,6.913978495
2019/20,4,705800,1,1,1624.5,1463,62,23.59677419
2019/20,4,715600,1,1,110.24,91,11,8.272727273
2019/20,4,715630,7,12,337850.19,296935,2022,146.8521266
2019/20,4,715700,4,7,86013.42,76866,418,183.8899522
2019/20,4,715800,1,1,3032.4,2732,36,75.88888889
2019/20,4,725630,6,10,420853.22,371769,2149,172.9962773
2019/20,4,725700,6,11,378067.49,329114,1962,167.7441386
2019/20,4,725730,2,3,218383.52,204675,776,263.7564433
2019/20,4,725800,1,1,14481,12068,70,172.4
2019/20,4,735700,1,3,1752,1458,30,48.6
2019/20,4,735730,1,3,175276,131219,809,162.1990111
2019/20,4,735800,2,4,238834.5,196141,1492,131.4617962
2019/20,4,735830,2,2,56723,44833,437,102.5926773
2019/20,4,735900,2,2,3418,2912,115,25.32173913
2019/20,4,745800,2,3,16643,13214,99,133.4747475
2019/20,4,745830,2,2,36468,28499,255,111.7607843
2019/20,4,745900,1,1,117,88,45,1.955555556
2019/20,4,745930,3,3,3851.75,2819,81,34.80246914
2019/20,4,755900,1,1,4,3,29,0.103448276
2019/20,4,755930,4,8,1371095.23,947855,5623,168.5674907
2019/20,4,756000,1,1,24113.46,17731,100,177.31
2019/20,4,765930,1,1,2362,1763,15,117.5333333
2019/20,4,766000,1,1,6889.56,5066,32,158.3125
2019/20,5,675500,2,1,350,295,5,59
2019/20,5,675530,2,2,5039.24,4128,95,43.45263158
2019/20,5,675600,5,8,72274.71,60349,805,74.96770186
2019/20,5,675630,4,3,2047.4,1723,56,30.76785714
2019/20,5,685530,1,1,603.28,495,8,61.875
2019/20,5,685600,5,10,105445.04,88966,1043,85.29817833
2019/20,5,685630,4,7,235866.88,195108,1727,112.9751013
2019/20,5,715630,9,16,740566.86,654033,4440,147.3047297
2019/20,5,715700,6,11,400897.05,339763,1885,180.2456233
2019/20,5,715730,4,3,21974,18099,90,201.1
2019/20,5,715800,3,1,29195.17,25387,333,76.23723724
2019/20,5,725630,8,11,218327.22,195895,1238,158.2350565
2019/20,5,725700,7,14,451561.25,383882,2492,154.0457464
2019/20,5,725730,4,5,104003.44,89286,638,139.9467085
2019/20,5,725800,3,1,2013.46,1752,14,125.1428571
2019/20,5,735700,1,1,103,75,9,8.333333333
2019/20,5,735730,1,1,2610,2122,28,75.78571429
2019/20,5,735800,3,3,55759,40522,211,192.0473934
2019/20,5,735830,1,1,304,247,18,13.72222222
2019/20,5,745800,3,2,0,0,19,0
2019/20,5,745830,3,3,216713,159002,1122,141.7130125
2019/20,5,745900,1,1,73,60,7,8.571428571
2019/20,5,745930,1,1,441,358,6,59.66666667
2019/20,5,755830,1,1,9,7,53,0.132075472
2019/20,5,755930,4,4,273727.76,201129,1527,131.7151277
2019/20,5,756000,3,2,28275,21665,68,318.6029412
2019/20,5,765830,1,1,3,2,17,0.117647059
2019/20,5,765930,4,3,29987.12,22739,110,206.7181818
2019/20,5,766000,4,3,310767.12,236020,879,268.5096701
2019/20,5,776000,2,1,0,0,40,0
2019/20,6,675600,2,3,43003.31,36887,460,80.18913043
2019/20,6,675630,1,2,6673.05,5656,184,30.73913043
2019/20,6,685600,2,3,16805.48,14911,249,59.88353414
2019/20,6,685630,2,3,88641.16,75219,938,80.19083156
2019/20,6,715630,2,2,87520.63,75684,519,145.8265896
2019/20,6,715700,2,1,10233,8776,77,113.974026
2019/20,6,715730,1,1,16280.28,11797,122,96.69672131
2019/20,6,715800,1,1,13509,12625,70,180.3571429
2019/20,6,725630,2,2,19221.37,16796,101,166.2970297
2019/20,6,725700,4,4,74153.68,64738,378,171.2645503
2019/20,6,725730,5,6,208001.67,174769,1088,160.6332721
2019/20,6,725800,1,1,20125,18808,97,193.8969072
2019/20,6,735700,1,1,2231.34,1814,30,60.46666667
2019/20,6,735730,2,2,46379.44,35653,299,119.2408027
2019/20,6,735800,2,2,8130.08,6103,33,184.9393939
2019/20,6,745830,2,2,10780.32,7432,127,58.51968504
2019/20,6,755830,1,1,0,0,102,0
2019/20,6,755900,1,1,2475,1672,19,88
2019/20,6,755930,5,6,333538.19,245243,1455,168.55189
2019/20,6,756000,5,5,119046.85,88002,388,226.8092784
2019/20,6,765900,1,1,0,0,59,0
2019/20,6,765930,5,4,105858.96,78087,512,152.5136719
2019/20,6,766000,5,5,487376.19,346406,1417,244.4643613
2019/20,6,775900,1,1,2,1,25,0.04
2019/20,7,655530,1,1,0,0,19,0
2019/20,7,665500,1,1,0,0,3,0
2019/20,7,665530,2,2,831.06,717,102,7.029411765
2019/20,7,675530,1,1,1210.88,975,15,65
2019/20,7,675600,6,6,32470.78,25685,488,52.63319672
2019/20,7,675630,4,5,18838.5,15602,262,59.54961832
2019/20,7,685600,8,9,44148.61,37499,545,68.80550459
2019/20,7,685630,8,12,398325.1,317809,3807,83.48016811
2019/20,7,715630,7,11,385788.02,342711,2313,148.1673152
2019/20,7,715700,10,24,975863.76,849835,5632,150.8939986
2019/20,7,715730,9,13,438494.17,384359,1778,216.1749156
2019/20,7,715800,1,1,41708.94,31126,364,85.51098901
2019/20,7,725630,8,8,102567.25,91139,591,154.2115059
2019/20,7,725700,9,22,1119690.54,970520,6862,141.4339843
2019/20,7,725730,9,12,772743.96,684734,3645,187.8556927
2019/20,7,725800,3,2,52817.89,39971,442,90.4321267
2019/20,7,735730,2,2,83277.3,66880,455,146.989011
2019/20,7,735800,1,2,19120.62,16127,155,104.0451613
2019/20,7,735830,2,2,8987.52,6504,76,85.57894737
2019/20,7,735900,1,1,8079,5689,53,107.3396226
2019/20,7,745830,1,1,64861.88,48404,839,57.69249106
2019/20,7,755930,1,1,3208.38,2394,13,184.1538462
2019/20,7,766000,1,1,57750.84,43098,276,156.1521739
2019/20,8,675530,1,1,1179,1091,10,109.1
2019/20,8,675600,1,1,10057,9313,99,94.07070707
2019/20,8,675630,1,1,0,0,21,0
2019/20,8,685500,1,1,0,0,2,0
2019/20,8,685530,1,1,1179,1091,10,109.1
2019/20,8,685600,1,1,4179.92,3799,67,56.70149254
2019/20,8,685630,2,2,11307.98,10453,87,120.1494253
2019/20,8,715630,7,11,404087.39,360606,2298,156.921671
2019/20,8,715700,6,10,370400.48,318322,2362,134.7679932
2019/20,8,715730,6,11,382410.12,329437,2145,153.583683
2019/20,8,725630,7,9,365179.57,324016,2006,161.5234297
2019/20,8,725700,6,11,193316.43,163938,1139,143.9315189
2019/20,8,725730,7,13,584894.57,504816,3248,155.4236453
2019/20,8,725800,1,1,55845,46153,473,97.57505285
2019/20,8,735730,3,3,11380.94,9648,229,42.13100437
2019/20,8,735800,4,3,5799,4894,128,38.234375
2019/20,8,735830,1,1,799,660,81,8.148148148
2019/20,8,745800,1,1,0,0,14,0
2019/20,8,745830,2,2,30,26,80,0.325
2019/20,8,755830,1,1,7,6,9,0.666666667
2019/20,8,755900,1,1,0,0,59,0
2019/20,8,755930,1,1,1715,1394,60,23.23333333
2019/20,8,765900,1,1,0,0,9,0
2019/20,8,765930,1,1,14,11,94,0.117021277
2019/20,8,766000,1,1,108829.6,85692,381,224.9133858
2019/20,8,775900,1,1,0,0,21,0
2019/20,9,655600,1,1,0,0,19,0
2019/20,9,665600,1,1,180,152,36,4.222222222
2019/20,9,675600,3,2,38718,29558,301,98.19933555
2019/20,9,675700,1,1,151,117,16,7.3125
2019/20,9,685600,4,3,4910.48,4203,79,53.20253165
2019/20,9,685630,4,5,175979.16,138393,1622,85.32244143
2019/20,9,705630,1,1,4429.7,3662,88,41.61363636
2019/20,9,715630,9,8,703270.5,641658,3627,176.9114971
2019/20,9,715700,5,9,165886.54,146911,1089,134.9044995
2019/20,9,715730,6,8,309682.36,275656,1255,219.6462151
2019/20,9,725630,6,6,142417.22,130400,1008,129.3650794
2019/20,9,725700,7,12,402707.75,353364,2578,137.0690458
2019/20,9,725730,9,11,386608.84,329794,2702,122.0555144
2019/20,9,725800,1,1,21319.54,19559,189,103.4867725
2019/20,9,725830,1,1,12597.91,11558,97,119.1546392
2019/20,9,735700,1,1,109,93,25,3.72
2019/20,9,735730,1,1,668,566,36,15.72222222
2019/20,10,685630,1,1,12815.32,10680,201,53.13432836
2019/20,10,705600,1,1,192,163,7,23.28571429
2019/20,10,705630,3,3,10075.52,8679,120,72.325
2019/20,10,715600,2,2,4757.52,4120,49,84.08163265
2019/20,10,715630,8,16,777974.03,703783,5439,129.395661
2019/20,10,715700,6,13,294491.68,253217,1704,148.6015258
2019/20,10,715730,7,9,175306.3,157421,1074,146.5744879
2019/20,10,715800,1,1,6598,5591,29,192.7931034
2019/20,10,725630,8,10,125402.25,112155,782,143.4207161
2019/20,10,725700,8,11,283128.43,244866,2455,99.74175153
2019/20,10,725730,7,11,347782.15,315983,2295,137.6832244
2019/20,10,725800,2,2,23286.2,19636,170,115.5058824
2019/20,10,725830,1,1,373,317,16,19.8125
2019/20,10,735700,2,1,505,444,8,55.5
2019/20,10,735730,1,2,7976.6,7126,158,45.10126582
2019/20,10,745700,2,1,376,332,6,55.33333333
2019/20,10,755930,1,1,5339,4412,14,315.1428571
2019/20,10,756000,2,2,38413,34427,111,310.1531532
2019/20,10,765930,1,1,30403,25127,89,282.3258427
2019/20,10,766000,2,2,433392,368599,1382,266.7141823
2019/20,10,776000,1,1,268,222,11,20.18181818
2019/20,11,675600,1,1,29493.76,22344,237,94.27848101
2019/20,11,675630,1,1,921.68,698,10,69.8
2019/20,11,685630,1,1,61752.56,46783,496,94.32056452
2019/20,11,715600,2,1,2064.57,1732,11,157.4545455
2019/20,11,715630,9,13,411980.38,372346,3218,115.7072716
2019/20,11,715700,8,10,306506.43,266172,1805,147.4637119
2019/20,11,715730,6,11,472206.57,414201,2927,141.5104202
2019/20,11,715800,4,7,215811.77,193938,1001,193.7442557
2019/20,11,715830,1,1,1217.48,1087,9,120.7777778
2019/20,11,725630,3,4,39462.92,35677,406,87.87438424
2019/20,11,725700,3,4,92038.53,82061,670,122.4791045
2019/20,11,725730,5,8,131106.74,116640,965,120.8704663
2019/20,11,725800,6,5,72363.68,63893,371,172.2183288
2019/20,11,725830,1,1,1217.48,1087,11,98.81818182
2019/20,11,755930,3,2,120905.54,100592,556,180.9208633
2019/20,11,756000,3,2,68348.79,56950,221,257.6923077
2019/20,11,765930,1,1,13041.36,9806,34,288.4117647
2019/20,11,766000,1,1,45644.76,34320,133,258.0451128
2019/20,12,675600,1,1,3590.88,3178,23,138.173913
2019/20,12,685630,1,1,23340.72,20656,216,95.62962963
2019/20,12,715630,4,4,57446.27,49053,436,112.5068807
2019/20,12,715700,3,4,344472.01,294534,2509,117.3909924
2019/20,12,715730,8,11,574314.55,527870,2427,217.4989699
2019/20,12,715800,5,8,637961.47,583664,3359,173.7612385
2019/20,12,715830,2,2,9639.2,8534,109,78.29357798
2019/20,12,725630,1,1,3365,3005,19,158.1578947
2019/20,12,725700,4,4,31733.06,24534,191,128.4502618
2019/20,12,725730,5,7,109578.5,94952,714,132.9859944
2019/20,12,725800,5,6,166378.54,146448,894,163.8120805
2019/20,12,725830,1,1,7181.76,6355,57,111.4912281
2019/20,12,755930,3,2,133692.72,99469,383,259.7101828
2019/20,12,756000,3,2,99320.64,75910,248,306.0887097
2019/20,12,765930,3,2,16283.76,12239,56,218.5535714
2019/20,12,766000,3,2,85297.92,65087,288,225.9965278
2019/20,13,705630,2,1,224,206,17,12.11764706
2019/20,13,715630,4,3,31081.98,27771,235,118.1744681
2019/20,13,715700,4,4,160201.89,139397,903,154.3709856
2019/20,13,715730,6,7,374916.8,335856,1789,187.7339296
2019/20,13,715800,4,6,276345.95,251915,1557,161.7951188
2019/20,13,715830,2,2,6357,5693,38,149.8157895
2019/20,13,725700,1,1,2275.34,1897,28,67.75
2019/20,13,725730,1,1,23377.38,21848,162,134.8641975
2019/20,13,725800,4,5,216256.58,197321,1336,147.6953593
2019/20,13,725830,1,1,1969.04,1727,13,132.8461538
2019/20,13,735800,1,1,1969.04,1727,5,345.4
2019/20,13,755930,2,3,321969.12,233676,1075,217.3730233
2019/20,13,756000,2,2,43092.42,31753,108,294.0092593
2019/20,13,765930,2,3,50422.02,36822,167,220.491018
2019/20,13,766000,2,3,232494.44,171656,631,272.0380349
2019/20,14,705600,2,1,,,18,
2019/20,14,715630,2,1,9548,8525,43,198.255814
2019/20,14,715730,1,1,7312.68,6471,51,126.8823529
2019/20,14,715800,6,4,175465.36,150795,1065,141.5915493
2019/20,14,715830,4,2,9408.98,7682,34,225.9411765
2019/20,14,725800,4,3,178573.82,158778,1206,131.6567164
2019/20,14,725830,2,1,15045,13432,88,152.6363636
2019/20,14,755900,3,2,219255.94,155159,871,178.1389208
2019/20,14,755930,6,2,345530.74,244991,1057,231.7795648
2019/20,14,756000,4,1,5876.43,4091,20,204.55
2019/20,14,765930,4,1,3917.62,2728,10,272.8
2019/20,14,766000,4,1,5876.43,4091,17,240.6470588
2019/20,15,675600,1,1,1255,1091,25,43.64
2019/20,15,685630,1,1,900,783,30,26.1
2019/20,15,715600,1,1,1531.9,1332,11,121.0909091
2019/20,15,715630,1,1,3829.75,3330,25,133.2
2019/20,15,715700,1,2,104152.47,90818,683,132.9692533
2019/20,15,715730,3,2,105831.92,96137,614,156.5749186
2019/20,15,715800,3,3,62459.02,54260,305,177.9016393
2019/20,15,715830,2,2,814,641,34,18.85294118
2019/20,15,725730,1,1,6400.94,5615,21,267.3809524
2019/20,15,725800,2,3,174424.11,144073,837,172.130227
2019/20,15,725830,2,2,16465,13589,131,103.7328244
2019/20,15,725900,1,1,152,120,11,10.90909091
2019/20,15,735830,1,1,70,55,5,11
2019/20,15,735900,1,1,56,44,4,11
2019/20,15,755930,2,3,133500.14,95969,615,156.0471545
2019/20,15,756000,2,2,145569.79,109881,483,227.4968944
2019/20,15,765930,1,1,10330.86,7653,30,255.1
2019/20,15,766000,2,2,18535.1,13792,74,186.3783784
2019/20,16,715700,2,2,66693.52,56650,318,178.1446541
2019/20,16,715730,3,4,151055.33,131714,546,241.2344322
2019/20,16,715800,2,2,107578.6,96539,929,103.9171152
2019/20,16,725700,2,2,18608.45,15968,76,210.1052632
2019/20,16,725800,3,3,106987.1,95996,554,173.2779783
2019/20,16,725830,1,1,2846,2587,12,215.5833333
2019/20,16,735800,1,1,7397,6725,21,320.2380952
2019/20,16,745930,1,1,114,104,4,26
2019/20,16,755930,1,1,48112,43738,373,117.2600536
2019/20,16,766000,1,1,1921,1745,80,21.8125
2019/20,17,715800,2,2,47974.4,41282,212,194.7264151
2019/20,17,715830,1,1,14111.1,11958,54,221.4444444
2019/20,17,725800,2,2,32175.2,27297,159,171.6792453
2019/20,17,725830,2,2,11374.3,10007,44,227.4318182
2020/21,1,715630,1,1,668.7,728,10,72.8
2020/21,1,715700,1,1,2229,2429,43,56.48837209
2020/21,1,725630,1,1,8693.1,9474,71,133.4366197
2020/21,1,725700,1,1,10699.2,11659,119,97.97478992
2020/21,1,745930,1,1,617,464,38,12.21052632
2020/21,1,755930,1,1,135948,102217,774,132.0633075
2020/21,1,756000,1,1,15168,11404,70,162.9142857
2020/21,1,765930,1,1,32336,24313,135,180.0962963
2020/21,1,766000,1,1,65511,49257,259,190.1814672
2020/21,2,675600,1,1,1466,1212,46,26.34782609
2020/21,2,715630,3,6,23227.78,20507,580,35.35689655
2020/21,2,715700,5,8,44346.16,39588,483,81.96273292
2020/21,2,715730,4,4,14233.93,12617,140,90.12142857
2020/21,2,715800,1,1,550,505,30,16.83333333
2020/21,2,725630,2,3,129569.22,117121,802,146.0361596
2020/21,2,725700,5,11,204689.93,172921,1573,109.9307057
2020/21,2,725730,5,9,208669.98,186055,1619,114.9197035
2020/21,2,725800,1,1,1289,1183,30,39.43333333
2020/21,2,725900,1,1,42,35,28,1.25
2020/21,2,735730,3,4,4609,3926,153,25.66013072
2020/21,2,735800,3,3,2087,1768,72,24.55555556
2020/21,2,735900,1,1,61,51,11,4.636363636
2020/21,2,745800,1,1,0,0,35,0
2020/21,2,745900,1,1,1696,1402,26,53.92307692
2020/21,2,745930,3,4,8135.61,6673,96,69.51041667
2020/21,2,755930,4,7,778249.87,616221,2339,263.4548953
2020/21,2,756000,4,4,45531.22,36959,134,275.8134328
2020/21,2,765930,4,8,297342.08,248659,817,304.3561812
2020/21,2,766000,4,8,1126299.22,923089,2750,335.6687273
2020/21,2,766030,1,1,425,351,2,175.5
2020/21,2,776000,1,1,16235,13417,58,231.3275862
2020/21,3,665530,1,1,0,0,30,0
2020/21,3,675530,1,1,0,0,42,0
2020/21,3,675600,1,1,0,0,65,0
2020/21,3,685600,1,1,0,0,16,0
2020/21,3,715630,1,1,10802.52,9645,148,65.16891892
2020/21,3,715700,2,2,2289.25,1979,48,41.22916667
2020/21,3,725630,2,2,25057.37,21083,251,83.99601594
2020/21,3,725700,3,4,14693.74,12204,323,37.78328173
2020/21,3,725730,1,2,1198.9,989,49,20.18367347
2020/21,3,745830,2,1,30999,25409,154,164.9935065
2020/21,3,755930,4,6,880544.86,726571,2847,255.2058307
2020/21,3,756000,1,1,974,825,2,412.5
2020/21,3,765930,2,5,260702.17,218376,630,346.6285714
2020/21,3,766000,2,4,335284.19,281909,659,427.7830046
2020/21,4,715630,3,3,66962.72,60977,261,233.6283525
2020/21,4,715700,1,1,191,191,2,95.5
2020/21,4,715730,1,1,20120,20120,161,124.9689441
2020/21,4,725630,4,5,159126.04,143841,851,169.0258519
2020/21,4,725700,6,8,103820.12,99437,720,138.1069444
2020/21,4,725730,3,5,130908.52,113325,1456,77.8331044
2020/21,4,725800,1,1,208,178,7,25.42857143
2020/21,4,735800,2,1,1430,1125,37,30.40540541
2020/21,4,735830,2,1,1993,1569,37,42.40540541
2020/21,4,745830,3,2,4889.83,4190,30,139.6666667
2020/21,4,755930,5,7,333802.47,275198,1257,218.9323787
2020/21,4,756000,5,6,66309.63,55472,276,200.9855072
2020/21,4,765930,7,12,473581.74,393398,1924,204.468815
2020/21,4,766000,7,15,1768419.89,1482860,6383,232.313959
2020/21,4,766030,3,2,32060.04,26571,263,101.0304183
2020/21,4,775930,2,1,25849,21541,65,331.4
2020/21,4,776000,2,1,37397,30907,229,134.9650655
2020/21,5,715630,1,1,318,270,22,12.27272727
2020/21,5,725630,1,1,15040.78,13195,159,82.98742138
2020/21,5,725700,2,3,24147.44,19820,163,121.595092
2020/21,5,725730,2,2,28143.2,24750,244,101.4344262
2020/21,5,735730,1,1,504,431,15,28.73333333
2020/21,5,735830,1,1,3259,2785,60,46.41666667
2020/21,5,745900,1,1,18,14,7,2
2020/21,5,745930,1,1,884,708,29,24.4137931
2020/21,5,755900,1,1,0,0,18,0
2020/21,5,755930,6,8,322588.44,259591,1280,202.8054688
2020/21,5,756000,4,6,48641.2,39660,235,168.7659574
2020/21,5,765930,5,8,200421.86,165187,745,221.7275168
2020/21,5,766000,8,14,1596981.09,1330719,5255,253.2291151
2020/21,5,766030,5,3,45238.98,37549,230,163.2565217
2020/21,5,775930,2,2,55046.2,44685,242,184.6487603
2020/21,5,776000,4,4,207276.7,166898,451,370.0620843
2020/21,5,776030,4,2,340082.11,276114,407,678.4127764
2020/21,6,665430,2,1,4344,3560,137,25.98540146
2020/21,6,665500,2,1,162,132,5,26.4
2020/21,6,665530,2,1,272,224,10,22.4
2020/21,6,665600,2,1,108,88,4,22
2020/21,6,715630,1,1,460,394,14,28.14285714
2020/21,6,715700,1,1,6,5,20,0.25
2020/21,6,715730,2,2,3034,2270,97,23.40206186
2020/21,6,725630,2,2,10442.24,8750,180,48.61111111
2020/21,6,725700,2,3,91479.34,85832,658,130.443769
2020/21,6,725730,3,6,75747.89,66464,775,85.76
2020/21,6,735700,1,1,412,332,23,14.43478261
2020/21,6,735730,1,2,992.62,856,138,6.202898551
2020/21,6,735830,2,1,604,524,41,12.7804878
2020/21,6,745830,3,4,9078.1,7350,208,35.33653846
2020/21,6,745900,2,1,139698,121477,338,359.3994083
2020/21,6,745930,5,3,4256,3588,45,79.73333333
2020/21,6,755830,3,2,0,0,67,0
2020/21,6,755900,5,4,7811.1,5979,219,27.30136986
2020/21,6,755930,6,12,441504.18,351929,1976,178.1017206
2020/21,6,756000,2,4,118937.22,101263,510,198.554902
2020/21,6,765830,1,1,0,0,39,0
2020/21,6,765900,3,5,41719.54,34848,377,92.43501326
2020/21,6,765930,5,10,330865.39,274317,1602,171.2340824
2020/21,6,766000,8,19,1326341.58,1116137,5711,195.4363509
2020/21,6,766030,1,1,3333.36,2801,20,140.05
2020/21,6,775930,2,2,43044.6,36533,175,208.76
2020/21,6,776000,5,7,147312.5,122305,695,175.9784173
2020/21,6,776030,4,5,445245.44,374754,1250,299.8032
2020/21,6,776100,1,1,11385.3,9669,23,420.3913043
2020/21,6,785930,1,1,0,0,10,0
2020/21,6,786000,2,2,9867.68,8393,21,399.6666667
2020/21,6,786030,3,3,205322.02,172295,392,439.5280612
2020/21,6,786100,1,1,34155.9,29008,57,508.9122807
2020/21,7,675530,2,1,81,70,3,23.33333333
2020/21,7,675600,2,1,268,229,10,22.9
2020/21,7,685600,2,1,241,206,9,22.88888889
2020/21,7,685630,2,1,109,94,4,23.5
2020/21,7,715630,4,5,142726.45,128040,872,146.8348624
2020/21,7,715700,3,2,71704,66309,376,176.3537234
2020/21,7,715730,3,3,169404,156496,856,182.8224299
2020/21,7,715800,2,1,1143,1058,11,96.18181818
2020/21,7,725630,5,5,87794.57,78695,472,166.7266949
2020/21,7,725700,6,9,89508.16,79453,763,104.1323722
2020/21,7,725730,6,7,142517.74,127444,1220,104.4622951
2020/21,7,725800,2,1,1054,976,24,40.66666667
2020/21,7,735700,1,1,236,204,13,15.69230769
2020/21,7,735730,3,4,688.58,580,122,4.754098361
2020/21,7,735800,4,5,7826.38,6824,201,33.95024876
2020/21,7,735830,3,3,2226,2025,168,12.05357143
2020/21,7,745800,2,2,45,41,23,1.782608696
2020/21,7,745830,3,3,2274,2095,79,26.51898734
2020/21,7,745900,3,3,284403,245166,1319,185.8726308
2020/21,7,745930,2,2,15481,13347,105,127.1142857
2020/21,7,755900,1,1,1579.06,1263,50,25.26
2020/21,7,755930,1,2,11148.02,9008,98,91.91836735
2020/21,7,756000,1,1,2488,2108,16,131.75
2020/21,7,765930,1,3,11886.44,9718,142,68.43661972
2020/21,7,766000,6,7,233894.44,193689,976,198.4518443
2020/21,7,775930,5,5,747958.5,611483,1805,338.7717452
2020/21,7,776000,6,6,904258.19,764438,2592,294.9220679
2020/21,7,776030,3,1,42600.47,35501,128,277.3515625
2020/21,8,655430,1,1,81.7,72,6,12
2020/21,8,655500,1,1,1143.8,1003,77,13.02597403
2020/21,8,655530,1,1,490.2,430,30,14.33333333
2020/21,8,665500,1,1,1593.15,1397,18,77.61111111
2020/21,8,665530,1,1,776.15,681,9,75.66666667
2020/21,8,715630,4,5,68171.27,57912,833,69.52220888
2020/21,8,715700,3,2,10917.98,8534,205,41.62926829
2020/21,8,715730,1,1,5012.02,4395,55,79.90909091
2020/21,8,715800,1,1,1108.77,888,21,42.28571429
2020/21,8,725630,3,3,25854.3,20306,241,84.25726141
2020/21,8,725700,5,6,89987.09,76782,1234,62.22204214
2020/21,8,725730,5,8,60700.54,51302,1092,46.97985348
2020/21,8,725800,1,1,1279,1195,40,29.875
2020/21,8,725830,2,1,12,9,4,2.25
2020/21,8,735700,3,3,1980.26,1756,187,9.390374332
2020/21,8,735730,5,4,666.54,581,136,4.272058824
2020/21,8,735800,4,5,2189,1810,297,6.094276094
2020/21,8,735830,5,5,36781.02,30331,349,86.90830946
2020/21,8,735900,4,2,112056.16,92834,396,234.4292929
2020/21,8,745800,3,4,0,0,97,0
2020/21,8,745830,3,3,1179,983,119,8.260504202
2020/21,8,745900,5,3,290221.82,252064,961,262.2934443
2020/21,8,745930,2,2,12825.78,9024,112,80.57142857
2020/21,8,755830,3,2,405,350,31,11.29032258
2020/21,8,755900,2,2,5352.54,4598,86,53.46511628
2020/21,8,755930,4,5,230244.63,172075,1085,158.59447
2020/21,8,765830,3,2,606,523,91,5.747252747
2020/21,8,765900,4,7,156143.16,133810,933,143.4190782
2020/21,8,765930,3,6,206891.12,175126,1486,117.8506057
2020/21,8,775830,1,1,0,0,5,0
2020/21,8,775900,1,2,0,0,135,0
2020/21,8,775930,3,3,86372.5,71611,679,105.4653903
2020/21,8,776000,6,7,449457.5,384517,2283,168.4261936
2020/21,8,776030,2,3,13088,11647,82,142.0365854
2020/21,8,785900,1,2,0,0,74,0
2020/21,8,785930,2,2,1419,1183,54,21.90740741
2020/21,8,786000,2,3,257439,203759,637,319.8728414
2020/21,8,786030,2,3,475197,395369,705,560.8070922
2020/21,9,675530,1,1,112,95,11,8.636363636
2020/21,9,685530,1,1,0,0,4,0
2020/21,9,715630,3,3,90884.87,85864,597,143.8257956
2020/21,9,715700,1,1,831,756,14,54
2020/21,9,715730,3,4,37511.56,34026,374,90.97860963
2020/21,9,715800,2,2,6077.45,5434,74,73.43243243
2020/21,9,725630,3,3,28336.13,25948,236,109.9491525
2020/21,9,725700,3,3,13061.08,11388,116,98.17241379
2020/21,9,725730,3,6,152111.91,134950,1073,125.7688723
2020/21,9,735700,1,1,689,589,52,11.32692308
2020/21,9,735730,3,3,20160,16446,212,77.5754717
2020/21,9,735800,1,1,,,13,
2020/21,9,735900,2,1,11628.36,10201,52,196.1730769
2020/21,9,745800,1,1,,,27,
2020/21,9,745830,1,1,,,26,
2020/21,9,745900,3,2,125247.04,109865,621,176.9162641
2020/21,9,755930,2,2,1880.28,1637,28,58.46428571
2020/21,9,765900,3,3,18604.6,15261,113,135.0530973
2020/21,9,765930,4,4,234157.04,200463,1247,160.7562149
2020/21,9,766000,1,1,11336.32,9369,60,156.15
2020/21,9,766030,1,1,12044.84,9954,72,138.25
2020/21,9,775900,2,2,4042,3208,98,32.73469388
2020/21,9,775930,5,7,632646.3,519430,1661,312.7212523
2020/21,9,776000,4,4,152053.14,125505,780,160.9038462
2020/21,9,776030,2,2,80272.36,70408,171,411.7426901
2020/21,9,785900,1,1,0,0,14,0
2020/21,9,786000,1,1,3450,2948,74,39.83783784
2020/21,9,786030,2,2,102858.72,89637,219,409.3013699
2020/21,10,715700,2,1,4789.64,3957,36,109.9166667
2020/21,10,715730,2,1,7184.46,5938,52,114.1923077
2020/21,10,725700,2,1,481,382,22,17.36363636
2020/21,10,725730,2,1,3327,2640,55,48
2020/21,10,735830,3,2,7540.9,6280,45,139.5555556
2020/21,10,735900,3,2,21160.9,17354,128,135.578125
2020/21,10,745830,3,1,2075,1686,9,187.3333333
2020/21,10,745900,3,2,86254.85,71108,523,135.9617591
2020/21,10,745930,3,1,16849,13698,80,171.225
2020/21,10,755900,3,1,153,125,18,6.944444444
2020/21,10,755930,3,1,91570,74447,351,212.0997151
2020/21,10,765930,3,2,48567.28,39212,350,112.0342857
2020/21,10,766000,1,1,1797.76,1650,20,82.5
2020/21,10,766030,1,1,5393.28,4948,71,69.69014085
2020/21,10,775900,1,1,8916.15,6859,14,489.9285714
2020/21,10,775930,5,4,393254.85,311752,1264,246.6392405
2020/21,10,776000,2,2,53418.96,44476,210,211.7904762
2020/21,10,776030,4,3,28962.86,24641,188,131.0691489
2020/21,10,786000,2,1,196375.24,162292,327,496.3058104
2020/21,10,786030,4,3,438828.87,375857,834,450.6678657
2020/21,11,715630,2,2,105147.36,95854,708,135.3870056
2020/21,11,715700,3,2,6335.2,5279,41,128.7560976
2020/21,11,715730,3,7,45947,39034,542,72.01845018
2020/21,11,715800,1,1,11370,9974,40,249.35
2020/21,11,725630,3,3,50113.76,45548,378,120.4973545
2020/21,11,725700,2,2,8677.48,7385,145,50.93103448
2020/21,11,725730,4,9,83826.25,70534,791,89.17067004
2020/21,11,725800,1,1,0,0,34,0
2020/21,11,735700,2,1,2842,2408,31,77.67741935
2020/21,11,735730,3,3,28087.24,22929,113,202.9115044
2020/21,11,735830,3,3,5700.34,5038,80,62.975
2020/21,11,735900,3,3,12983.72,11567,103,112.3009709
2020/21,11,745830,3,3,5350.82,4674,79,59.16455696
2020/21,11,745900,7,8,131070.63,112778,1079,104.5208526
2020/21,11,745930,4,3,47734.23,36675,208,176.3221154
2020/21,11,755900,2,2,38730.41,32968,165,199.8060606
2020/21,11,755930,4,4,312109.98,241543,1333,181.2025506
2020/21,11,756000,2,1,11269.62,8602,48,179.2083333
2020/21,11,765900,3,3,16218.11,13788,147,93.79591837
2020/21,11,765930,4,4,14868.82,12026,326,36.88957055
2020/21,11,766000,5,7,321053.57,267520,1541,173.6015574
2020/21,11,766030,1,1,14665.8,12643,72,175.5972222
2020/21,11,775900,2,2,128699.85,109847,321,342.2024922
2020/21,11,775930,6,9,442529.53,372123,1607,231.5637834
2020/21,11,776000,5,6,111365.8,91829,519,176.9344894
2020/21,11,776030,4,6,107512.09,91861,544,168.8621324
2020/21,11,776100,1,1,342,306,14,21.85714286
2020/21,11,785930,1,1,0,0,12,0
2020/21,11,786000,7,14,1281422,1042653,3245,321.3106317
2020/21,11,786030,8,16,2906484.39,2468409,6213,397.2974408
2020/21,11,786100,1,1,97,88,4,22
2020/21,12,715630,1,1,18916.15,17196,296,58.09459459
2020/21,12,725630,1,1,15476.85,14070,221,63.66515837
2020/21,12,725700,2,1,0,0,20,0
2020/21,12,725730,2,1,0,0,77,0
2020/21,12,745900,1,1,83434,65696,608,108.0526316
2020/21,12,745930,2,2,14176.04,11079,63,175.8571429
2020/21,12,755930,1,1,179277.96,140061,653,214.4885145
2020/21,12,765900,1,1,17199.15,13543,85,159.3294118
2020/21,12,775930,1,1,125281,103538,178,581.6741573
2020/21,12,776000,2,2,35902,30452,146,208.5753425
2020/21,12,776030,3,3,68820.8,57558,351,163.982906
2020/21,12,786000,4,6,167540.31,136320,383,355.926893
2020/21,12,786030,5,8,957685.74,792642,2395,330.9569937
2020/21,13,665500,1,1,46880,36341,341,106.5718475
2020/21,13,715630,2,2,70531.12,58776,411,143.0072993
2020/21,13,725630,3,3,9617.88,8015,98,81.78571429
2020/21,13,725730,1,1,3178.46,2627,28,93.82142857
2020/21,13,735730,1,1,3178.46,2627,26,101.0384615
2020/21,13,745930,2,2,48272.7,36316,151,240.5033113
2020/21,13,755900,1,1,50028.3,40023,105,381.1714286
2020/21,13,755930,2,2,231797.3,174077,886,196.4751693
2020/21,13,756000,1,2,6178.48,5135,18,285.2777778
2020/21,13,765930,1,1,3693.36,3026,19,159.2631579
2020/21,13,766000,1,2,287466.6,240511,944,254.7786017
2020/21,13,775900,2,2,155700.69,123867,509,243.3536346
2020/21,13,775930,4,4,204032.39,159542,698,228.5702006
2020/21,13,786000,10,11,677850.39,562376,1682,334.3495838
2020/21,13,786030,11,14,2395595.87,2022736,4987,405.6017646
2020/21,14,735730,2,1,0,0,30,0
2020/21,14,735800,1,1,9,7,47,0.14893617
2020/21,14,735830,1,1,46,38,18,2.111111111
2020/21,14,735900,1,1,341,280,34,8.235294118
2020/21,14,745830,1,1,0,0,14,0
2020/21,14,745900,3,2,18263,15158,394,38.47208122
2020/21,14,745930,1,1,9176,7522,89,84.51685393
2020/21,14,755900,1,1,106,87,10,8.7
2020/21,14,755930,5,6,243576.96,195361,1017,192.0953786
2020/21,14,765930,3,3,3052.2,2329,21,110.9047619
2020/21,14,766000,2,3,126802.84,102330,491,208.4114053
2020/21,14,775900,3,2,12508,9579,54,177.3888889
2020/21,14,775930,2,2,23604,17163,135,127.1333333
2020/21,14,776000,1,1,14,11,51,0.215686275
2020/21,14,786000,5,7,319664.94,264629,584,453.1318493
2020/21,14,786030,8,12,1216679.06,1020665,3166,322.3831333
2020/21,15,665500,1,1,16084.32,13516,156,86.64102564
2020/21,15,665530,1,1,60507.68,50847,223,228.0134529
2020/21,15,725730,1,1,1055.47,904,20,45.2
2020/21,15,745900,1,1,336,273,41,6.658536585
2020/21,15,745930,2,2,10716.51,9670,68,142.2058824
2020/21,15,755830,1,1,0,0,37,0
2020/21,15,755900,1,1,313,284,1,284
2020/21,15,755930,5,5,370956.42,320150,1698,188.5453475
2020/21,15,756000,3,2,6737.96,5776,27,213.9259259
2020/21,15,765900,2,2,42250,34349,241,142.526971
2020/21,15,765930,5,4,51011.25,42921,256,167.6601563
2020/21,15,766000,5,4,202739.38,170861,803,212.7783313
2020/21,15,775900,4,6,521219,419012,2266,184.9126214
2020/21,15,775930,5,5,322745,254784,1075,237.0083721
2020/21,15,776000,3,2,124425.48,103857,363,286.107438
2020/21,15,776030,1,1,15474,12581,82,153.4268293
2020/21,15,785930,1,1,13493,10969,157,69.86624204
2020/21,15,786000,2,4,157371.59,133904,658,203.5015198
2020/21,15,786030,4,10,718699.94,605128,2340,258.6017094
2020/21,15,796030,1,2,2019,1717,14,122.6428571
2020/21,16,745930,1,1,1204.2,955,15,63.66666667
2020/21,16,755930,3,5,423501.07,342654,1558,219.9319641
2020/21,16,765900,4,2,33551.58,26113,108,241.787037
2020/21,16,765930,2,2,9520.81,7862,33,238.2424242
2020/21,16,766000,1,2,43246.04,35747,163,219.3067485
2020/21,16,775900,5,5,690862.82,562807,2105,267.3667458
2020/21,16,775930,2,2,23210.48,19670,76,258.8157895
2020/21,16,786030,3,1,176601,153127,413,370.7675545
2020/21,17,745930,3,2,7687,6601,57,115.8070175
2020/21,17,755900,1,1,12209,10525,66,159.469697
2020/21,17,755930,3,5,500323.23,426084,2055,207.340146
2020/21,17,756000,2,3,5658.72,4846,23,210.6956522
2020/21,17,765900,2,2,15890.46,13419,113,118.7522124
2020/21,17,765930,2,2,20147.38,17010,124,137.1774194
2020/21,17,766000,1,2,41790.7,35867,175,204.9542857
2020/21,17,775900,3,3,197629.11,166254,869,191.3164557
2020/21,17,775930,2,2,94261.4,74597,256,291.3945313
2020/21,17,776030,2,1,72866,62049,241,257.4647303
2020/21,17,786030,2,1,73504,62591,287,218.087108
2020/21,17,786100,2,1,284,241,2,120.5
2020/21,18,755930,4,2,298640,229686,1927,119.1935651
2020/21,18,756000,2,1,360,297,25,11.88
2020/21,18,765900,3,2,21636.68,18208,112,162.5714286
2020/21,18,765930,2,1,5859,4842,34,142.4117647
2020/21,18,766000,3,4,431089.59,367231,1526,240.6494102
2020/21,18,766030,3,3,23290.27,19826,70,283.2285714
2020/21,18,775900,3,2,109380.46,92176,431,213.8654292
2020/21,18,775930,3,2,147709,125158,337,371.388724
2020/21,18,776000,2,1,9943,8356,24,348.1666667
2020/21,18,776030,2,1,5805,4877,15,325.1333333
2020/21,19,745930,1,1,16137,13227,161,82.1552795
2020/21,19,746000,1,1,41,34,19,1.789473684
2020/21,19,755930,1,1,86582,70969,641,110.7160686
2020/21,19,756000,1,1,761,624,50,12.48
2020/21,19,765930,2,2,91566.68,74474,489,152.2985685
2020/21,19,766000,2,3,102860.82,84830,521,162.8214971
2020/21,19,766030,1,1,7925.9,6661,40,166.525
2020/21,19,775900,1,1,23777.7,19981,116,172.25
2020/21,19,775930,1,1,43763.44,35010,176,198.9204545
2020/21,19,776000,2,2,75384.74,62673,346,181.1358382
2020/21,19,776030,1,1,6340.72,5328,50,106.56
2020/21,20,776030,2,1,482,389,2,194.5
2020/21,20,786030,2,1,184008,148393,681,217.9045521
2020/21,20,786100,2,1,1219,984,5,196.8
2020/21,21,755930,1,1,19312.56,16507,70,235.8142857
2020/21,21,765930,1,1,5722.24,4891,26,188.1153846
2020/21,21,766000,2,2,196258.2,156658,715,219.1020979
2020/21,22,766000,1,1,17108.1,13366,67,199.4925373
2020/21,22,776000,1,1,1900.9,1485,18,82.5
2020/21,42,635600,1,1,0,0,77,0
2020/21,42,635630,1,1,1,1,355,0.002816901
2020/21,42,645600,1,1,0,0,68,0
2020/21,42,645630,1,1,0,0,140,0
2020/21,52,725700,1,1,1274,1011,42,24.07142857
2020/21,52,735730,1,1,212,169,30,5.633333333
2020/21,52,745930,1,1,0,0,15,0
2020/21,52,755930,1,1,108260,85921,381,225.5144357
2020/21,52,756000,1,1,22643,17970,62,289.8387097
2020/21,52,765930,1,1,56988,45229,101,447.8118812
2020/21,52,766000,1,1,139151,110438,253,436.513834
2020/21,53,715630,1,1,0,0,9,0
2020/21,53,725630,1,1,8342,7130,165,43.21212121
2020/21,53,755930,3,2,185149,158135,440,359.3977273
2020/21,53,756000,2,1,1978,1455,30,48.5
2020/21,53,765930,3,2,66095,56443,205,275.3317073
2020/21,53,766000,3,2,183161,142831,384,371.9557292
2020/21,53,775930,1,1,,,2,
2021/22,2,786000,3,1,2349.24,1864,14,133.1428571
2021/22,2,786030,3,1,115112.76,91360,326,280.2453988
2021/22,3,685600,1,1,,,2,
2021/22,3,715700,1,1,1115.72,962,15,64.13333333
2021/22,3,715730,1,1,0,0,1,0
2021/22,3,715800,1,1,0,0,1,0
2021/22,3,725700,1,1,6694.32,5771,91,63.41758242
2021/22,3,725730,2,2,8669.9,7450,145,51.37931034
2021/22,3,735730,1,1,39608.06,34145,401,85.14962594
2021/22,3,735830,3,1,276,229,10,22.9
2021/22,3,735900,1,1,7,5,5,1
2021/22,3,745900,1,1,2355,1840,75,24.53333333
2021/22,3,745930,5,3,73248,60046,269,223.2193309
2021/22,3,755930,5,4,392203,309868,1390,222.9266187
2021/22,3,756000,3,2,7067,5679,76,74.72368421
2021/22,3,765900,1,1,87323,70422,384,183.390625
2021/22,3,765930,3,2,49448,39804,209,190.4497608
2021/22,3,766000,4,3,123437.14,100082,430,232.7488372
2021/22,3,775930,7,2,267,208,16,13
2021/22,3,776000,7,2,1724.86,1376,48,28.66666667
2021/22,3,786000,7,2,24287.04,18173,128,141.9765625
2021/22,3,786030,7,2,477295.96,362866,1375,263.9025455
2021/22,4,745830,2,1,9,7,2,3.5
2021/22,4,745900,4,2,15220,12275,150,81.83333333
2021/22,4,745930,4,3,149673.6,118787,557,213.2621185
2021/22,4,755900,1,1,1,1,67,0.014925373
2021/22,4,755930,5,4,254282.32,201838,1028,196.3404669
2021/22,4,765930,3,2,24481.6,20229,121,167.1818182
2021/22,4,766000,4,3,240181.48,201367,520,387.2442308
2021/22,4,775930,4,2,9927,8006,123,65.08943089
2021/22,4,776000,4,2,49566.96,39742,608,65.36513158
2021/22,4,776030,1,1,5864.04,4691,41,114.4146341
2021/22,4,786030,4,1,81492,69061,378,182.7010582
2021/22,4,786100,4,1,12093,10251,51,201
2021/22,5,665530,1,1,767,614,85,7.223529412
2021/22,5,715630,3,1,3450.8,3027,92,32.90217391
2021/22,5,725630,3,1,39684.2,34812,462,75.35064935
2021/22,5,735700,4,1,0,0,10,0
2021/22,5,735730,5,2,66953,59325,443,133.9164786
2021/22,5,745730,4,1,22718,20152,259,77.80694981
2021/22,5,745830,2,1,1349,1006,86,11.69767442
2021/22,5,745900,3,3,557,427,199,2.145728643
2021/22,5,745930,2,2,14099.93,11331,88,128.7613636
2021/22,5,755900,1,2,0,0,21,0
2021/22,5,755930,7,4,81757.96,65683,698,94.1017192
2021/22,5,765900,7,3,160260,119310,1099,108.5623294
2021/22,5,765930,1,2,2678,2137,85,25.14117647
2021/22,5,775900,1,1,1548,1238,23,53.82608696
2021/22,5,775930,5,2,66,48,29,1.655172414
2021/22,5,776000,1,1,15039.6,12328,260,47.41538462
2021/22,5,776030,1,1,18423.51,15101,270,55.92962963
2021/22,5,785930,6,2,0,0,113,0
2021/22,5,786000,6,2,11245,8751,270,32.41111111
2021/22,5,786030,4,1,53373,40434,467,86.58244111
2021/22,6,675600,1,1,0,0,85,0
2021/22,6,685600,1,1,0,0,9,0
2021/22,6,715600,2,1,70,64,4,16
2021/22,6,715630,4,2,1209.74,1085,92,11.79347826
2021/22,6,725630,4,2,11138.75,9907,229,43.26200873
2021/22,6,725700,5,3,15982.69,14492,231,62.73593074
2021/22,6,725730,4,4,7812.71,7035,130,54.11538462
2021/22,6,735630,3,1,931,854,13,65.69230769
2021/22,6,735700,7,8,216437.85,183518,1417,129.5116443
2021/22,6,735730,6,7,237757.52,213967,1309,163.4583652
2021/22,6,745730,1,1,2,2,1,2
2021/22,6,755930,1,1,7488.74,7132,130,54.86153846
2021/22,7,725630,1,1,13450,12009,123,97.63414634
2021/22,7,725700,2,2,1873.93,1699,36,47.19444444
2021/22,7,725730,2,2,2638.31,2448,46,53.2173913
2021/22,7,735700,3,3,95837.02,89843,591,152.0186125
2021/22,7,735730,5,5,189132.82,175377,916,191.459607
2021/22,7,745730,4,4,57365.92,54734,345,158.6492754
2021/22,7,775900,1,1,0,0,95,0
2021/22,8,665500,1,1,,,251,
2021/22,8,665530,1,1,1,1,507,0.001972387
2021/22,8,715700,1,1,1222.56,1112,63,17.65079365
2021/22,8,725630,1,1,3973.32,3612,69,52.34782609
2021/22,8,735700,4,4,68131.41,59275,616,96.22564935
2021/22,8,735730,4,4,87703.56,79697,647,123.179289
2021/22,8,745730,3,3,71732.15,69690,582,119.742268
2021/22,9,665430,2,2,3456.2,2567,262,9.797709924
2021/22,9,665500,3,3,11448.8,8557,1031,8.29970902
2021/22,9,665530,1,1,298.48,237,28,8.464285714
2021/22,9,675500,2,2,2746.28,2097,230,9.117391304
2021/22,9,675530,1,1,422.24,335,32,10.46875
2021/22,9,715730,1,1,577.56,467,23,20.30434783
2021/22,9,725700,2,1,3716.96,3319,75,44.25333333
2021/22,9,725730,3,2,4976.92,4262,119,35.81512605
2021/22,9,735700,5,4,43316.43,40669,660,61.61969697
2021/22,9,735730,5,4,38637.14,36601,538,68.03159851
2021/22,9,745730,5,4,63532.95,61798,696,88.79022989
2021/22,9,745930,1,1,192.52,155,10,15.5
2021/22,9,755830,1,1,1347.64,1089,49,22.2244898
2021/22,9,755930,1,1,3657.88,2955,128,23.0859375
2021/22,9,765830,1,1,2502.76,2022,82,24.65853659
2021/22,9,765930,1,1,385.04,311,16,19.4375
2021/22,9,775830,1,1,1925.2,1555,72,21.59722222
2021/22,10,665430,1,1,582,434,9,48.22222222
2021/22,10,665500,1,1,4029,3007,68,44.22058824
2021/22,10,745730,3,1,2795,2241,76,29.48684211
2021/22,10,755930,3,1,9520,7632,73,104.5479452
2021/22,10,756000,3,1,10457,8383,86,97.47674419
2021/22,10,765930,3,1,20949,16793,84,199.9166667
2021/22,10,766000,3,1,11248,9015,205,43.97560976
2021/22,11,665430,1,1,539,453,39,11.61538462
2021/22,11,665500,3,3,3128,2565,236,10.86864407
2021/22,11,665530,1,1,1,1,611,0.001636661
2021/22,11,725700,1,1,17441.43,16001,464,34.48491379
2021/22,11,725730,1,1,471.39,432,26,16.61538462
2021/22,11,735700,2,2,31888.26,28979,883,32.81879955
2021/22,11,735730,2,2,986.37,864,38,22.73684211
2021/22,11,735900,1,1,1029.96,866,36,24.05555556
2021/22,11,745730,1,1,471.39,432,25,17.28
2021/22,11,745900,1,1,1287.45,1082,33,32.78787879
2021/22,11,745930,2,2,12751.9,10462,161,64.98136646
2021/22,11,755900,3,2,33659.7,26517,161,164.7018634
2021/22,11,755930,4,3,73075.7,57818,424,136.3632075
2021/22,11,765900,1,1,371.45,297,113,2.628318584
2021/22,11,765930,2,1,0,0,87,0
2021/22,13,665530,1,1,1249.92,1016,180,5.644444444
2021/22,13,705600,1,1,486.08,395,70,5.642857143
2021/22,13,715700,1,1,134,125,22,5.681818182
2021/22,13,725700,1,1,1775,1658,20,82.9
2021/22,13,735630,1,1,2172.75,1940,40,48.5
2021/22,13,735700,2,2,6266.75,5766,157,36.72611465
2021/22,13,735730,2,2,2201.75,1966,45,43.68888889
2021/22,13,745730,1,1,2172.75,1940,40,48.5
2021/22,17,725700,2,1,3771.92,3308,151,21.90728477
2021/22,17,745900,3,1,268,214,15,14.26666667
2021/22,17,745930,5,3,16228.5,13206,67,197.1044776
2021/22,17,746000,2,1,7543.84,6617,57,116.0877193
2021/22,17,755900,3,1,99436,79484,434,183.1428571
2021/22,17,755930,5,3,308007.94,253959,1516,167.5191293
2021/22,17,756000,2,1,50920.92,44667,330,135.3545455
2021/22,17,765930,2,1,8894.88,6950,33,210.6060606
2021/22,18,745930,3,2,12343.98,10445,80,130.5625
2021/22,18,755900,3,2,108508.14,86290,485,177.9175258
2021/22,18,755930,3,2,270814.5,214188,1349,158.7753892
2021/22,18,756000,2,1,1887.38,1627,14,116.2142857
2021/22,19,715800,1,1,24,20,8,2.5
2021/22,19,725800,1,1,26,22,9,2.444444444
2021/22,19,745900,1,1,0,0,9,0
2021/22,19,745930,1,1,4045,3371,45,74.91111111
2021/22,19,746000,2,2,4634,3918,82,47.7804878
2021/22,19,755930,2,4,155800.52,129711,968,133.9989669
2021/22,19,756000,2,3,84694.16,71442,1215,58.8
2021/22,19,765930,2,3,2100.72,1754,31,56.58064516
2021/22,19,766000,2,3,7282.6,6092,307,19.84364821
2021/22,19,775930,1,1,15,13,15,0.866666667
2021/22,19,776000,1,1,0,0,16,0
2021/22,20,735930,1,1,0,0,16,0
2021/22,20,745930,1,1,31817,25659,458,56.02401747
2021/22,20,746000,1,1,4632,3735,35,106.7142857
2021/22,20,755930,2,2,71757.81,56129,680,82.54264706
2021/22,20,756000,1,1,10317,8321,49,169.8163265
2021/22,20,756030,1,1,697.19,545,25,21.8
2021/22,20,765930,1,1,47,38,28,1.357142857
2021/22,20,766000,1,1,3494,2818,131,21.51145038
2021/22,20,766030,1,1,94,76,98,0.775510204
2021/22,20,775930,1,1,26,21,13,1.615384615
2021/22,20,776000,1,1,102,83,12,6.916666667
2021/22,20,776030,1,1,579,467,35,13.34285714
2022/23,4,665530,2,1,12,10,610,0.016393443
2022/23,45,635504,1,1,,,27,
2022/23,45,635530,1,1,1,1,319,0.003134796
2022/23,45,635600,1,1,,,29,
2022/23,45,635630,1,1,,,22,
2022/23,45,635700,1,1,,,18,
2022/23,45,645501,1,1,1,1,527,0.001897533
2022/23,45,645530,1,1,,,247,
2024/25,1,745930,2,1,1568,1264,7,180.5714286
2024/25,1,755930,4,2,35614,28009,184,152.2228261
2024/25,1,765930,4,2,50594,39617,186,212.9946237
2024/25,1,766000,4,2,152357,118081,572,206.4353147
2024/25,1,766030,2,1,532,429,3,143
2024/25,1,776000,4,2,4607,3265,23,141.9565217
2024/25,1,776030,2,1,11412,8036,31,259.2258065
2024/25,1,786000,4,2,160398,119001,279,426.5268817
2024/25,1,786030,4,2,57808,41448,86,481.9534884
2024/25,2,725700,1,1,35003.34,27781,174,159.6609195
2024/25,2,725730,1,1,7683.66,6098,49,124.4489796
2024/25,2,735730,1,1,1727,1216,93,13.07526882
2024/25,2,735800,1,1,836,589,9,65.44444444
2024/25,2,735830,1,1,,,46,
2024/25,2,745800,1,1,1388,978,15,65.2
2024/25,2,745830,2,2,22331,15726,198,79.42424242
2024/25,2,745900,3,2,47617,37295,439,84.95444191
2024/25,2,745930,4,3,1221,901,127,7.094488189
2024/25,2,755900,2,1,1354,996,24,41.5
2024/25,2,755930,4,3,59775,45018,499,90.21643287
2024/25,2,765930,1,1,656,462,15,30.8
2024/25,2,775930,1,1,831,585,19,30.78947368
2024/25,2,786000,2,1,80882,59472,160,371.7
2024/25,2,786030,4,3,196410,139108,453,307.0816777
2024/25,3,776030,1,1,113,80,30,2.666666667
2024/25,3,786000,3,2,167057,121279,320,378.996875
2024/25,3,786030,3,2,291698,211009,763,276.5517693
2024/25,4,725700,2,1,155630,124504,619,201.1373183
2024/25,4,725730,2,1,7450,5960,15,397.3333333
2024/25,4,755930,1,1,2702,1916,16,119.75
2024/25,4,765930,1,1,6954,4932,30,164.4
2024/25,4,766000,1,1,4787,3395,31,109.516129
2024/25,4,775930,1,1,,,20,
2024/25,4,776000,1,1,110,81,40,2.025
2024/25,4,776030,1,1,2366,1678,9,186.4444444
2024/25,4,776100,1,1,1354,960,6,160
2024/25,4,786000,5,5,473536.3,335413,1134,295.7786596
2024/25,4,786030,5,5,451818.7,317749,1129,281.4428698
2024/25,5,665430,1,1,141,99,15,6.6
2024/25,5,665500,1,1,932,656,168,3.904761905
2024/25,5,665530,1,1,2448,1724,240,7.183333333
2024/25,5,665600,1,1,16,13,843,0.015421115
2024/25,5,665630,1,1,1,1,108,0.009259259
2024/25,5,675530,1,1,79,66,253,0.260869565
2024/25,5,675600,2,2,65,54,480,0.1125
2024/25,5,685600,2,2,1134,816,345,2.365217391
2024/25,5,685630,2,2,4494,3165,234,13.52564103
2024/25,5,786000,1,1,210765,154974,468,331.1410256
2024/25,5,786030,1,1,38805,28533,89,320.5955056
2024/25,6,786000,4,3,193260,139393,672,207.4300595
2024/25,6,786030,3,2,34839,24885,155,160.5483871
2024/25,7,645501,1,1,2,1,149,0.006711409
2024/25,7,645530,1,1,,,62,
2024/25,7,655500,1,1,1,1,148,0.006756757
2024/25,7,655530,1,1,,,37,
2024/25,7,665530,1,1,5304,3900,32,121.875
2024/25,7,685600,1,1,5118,3763,30,125.4333333
2024/25,7,685630,1,1,18588,13668,85,160.8
2024/25,7,786000,6,5,471358,350981,1396,251.4190544
2024/25,7,786030,6,4,281885,210389,701,300.1269615
2024/25,8,665500,1,1,43,36,289,0.124567474
2024/25,8,665530,1,1,73,61,460,0.132608696
2024/25,8,665600,1,1,24,20,241,0.082987552
2024/25,8,685600,2,1,34540,26775,204,131.25
2024/25,8,685630,2,1,7778,6030,46,131.0869565
2024/25,8,786000,1,1,45086,33647,140,240.3357143
2024/25,8,786030,1,2,135065,98960,437,226.4530892
2024/25,9,675600,5,1,1716,1271,36,35.30555556
2024/25,9,685600,2,1,6683,4808,29,165.7931034
2024/25,9,685630,2,1,9110,6553,32,204.78125
2024/25,9,786000,5,1,40540,30031,90,333.6777778
2024/25,9,786030,5,1,61830,45799,157,291.7133758
2024/25,10,665600,1,1,4,3,371,0.008086253
2024/25,11,675600,3,3,124445,91137,415,219.6072289
2024/25,11,685600,3,2,163977,122410,703,174.1251778
2024/25,11,685630,1,1,30740,23465,254,92.38188976
2024/25,11,786000,1,1,3236,2470,7,352.8571429
2024/25,11,786030,1,1,33078,25251,83,304.2289157
2024/25,13,675530,3,2,20479,15398,140,109.9857143
2024/25,13,675600,3,2,76326,57388,369,155.5230352
2024/25,13,675630,2,1,6577,4945,38,130.1315789
2024/25,13,685530,3,2,24494,18418,145,127.0206897
2024/25,13,685600,2,1,43199,32481,145,224.0068966
2024/25,14,675600,2,1,4499,3213,51,63
2024/25,14,685600,2,1,36005,25717,201,127.9452736
2024/25,15,675530,2,1,17728,12485,83,150.4216867
2024/25,15,685530,2,1,34830,24528,191,128.4188482
